"theta","design","n1","n2","true_lnM","delta_mean","safe_mean","delta_bias","safe_bias","mean_var_delta","mean_var_safe","Var_MC_SAFEpt","relbias_delta","relbias_safe","rmse_delta","rmse_safe","cover_delta","cover_safe","delta_fail_prop","safe_fail_prop","delta_cap_rate","delta_cap_n","maxVar","boot_keep","boot_tried","boot_accept_prop","SAFE_ok_rate","mcse_bias_delta","mcse_bias_safe","mcse_varbar_delta","mcse_varbar_safe","mcse_cover_delta","mcse_cover_safe"
0.2,"indep",5,5,NA,-0.751327315085438,-0.890302787653001,NA,NA,5.84506597778457,0.495680973727631,1.52965237935503,282.117274269144,-67.5951882651514,NA,NA,NA,NA,0.63064,0,0.170673597574182,6304,20,10148100646,21054660670,0.481988325770534,1,NA,NA,0.038319823647936,0.00018502967757147,NA,NA
0.3,"indep",5,5,NA,-0.69944848955134,-0.872382204141179,NA,NA,5.40821906122541,0.491355474945562,1.45859954796405,270.781621917704,-66.3132025763063,NA,NA,NA,NA,0.60319,0,0.153675562611829,6098,20,10150937023,20669455600,0.491108097834952,1,NA,NA,0.0358642244722038,0.00020178769828345,NA,NA
0.4,"indep",5,5,NA,-0.664928602192463,-0.864307071543672,NA,NA,5.12769660406794,0.486955378637465,1.46851293858854,249.17612704158,-66.840239139772,NA,NA,NA,NA,0.57032,0,0.142710854589462,6132,20,10153476128,20209187776,0.502418812697562,1,NA,NA,0.0338073462871289,0.000215354400368653,NA,NA
0.5,"indep",5,5,NA,-0.610043982501604,-0.841904330914404,NA,NA,4.75197658550634,0.480032084310539,1.41620930751229,235.541968288124,-66.1044393816502,NA,NA,NA,NA,0.52702,0,0.13097805404034,6195,20,10157923056,19598477600,0.51830163869463,1,NA,NA,0.0313779106205589,0.000237725269862749,NA,NA
0.6,"indep",5,5,NA,-0.555139877993186,-0.814505480567257,NA,NA,4.33632883614643,0.471622841474305,1.36919346865788,216.70680115039,-65.5546968145704,NA,NA,NA,NA,0.47345,0,0.117025923464058,6162,20,10163050407,18851721938,0.539104620809944,1,NA,NA,0.0286831694163184,0.000259325098056678,NA,NA
0.7,"indep",5,5,-1.55054639460591,-0.497583730404037,-0.775531545452315,1.05296266420187,0.775014849153594,3.94134041636085,0.462591113528053,1.30100389220482,202.94608955254,-64.4435257803806,1.26636029911841,1.16594299847821,0.65571659735876,0.580289875245768,0.42527,0,0.104170654046248,5987,20,10168299343,18147096566,0.560326513170768,1,0.00293458882596299,0.00275460096405681,0.0263427022587629,0.000279844616652321,0.00198191122757406,0.00205856832448851
0.8,"indep",5,5,-1.06013176810005,-0.440068504381527,-0.729405038448287,0.620063263718518,0.330726729651759,3.57310884634476,0.451777493989087,1.23757886837067,188.717667832268,-63.4950542922671,0.931905038085764,0.944921685971244,0.755109175857356,0.707402345612307,0.37074,0,0.0915043066459015,5758,20,10173770198,17345714433,0.586529326151279,1,0.00277330067730566,0.00279911532088117,0.0241147015233755,0.000300851484497383,0.00171425753576266,0.00181365052076272
0.9,"indep",5,5,-0.792372649921864,-0.379795893645001,-0.67148206583023,0.412576756276864,0.120890584091635,3.18344242969684,0.440325012912056,1.15450176972187,175.741667374296,-61.8601699486235,0.797682852967601,0.8955215715549,0.806306968538665,0.759026756836225,0.3198,0,0.0788003528374008,5360,20,10179983045,16576728133,0.614112927673241,1,0.00261766668299043,0.00280597973143142,0.02192406236909,0.000319862965513503,0.00151526604342859,0.0016398141906546
1,"indep",5,5,-0.601986402162968,-0.318087687380065,-0.60611485893595,0.283898714782903,-0.00412845677298201,2.85018812072883,0.427159648048278,1.09618580553642,160.009581070437,-61.0321857945197,0.733038108782566,0.895369915127785,0.833664887705964,0.780776248816694,0.27111,0,0.0685014199673476,4993,20,10185436775,15824454864,0.643651668416803,1,0.00250328066128213,0.00283139233866164,0.0200650786902779,0.000339912778426454,0.00137929361889774,0.00153241397254425
1.2,"indep",5,5,-0.326963233703332,-0.200582966032888,-0.461854698193326,0.126380267670444,-0.134891464489994,2.24390879645624,0.399377060603527,0.967656058729674,131.891153495387,-58.7273745665558,0.667596330016228,0.904794790949768,0.871444990585186,0.814026850561221,0.18214,0,0.0512068080111511,4188,20,10198182251,14431040900,0.706683760490208,1,0.00229219922065252,0.00282925062728047,0.0168109894447948,0.00036832572368573,0.00117037492087892,0.00136052023048699
1.4,"indep",5,5,-0.12423067964925,-0.0700208064547481,-0.285234984683806,0.0542098731945017,-0.161004305034556,1.6514500358373,0.368583120656703,0.789723810291386,109.117417294023,-53.3275917664549,0.62198672830286,0.861876671161274,0.889900699616339,0.842383209207854,0.1138,0,0.0337846987136087,2994,20,10207916629,13237466629,0.771138233250537,1,0.00208143048876326,0.00267752904599403,0.0135751168704819,0.000387270312832321,0.00105147071366104,0.00122402480332976
1.6,"indep",5,5,0.0384805205680643,0.0539448725868065,-0.112702061527417,0.0154643520187422,-0.151182582095481,1.214078773834,0.337089985820264,0.645299650098914,88.1418614821661,-47.7622549820702,0.587379651737176,0.803469730475297,0.902900998353892,0.866729375547812,0.06446,0,0.0221369476452103,2071,20,10216149417,12300094386,0.830574879866617,1,0.00191972698997773,0.00249542313405484,0.0110271918962592,0.000394040503639262,0.000968046609986949,0.00111116305695625
1.8,"indep",5,5,0.175328435806585,0.175993459326971,0.051411466033432,0.000665023520386387,-0.123916969773153,0.869559740908674,0.306126265904863,0.522868617630983,66.3055902739929,-41.4525455186311,0.554776609522573,0.732650808111376,0.908979828521725,0.888197407115934,0.03428,0,0.0141138218117053,1363,20,10222158127,11629136181,0.879012677115368,1,0.00178523118962238,0.00228347762305337,0.00879897552833705,0.000390924234754637,0.000925593582249083,0.00101403997406923
2,"indep",5,5,0.29389333245106,0.29373470371554,0.203478839593015,-0.000158628735519528,-0.0904144928580449,0.588568237294261,0.276967363763125,0.392614053097316,49.9101299739707,-29.4555654393569,0.510615140114022,0.637089190902447,0.916233297035446,0.911266931946551,0.01739,0,0.00755131740975565,742,20,10225304327,11144946931,0.917483447010233,1,0.00162894074660167,0.00199427138013936,0.00656311046996406,0.00037592314354273,0.000883788114010264,0.000907141351907808
2.5,"indep",5,5,0.53664724034191,0.558893049373459,0.507797640480555,0.0222458090315495,-0.028849599861355,0.243250585036997,0.212586539158569,0.204047235025289,19.2128798054279,4.18496439425955,0.425678347679168,0.454894635901639,0.921033646620308,0.942676499468948,0.00198,0,0.00132261878519469,132,20,10215110694,10497429603,0.973105901189438,1,0.00134561325794729,0.0014356144724432,0.00278334076057454,0.000310029530659047,0.000853668324562068,0.000735830981749145
3,"indep",5,5,0.729307511349758,0.765645423568245,0.717401992034077,0.0363379122184867,-0.0119055193156814,0.141329321006494,0.168092994163981,0.130636165923791,8.18544773347076,28.6726328618986,0.371584661134085,0.361952866817742,0.924148622293344,0.956513477021553,0.00015,0,8.001200180027e-05,8,20,10185283619,10264897621,0.992244052991125,1,0.00116951528755232,0.00114398184033601,0.000835777447906785,0.000230937489824621,0.000837307962914659,0.000644993686407273
4,"indep",5,5,1.02706186684777,1.07834596328728,1.01836802783582,0.0512840964395074,-0.00869383901195664,0.096107352561985,0.122126147219399,0.0964169408795844,-0.321093279640605,26.6646152691391,0.324812979998373,0.310630905653223,0.92724,0.96442,0,0,0,0,20,10094363265,10099260432,0.999515096473353,1,0.00101427038886201,0.0009819212844194,8.04896516189083e-05,0.000113835956772426,0.000821376785647123,0.000585782072105318
5,"indep",5,5,1.25479963118919,1.31025500368133,1.24343300484971,0.0554553724921472,-0.0113666263394805,0.0825135114638088,0.104950799095205,0.0859401667690097,-3.98725698823826,22.1207766297363,0.303696085010178,0.293374347143174,0.93103,0.96798,0,0,0,0,20,10026758833,10027014867,0.999974465580894,1,0.000944229343334125,0.000927039194257771,4.00226650641936e-05,6.79033070986363e-05,0.000801331012129195,0.000556729014871688
0.2,"indep",10,10,NA,-1.13484381753421,-1.28699055476948,NA,NA,5.86661414914711,0.448014557192308,1.4301630944357,310.205952871542,-68.6738834937507,NA,NA,NA,NA,0.62195,0,0.168972358153683,6388,20,10146565732,21761784487,0.466256144483984,1,NA,NA,0.0377553445767659,0.000170194874525389,NA,NA
0.3,"indep",10,10,NA,-1.06399980724848,-1.26051531856526,NA,NA,5.26992942494247,0.440860425720087,1.40456642043352,275.199730555704,-68.6123476037528,NA,NA,NA,NA,0.57217,0,0.148961035925484,6373,20,10152127094,20986473076,0.483746223447613,1,NA,NA,0.0343243368641643,0.000194459773600419,NA,NA
0.4,"indep",10,10,NA,-0.975187764640942,-1.21331801731909,NA,NA,4.56094296016163,0.430337805910157,1.28832675475975,254.020666209962,-66.5971536863403,NA,NA,NA,NA,0.50409,0,0.123348994777278,6117,20,10157976844,19947932735,0.509224538649919,1,NA,NA,0.0300483777588245,0.000224754807432955,NA,NA
0.5,"indep",10,10,-1.84443972705697,-0.891081248246635,-1.153466378734,0.953358478810334,0.690973348322968,3.9162865832331,0.417225314497535,1.20359773587755,225.381684136995,-65.3351529285376,1.16231515939315,1.08260374736224,0.685147028008661,0.574352168750437,0.42732,0,0.102168750436544,5851,20,10166434183,18755698926,0.542045072439653,1,0.00277843506488985,0.00263551446902996,0.0262413400567546,0.000253750498962904,0.00194084020218828,0.00206613329836929
0.6,"indep",10,10,-1.26286432215413,-0.815142057137966,-1.08607225894865,0.447722265016162,0.176792063205474,3.47369230217972,0.40232471095739,1.14553929589442,203.236415776335,-64.8790126712101,0.798078456847523,0.879884621355441,0.800921844307302,0.72358591248666,0.35347,0,0.0883795028846303,5714,20,10174345529,17604180198,0.577950544391491,1,0.00259829349206685,0.00272570897708245,0.0235074887677264,0.000283125258549638,0.00157040812264623,0.00175885807622057
0.7,"indep",10,10,-0.965510768280782,-0.724409125744077,-0.985527706901085,0.241101642536705,-0.0200169386203032,2.87924590432954,0.383999827595332,1.04854481951143,174.594452306876,-63.3778336939135,0.68837939425564,0.873677861509006,0.850591900311526,0.775977847005884,0.27775,0,0.0697680858428522,5039,20,10183476414,16345432062,0.623016655379495,1,0.00239920935576967,0.00276210057213489,0.0203334421742337,0.000309350022016191,0.00132648980717088,0.00155140922533396
0.8,"indep",10,10,-0.757063866314888,-0.641652410952541,-0.881319219298544,0.115411455362347,-0.124255352983656,2.44198430195445,0.364793308701416,0.954003522897525,155.972252024562,-61.7618488877844,0.639843544655867,0.88272574129857,0.878660981676057,0.80149484797726,0.21196,0,0.0573574945434242,4520,20,10192495284,15255422274,0.668122789453766,1,0.00224191972384886,0.00276364429573672,0.0179663528985658,0.000331541426437141,0.00116315282012812,0.00142089546400789
0.9,"indep",10,10,-0.593721751187363,-0.548266947947611,-0.755075548871387,0.0454548032397515,-0.161353797684024,1.99809121755836,0.343131990207225,0.833648095067487,139.680415439156,-58.839707997,0.6076412612928,0.865578432660412,0.894703776581873,0.821910338778123,0.15638,0,0.0442497807069534,3733,20,10201414901,14254147099,0.715680484433592,1,0.00208620923648935,0.00268923447665292,0.0156573199748431,0.000350691685637846,0.00105675083375818,0.00131721947173484
1,"indep",10,10,-0.458145365937078,-0.456013116710568,-0.622816930839041,0.00213224922650995,-0.164671564901964,1.58583511425825,0.319855403662521,0.723834122645723,119.088195022056,-55.8109525849098,0.581783400916147,0.835594035644187,0.906924420166562,0.840635354168532,0.10664,0,0.0328646906062506,2936,20,10210504901,13328030766,0.766092536869524,1,0.00194646943453588,0.00259057402749018,0.0133787444513114,0.000362289750952646,0.000972053507433617,0.00122457831568671
1.2,"indep",10,10,-0.2390179004715,-0.276246949257568,-0.369676374766787,-0.0372290487860681,-0.130658474295287,0.971249100157986,0.273961157594862,0.523395810363921,85.5668465291438,-47.6569830766558,0.530048764373718,0.734448260269996,0.921148457914013,0.875163967972464,0.04707,0,0.0173360057926605,1652,20,10223950386,12019982429,0.85057947849684,1,0.0017128278464665,0.00228549301811838,0.00975819802393791,0.000368752988319602,0.000873050590671491,0.00107074040799082
1.4,"indep",10,10,-0.0639166857549427,-0.103537444584409,-0.142022774307017,-0.0396207588294658,-0.0781060885520743,0.537738627104162,0.229101328285151,0.33844984740661,58.8828097352126,-32.3086330099859,0.466741770621803,0.594253371919366,0.92803720248695,0.90471441799884,0.01727,0,0.00719424460431655,707,20,10235139213,11195344348,0.914231746237307,1,0.00148351298249179,0.00186290090817635,0.00639779025919876,0.000353537299864223,0.000824365114622377,0.000936595882566459
1.6,"indep",10,10,0.0827572192387867,0.0562063614728879,0.0470648274058568,-0.0265508577658988,-0.0356923918329299,0.298038634707219,0.187419168951159,0.215641008449788,38.2105550561905,-13.0874176955077,0.406384609794509,0.471129538403904,0.933171153420857,0.9262248939464,0.00522,0,0.0027644303263033,275,20,10237605760,10711963949,0.955716972979144,1,0.00128572183696757,0.0014855682482974,0.00398908785072144,0.000317674037823565,0.000791770128324454,0.000828799772631032
1.8,"indep",10,10,0.209355167429093,0.195296509805568,0.196251327625585,-0.0140586576235245,-0.0131038398035077,0.1742803460322,0.152887744484954,0.138045909798465,26.2481056386485,10.7513759068675,0.35512983720167,0.374646608368161,0.936569144940455,0.940715738023457,0.00159,0,0.000781242175058343,78,20,10231223062,10457606463,0.978352273840007,1,0.00112303761992211,0.00118401761997824,0.00217213544602904,0.000272640603763349,0.000771375329199871,0.0007473851296288
2,"indep",10,10,0.320926943086197,0.316120750135255,0.317431375168274,-0.00480619295094187,-0.00349556791792349,0.118344741003763,0.125422366339497,0.0995525659217762,18.8766355824047,25.9860709547639,0.319477893569628,0.316452735357989,0.937778844807235,0.948232399015665,0.00034,0,0.000200068023127863,20,20,10215461264,10318357847,0.990027814064433,1,0.00101034030184091,0.00100065536540632,0.00113797519474176,0.00022487569420972,0.000763999533239348,0.000700745402929852
2.5,"indep",10,10,0.553455545741402,0.563201490978911,0.554206686219996,0.00974594523750882,0.000751140478593593,0.0704072128730126,0.0819542919416818,0.0630239668173318,11.7149815039101,30.0367083830466,0.263366064134602,0.251045614958083,0.94253,0.95751,0,0,0,0,20,10141739603,10152850924,0.998905595966771,1,0.000832270346480687,0.000793876355721291,0.000104261522417424,0.000119463021049094,0.000735983689357312,0.000637844807927446
3,"indep",10,10,0.740802270462108,0.756334548715976,0.739400676593632,0.0155322782538683,-0.00140159386847594,0.0549604279608218,0.06208499250709,0.051830192532313,6.03940536504344,19.7853788954841,0.235577876155443,0.22766562914889,0.94366,0.96155,0,0,0,0,20,10060263142,10061236678,0.999903238932633,1,0.000743345388285417,0.000719931889363938,4.75568007291263e-05,6.11080213899712e-05,0.000729148849001354,0.00060804274109638
4,"indep",10,10,1.03343137973649,1.05459683170233,1.03072678407424,0.0211654519658384,-0.00270459566224979,0.0420382958935621,0.0469265661455302,0.0420043883019499,0.080723926672599,11.718246694124,0.20903852282543,0.204966541405575,0.94241,0.96261,0,0,0,0,20,10002435283,10002438427,0.999999685676645,1,0.000657643977876489,0.000648107925441048,1.96538403480571e-05,2.43047264283722e-05,0.000736704770583169,0.000599933228784671
5,"indep",10,10,1.2588482363055,1.28195747174908,1.25536319749922,0.0231092354435876,-0.00348503880627393,0.0366472613331922,0.0411428475185707,0.037052715691973,-1.09426354103573,11.0386829958694,0.195483081611074,0.192521403122607,0.94228,0.96142,0,0,0,0,20,10000009998,10000010000,0.9999999998,1,0.000613840168391796,0.000608709419115337,1.10730109949066e-05,1.59876109432881e-05,0.000737484925947643,0.000609028600313647
0.2,"indep",20,20,NA,-1.44624994499508,-1.63399597893809,NA,NA,5.45937297444933,0.426238885891509,1.38251721664069,294.886436764585,-69.1693614545209,NA,NA,NA,NA,0.58389,0,0.155391603181851,6466,20,10150118481,21511674045,0.471842333598357,1,NA,NA,0.0352480269500818,0.000181679629465647,NA,NA
0.3,"indep",20,20,NA,-1.33370915354941,-1.57342961507124,NA,NA,4.5612194721456,0.412258628231236,1.27560369065395,257.573398820072,-67.6812922969916,NA,NA,NA,NA,0.49175,0,0.123836694540089,6294,20,10157990378,20041774282,0.506840873221646,1,NA,NA,0.0297886601919727,0.00022065407157517,NA,NA
0.4,"indep",20,20,-1.75327894865999,-1.21221854889014,-1.47455443815946,0.541060399769849,0.278724510500532,3.66712981430351,0.392277304458678,1.15568281229247,217.312827992069,-66.0566636203114,0.848292139679965,0.891416511470937,0.781962916221726,0.688137074070479,0.38194,0,0.0944406691906935,5837,20,10170170107,18253307066,0.557168630880249,1,0.00262801272880055,0.00267757952935368,0.0246441938842213,0.000262472639630741,0.00166089792449828,0.0018633911738199
0.5,"indep",20,20,-1.29513358272291,-1.08662084915986,-1.33548923439414,0.208512733563052,-0.0403556516712229,2.8566574012163,0.367383946188747,1.00305978469559,184.794330786897,-63.3736740527147,0.660821245129198,0.859211720414742,0.860332273471804,0.779080811000537,0.27349,0,0.0696067500791455,5057,20,10183318660,16453496992,0.618915156148953,1,0.00232644558130106,0.0027140810012082,0.0202262638462766,0.000298768805298819,0.00128605736569063,0.00153917207605436
0.6,"indep",20,20,-1.02011041426328,-0.960507419087622,-1.16977811874338,0.0596029951756548,-0.149667704480104,2.18724100846699,0.338310101683111,0.865510423016654,152.711111305115,-60.9120707635197,0.606252008043404,0.866029610684292,0.892843180374334,0.81283291794947,0.18148,0,0.0503591848702536,4122,20,10196572462,14843863827,0.686921719360771,1,0.00210878412206058,0.00269743237349716,0.0166914117686809,0.000330800375014042,0.00108114228318138,0.00136332917521931
0.7,"indep",20,20,-0.817377860209195,-0.833928109678545,-0.987791045317325,-0.0165502494693497,-0.17041318510813,1.60574062267457,0.307093491360143,0.712998613449182,125.209501447231,-56.9293003425973,0.569636257033399,0.830697843044246,0.914253271574403,0.842615910419571,0.11052,0,0.0337837837837838,3005,20,10209661845,13491616072,0.756741208059482,1,0.00190918754240417,0.00257104037896781,0.0135635626512122,0.00034928936223781,0.000938801872910516,0.00122103228458108
0.8,"indep",20,20,-0.654666659991881,-0.699178465746703,-0.795048831156821,-0.0445118057548216,-0.14038217116494,1.09708828712448,0.27327745774945,0.546830138422939,100.626887590448,-50.0251653031444,0.527495355815715,0.748467411105488,0.922791332828353,0.86652512989022,0.06267,0,0.0201849935454963,1892,20,10221374006,12432996545,0.822116693188545,1,0.00171681287224588,0.00232486927917063,0.0105544595925907,0.000357935832407943,0.000871843476918773,0.00111082098577905
0.9,"indep",20,20,-0.51781874475336,-0.572288140583181,-0.621349045387279,-0.054469395829821,-0.103530300633918,0.744201569994008,0.239897777029223,0.413316311246483,80.0561820920248,-41.9578249148366,0.485781492375097,0.658021511484648,0.930667466564611,0.888279771201605,0.03321,0,0.0120708737161121,1167,20,10230999857,11680535719,0.875901594167284,1,0.00155249330250194,0.0020549404108326,0.00819997861801052,0.000354623727344739,0.000816957993211741,0.00101315226441688
1,"indep",20,20,-0.399253848108886,-0.450983018414056,-0.466207714151299,-0.0517291703051708,-0.0669538660424137,0.493776063956727,0.207406825869079,0.304145913635445,62.3484129885684,-31.8068017452702,0.443032375514765,0.564560874591659,0.934719638991371,0.905245398461241,0.01609,0,0.00700267300871015,689,20,10238144559,11149677129,0.918245832641276,1,0.00140274649179162,0.00177270782543178,0.00623836415500206,0.000340370064929579,0.000787506723269563,0.000933696284274386
1.2,"indep",20,20,-0.200238783298563,-0.235624512850945,-0.217794174852772,-0.0353857295523825,-0.0175553915542093,0.200725896471675,0.150728849592357,0.148202737987367,35.4400729686822,1.7044972578071,0.354577127527549,0.389682505602774,0.941053792550258,0.933223041058806,0.00265,0,0.0012934275830952,129,20,10243156479,10559612046,0.970031515777147,1,0.00111716055336044,0.00123103931236181,0.00282474145816549,0.000284178414760837,0.000745781082316118,0.000790464279057084
1.4,"indep",20,20,-0.0362853464174178,-0.0578397453332875,-0.0380669963018673,-0.0215543989158697,-0.00178164988444952,0.105159353471095,0.108018724220282,0.0847658436524208,24.058640768441,27.431898941759,0.294588232053245,0.292493231929676,0.945155868582176,0.946296370402977,0.00044,0,0.000240105646484453,24,20,10228765765,10331425452,0.990063356941696,1,0.000929281952769343,0.000924932278321371,0.00125918491923342,0.000215719938599979,0.000720132422946904,0.000713035203969768
1.6,"indep",20,20,0.103507084692163,0.0918761543316313,0.105582468054362,-0.011630930360532,0.00207538336219894,0.0687196457209724,0.0784211926865002,0.0574877164582787,19.5379638550179,36.4138245835765,0.25202626854779,0.239860940339852,0.947878957579152,0.952539050781016,2e-05,0,5.00010000200004e-05,5,20,10189297232,10216471085,0.997340191855493,1,0.000796139830764432,0.000758482292344426,0.00051695192919456,0.000148220051116961,0.000702889944915716,0.000672378700617825
1.8,"indep",20,20,0.225537809680109,0.220060444849168,0.227166536571753,-0.00547736483094094,0.00162872689164464,0.0526864009014848,0.0597928331559726,0.046518487221963,13.2590590276325,28.5356354575139,0.226653049319608,0.215686519718731,0.94996,0.95593,0,0,0,0,20,10134273337,10141413766,0.999295913847442,1,0.000716534134996734,0.000682044626266955,8.86246949969804e-05,9.92928679019702e-05,0.000689463547984953,0.000649059589714227
2,"indep",20,20,0.333914686287828,0.333641796937751,0.33576046261124,-0.00027288935007691,0.00184577632341265,0.0433903023850715,0.0478171396265514,0.0393730887073571,10.2029426941145,21.4462497010464,0.206348429454527,0.198434124753546,0.94952,0.95674,0,0,0,0,20,10078727301,10080152117,0.999858651339438,1,0.000652533720737935,0.000627479790171421,4.8554914193971e-05,6.30980362100041e-05,0.000692327737419208,0.00064333950912407
2.5,"indep",20,20,0.561652450629241,0.566270608418529,0.561629598639542,0.00461815778928809,-2.28519896986468e-05,0.0312903907454617,0.0332442188719614,0.0300115807898958,4.26105497247409,10.7713022672701,0.176966187179415,0.17323764370454,0.94698,0.95915,0,0,0,0,20,10008084024,10008110683,0.999997336260475,1,0.000559428431379948,0.000547828264969012,2.24707549267856e-05,2.59648513176438e-05,0.000708582243638662,0.000625949498761682
3,"indep",20,20,0.746452048089074,0.753487731363715,0.74569699577988,0.00703568327464066,-0.000755052309194371,0.0253543075341892,0.0267364912557455,0.0249024402216385,1.81455033534457,7.36494503262894,0.160025289484987,0.157806087655787,0.94698,0.95812,0,0,0,0,20,10000170043,10000170145,0.999999989800174,1,0.000505557593396568,0.000499023448563677,1.29884360537655e-05,1.42060552202922e-05,0.000708582243638662,0.00063345138408563
4,"indep",20,20,1.03658596433312,1.04705424679542,1.03643303555822,0.0104682824622992,-0.000152928774896033,0.0198035411132006,0.0209015998579297,0.0198336144587156,-0.151628164284079,5.38472400699956,0.142163818710108,0.140831244792415,0.94533,0.95542,0,0,0,0,20,1e+10,1e+10,1,1,0.000448343254930908,0.000445349463440965,6.0785926250742e-06,6.84234819215916e-06,0.00071889631449883,0.00065263024447232
5,"indep",20,20,1.26086031145536,1.27221107369663,1.26037263590401,0.0113507622412747,-0.000487675551350319,0.0173579681231458,0.0183892081334567,0.0176307788642531,-1.54735501595099,4.30173434221537,0.133808495496851,0.13278117480994,0.94536,0.95518,0,0,0,0,20,1e+10,1e+10,1,1,0.000421616548823538,0.000419890210224686,3.56364851165313e-06,4.52954276185223e-06,0.000718710445172463,0.000654302434658469
0.2,"indep",100,100,-2.30258509299405,-1.97393558379747,-2.22948603213815,0.328649509196576,0.0730990608558959,3.28874629855742,0.371393697461499,1.07758143547867,205.197007880573,-65.534512266674,0.715304537742397,0.853363186568947,0.834220669176202,0.742647610192114,0.33321,0,0.0827246959312527,5516,20,10175377272,17607327839,0.577905822225998,1,0.00246043128222262,0.00268866599714047,0.022583338796552,0.000272370518152286,0.0014401612626736,0.00169301559153751
0.3,"indep",100,100,-1.67620360874636,-1.68798509619234,-1.8483585722954,-0.0117814874459732,-0.172154963549042,1.74162912241376,0.306584345164527,0.742146253453638,134.674649950593,-58.6894976916192,0.56970989596209,0.838445211018124,0.914145365023123,0.837988634010538,0.13074,0,0.0376527161033523,3273,20,10204978131,13942373486,0.731939805030123,1,0.00193191729238778,0.00259491767499933,0.0143685897644758,0.000336089797428528,0.000950199190484552,0.00124973219540952
0.4,"indep",100,100,-1.32963001846639,-1.39699979551449,-1.4347458903855,-0.0673697770481048,-0.105115871919113,0.746824392606312,0.231152468508999,0.406772367499378,83.5976217355651,-43.1739992738439,0.47845498996981,0.654236416658412,0.934877124697211,0.889277654706942,0.03398,0,0.0120080329599801,1160,20,10230953041,11731247158,0.872111285629432,1,0.00152405884413106,0.00204200908948478,0.0082975384128877,0.000347378254671275,0.000793872926260938,0.00100958588264515
0.5,"indep",100,100,-1.08141157530944,-1.13405674549803,-1.11041493103071,-0.0526451701885884,-0.0290033557212699,0.26736740528525,0.160110338822017,0.183309783062528,45.8555025369537,-12.655868035476,0.372374168869287,0.436204759056618,0.944995826922884,0.926171729665048,0.00553,0,0.00262451355998673,261,20,10247578969,10731957293,0.954865798402316,1,0.00116896551628551,0.00137635493799188,0.00392594354153341,0.00030088008535365,0.000722964416169539,0.000829203762381063
0.6,"indep",100,100,-0.885978420965938,-0.920870910536266,-0.887347043218498,-0.0348924895703284,-0.00136862225256051,0.107455045806826,0.105719893312991,0.0835435032832157,28.6216660588787,26.5447212030319,0.28846758382652,0.29079388863896,0.948789785973725,0.943556698452087,0.00059,0,0.000350206621906925,35,20,10245576098,10377546771,0.987283056784789,1,0.000905788541897351,0.00091956543075237,0.0014741244156939,0.00022413120647872,0.00069725470015307,0.000729992436308429
0.7,"indep",100,100,-0.724084882418989,-0.746743604003431,-0.720189260464781,-0.0226587215844418,0.00389562195420878,0.0596881309553116,0.0692097950742479,0.0489094313411576,22.0380800156301,41.5060309973536,0.233781645837546,0.221489361188114,0.953107186431186,0.95144708682521,6e-05,0,3.00018001080065e-05,3,20,10206913253,10236521994,0.997107538965153,1,0.000735827631737189,0.00070030601652153,0.000415789976509268,0.000146247545201529,0.000668554854877133,0.000679693310949971
0.8,"indep",100,100,-0.585591490751473,-0.601916011887419,-0.583148513167443,-0.0163245211359464,0.00244297758402978,0.0417907100230501,0.0475865105273534,0.0362939918195757,15.1449811054118,31.114016787999,0.201437294339858,0.190524531279134,0.95438,0.95363,0,0,0,0,20,10139320833,10145154306,0.999424999085864,1,0.000634908628619988,0.000602444950344641,0.000185462137450547,8.99455708276593e-05,0.000659839492604073,0.000664979872627736
0.9,"indep",100,100,-0.464434757040508,-0.475122351678451,-0.462009751324475,-0.0106875946379432,0.00242500571603282,0.0316090065163076,0.0346125161887654,0.0282990606474396,11.6963100298793,22.3097707022198,0.175437517990679,0.168239883230927,0.95446,0.95573,0,0,0,0,20,10067000476,10067847249,0.999915893340547,1,0.000553754500511116,0.000531968614181697,4.006257889772e-05,5.20971571187554e-05,0.000659288316292652,0.000650462659189596
1,"indep",100,100,-0.356674943938733,-0.364626362867152,-0.355167833522952,-0.00795141892841966,0.00150711041578067,0.0252692861801814,0.0268780621644825,0.0232340397255334,8.75976144781811,15.6839812705687,0.157152766272478,0.152433850462886,0.95388,0.9583,0,0,0,0,20,10022869549,10022969205,0.999990057237734,1,0.000496326638658951,0.000482017009300848,2.61982796241406e-05,3.1764865455419e-05,0.000663271781398847,0.000632148004821655
1.2,"indep",100,100,-0.171245154473388,-0.176166914460761,-0.170893967605493,-0.00492175998737254,0.000351186867894759,0.0176997796785498,0.0183254999482096,0.0169664290664862,4.32236276231013,8.01035312968656,0.132662068098478,0.130255067979759,0.95116,0.95589,0,0,0,0,20,10000880031,10000880728,0.999999930306138,1,0.00041922757951446,0.000411903254011014,1.39287138174836e-05,1.53018487041213e-05,0.000681576513679866,0.000649340495425936
1.4,"indep",100,100,-0.0152296037423545,-0.0180751113836496,-0.0150767628963468,-0.00284550764129506,0.000152840846007708,0.0134149779682883,0.013732350488419,0.0130813189827486,2.55065246845294,4.97680323007956,0.115790134474439,0.114373124158969,0.9512,0.95475,0,0,0,0,20,10000009998,10000010000,0.9999999998,1,0.000366051804008602,0.00036168106091899,8.49269292877518e-06,8.99738086147324e-06,0.000681311676107198,0.000657285611435394
1.6,"indep",100,100,0.11950845023525,0.118042168826359,0.119649514260354,-0.00146628140889098,0.000141064025104179,0.0107407639056532,0.0109318220780152,0.0106431455065211,0.917195006609983,2.71232382679698,0.104087873676755,0.103165202341319,0.94887,0.95226,0,0,0,0,20,1e+10,1e+10,1,1,0.000329123742501448,0.00032623834088778,5.65248095602669e-06,5.88721385663674e-06,0.000696532289990924,0.000674246931027498
1.8,"indep",100,100,0.238117089498186,0.237863549656676,0.238549237126927,-0.000253539841509193,0.000432147628741553,0.00894820300011814,0.00907709215023644,0.00890820575973883,0.448993225550365,1.8958519263319,0.0950209137803956,0.0943838091478314,0.94778,0.95053,0,0,0,0,20,1e+10,1e+10,1,1,0.00030048294565933,0.000298466174963577,3.9880635825408e-06,4.11281636361137e-06,0.000703513124255689,0.000685731136087607
2,"indep",100,100,0.3440673193682,0.344275908524628,0.344319487667575,0.000208589156427796,0.000252168299374855,0.00769250472513031,0.00778816182694599,0.00759020580306359,1.34777533997077,2.60804553945688,0.0875896665294924,0.0871217165226717,0.94934,0.95197,0,0,0,0,20,1e+10,1e+10,1,1,0.000276983445229863,0.000275503281342774,2.93479776106034e-06,3.00824149304739e-06,0.000693495237186241,0.000676188724395786
2.5,"indep",100,100,0.568114576119708,0.569317260536935,0.568401189419475,0.00120268441722693,0.000286613299766647,0.00579762777281452,0.0058582247932898,0.00574119051219584,0.98302365160654,2.03850195957349,0.0760323194097525,0.075770807356622,0.94972,0.95193,0,0,0,0,20,1e+10,1e+10,1,1,0.000240406425460481,0.00023960781523556,1.59556113195697e-06,1.62399477647757e-06,0.000691027652123994,0.000676456022960842
3,"indep",100,100,0.750926350877081,0.752516030838951,0.751091865184075,0.00158967996186932,0.00016551430699363,0.00478586879066252,0.00483441411221745,0.00479341194536392,-0.157365041589985,0.855385836245226,0.0694100749397357,0.0692343224580864,0.94826,0.95059,0,0,0,0,20,1e+10,1e+10,1,1,0.000219437452900691,0.00021893862028806,1.00137401785439e-06,1.01926506694722e-06,0.000700449658433781,0.000685336792387509
4,"indep",100,100,1.03909537988909,1.0410430409291,1.03912043114244,0.00194766104000976,2.5051253348618e-05,0.00379017408772007,0.00383113068131509,0.00378004536224879,0.2679524847091,1.35144724919141,0.0615904204364592,0.0614817711957004,0.94985,0.95195,0,0,0,0,20,1e+10,1e+10,1,1,0.000194669576520243,0.000194423387539894,4.94273542095949e-07,5.12324822985891e-07,0.000690180972644132,0.000676322389840822
5,"indep",100,100,1.26246416206874,1.26465933810381,1.26250778408574,0.00219517603506825,4.36220169943713e-05,0.00333274467076392,0.00337200557077717,0.00333143994666555,0.0391639687122192,1.21766037392403,0.0578064117759609,0.0577183552706281,0.94946,0.95183,0,0,0,0,20,1e+10,1e+10,1,1,0.000182668985121863,0.000182522325940295,2.95378034521038e-07,3.19702604693718e-07,0.000692717174610245,0.000677123704355416
0.2,"indep",3,7,NA,-0.663510313997665,-0.814226689624343,NA,NA,5.68279384163375,0.491740828963018,1.51731849882098,274.528739091332,-67.5914562865265,NA,NA,NA,NA,0.63502,0,0.165762507534659,6050,20,10150758454,22673848432,0.447685732946598,1,NA,NA,0.0383584026767928,0.000212712157994975,NA,NA
0.3,"indep",3,7,NA,-0.629817708946836,-0.805024899351669,NA,NA,5.38860182730425,0.488427267025487,1.45623582106791,270.036346403882,-66.4596035917241,NA,NA,NA,NA,0.6094,0,0.152995391705069,5976,20,10153113779,22222284781,0.456888833846684,1,NA,NA,0.0361911483634931,0.00022539917773175,NA,NA
0.4,"indep",3,7,NA,-0.592745570879144,-0.794289068575092,NA,NA,5.12496256085758,0.484055703168861,1.47264722545732,248.010200424346,-67.1302335820079,NA,NA,NA,NA,0.58179,0,0.14526194973817,6075,20,10155121928,21768931966,0.466496102971927,1,NA,NA,0.0344727775044556,0.00023915147322605,NA,NA
0.5,"indep",3,7,NA,-0.539174901918524,-0.771542518080651,NA,NA,4.76953305645928,0.477597924705039,1.40138791268204,240.343527534152,-65.9196486295511,NA,NA,NA,NA,0.54193,0,0.132316021568756,6061,20,10158262025,21088476375,0.481697294975868,1,NA,NA,0.0320485800417172,0.000260733318508221,NA,NA
0.6,"indep",3,7,NA,-0.49310310399726,-0.747639552863649,NA,NA,4.41905540537493,0.471152492116333,1.35845760322553,225.29947161268,-65.3170999965236,NA,NA,NA,NA,0.50408,0,0.120301661558316,5966,20,10162088313,20413763563,0.49780572218534,1,NA,NA,0.029918297983903,0.000277188943663055,NA,NA
0.7,"indep",3,7,-2.48777198714249,-0.448657481303917,-0.722700042893519,2.03911450583858,1.76507194424897,4.13358087818509,0.463196866089601,1.33712084477897,209.140411229501,-65.3586384582788,2.15934208107463,1.96568632555123,0.460560265388868,0.287062292664947,0.4574,0,0.110762992996683,6010,20,10166298211,19604724887,0.518563676338112,1,0.0030500782746806,0.00273578370233596,0.0278203294859257,0.000296830280847803,0.00213980799152138,0.00194211066168814
0.8,"indep",3,7,-1.25109907344903,-0.390197913707822,-0.678868727358026,0.860901159741208,0.572230346091005,3.72728760056836,0.453682333868279,1.26777021872635,194.00340420624,-64.2141511792204,1.11100765473191,1.04410092998097,0.685455315544261,0.630410842863194,0.40975,0,0.0975010588733587,5755,20,10171551183,18756386132,0.542298026465048,1,0.00289062384059348,0.00276171470298398,0.0254688074308885,0.000316958423483015,0.00191122911033168,0.00198679679181669
0.9,"indep",3,7,-0.895165958618435,-0.340097766163962,-0.635850133726904,0.555068192454472,0.25931582489153,3.42388438687942,0.443027946735435,1.21964032658246,180.729024143819,-63.6755249002926,0.890596125933461,0.926813345702029,0.759288445033939,0.713848794569712,0.35915,0,0.0866349379730046,5552,20,10175875791,17867276732,0.56952584009488,1,0.00275120698938877,0.00281379849703954,0.0234852276827017,0.000337735814223778,0.001688782306728,0.00178534729875075
1,"indep",3,7,-0.669887172742499,-0.281401257223239,-0.577299986893028,0.388485915519259,0.0925871858494708,3.06940748752245,0.431239602816932,1.1492191304683,167.086355086316,-62.4754242786401,0.788807104001094,0.898522775152111,0.799348515254632,0.752813890585464,0.31234,0,0.0764622051595265,5258,20,10182484943,17039380205,0.597585406305569,1,0.00261795905272993,0.0028262674648223,0.0215907086428395,0.000355358344819322,0.00152722278122002,0.00164501158754502
1.2,"indep",3,7,-0.365004386932052,-0.171380645496561,-0.450883278478721,0.19362374143549,-0.0858788915466692,2.48934826935281,0.406616011155105,1.02468954872125,142.936826325531,-60.3181264352177,0.695538569345541,0.901395387357392,0.846693270311108,0.79325352240001,0.22567,0,0.0582051580075678,4507,20,10192068163,15455297648,0.65945466694515,1,0.00240074093422528,0.00283751037319869,0.0182899082635823,0.000387069529341508,0.0012947342030228,0.00145533180774837
1.4,"indep",3,7,-0.14926719864041,-0.0581065312512982,-0.301099417930755,0.0911606673891123,-0.151832219290344,1.94219763839081,0.378910285369516,0.867130076048553,123.97996471778,-56.3029474082848,0.644258393420762,0.882533247203418,0.875435048443232,0.824275703132349,0.14952,0,0.0419057473426771,3564,20,10201444774,14084532553,0.724301267053914,1,0.00218695012161055,0.00274921710273935,0.0152551779587737,0.000407906812186114,0.0011323425942417,0.00130502882342288
1.6,"indep",3,7,0.0205252699151788,0.0525648985342853,-0.148777343406977,0.0320396286191066,-0.169302613322156,1.50816669952425,0.35073130590895,0.753566943593296,100.13705648137,-53.4571800301473,0.616893393940369,0.855802440039675,0.891505680562309,0.846956367976659,0.09516,0,0.0305468370098581,2764,20,10209170900,12998984627,0.785382181220115,1,0.00204804779214436,0.00265281261855213,0.0128414833425257,0.000419764109406525,0.00103390268178302,0.00119688453424206
1.8,"indep",3,7,0.161731404866309,0.17014643304769,0.0144603195881295,0.00841502818138057,-0.14727108527818,1.11805683879252,0.321825811789777,0.607552306215034,84.0264331737715,-47.0291185635181,0.579207853349945,0.785567358716019,0.902586133920257,0.871264708372132,0.05496,0,0.0205070684838737,1938,20,10215277416,12132018332,0.842009724717913,1,0.00188393452142226,0.00244015011188578,0.0105342281667546,0.000421564625794061,0.000964560833066042,0.00108942861048319
2,"indep",3,7,0.283197737460401,0.282263818965608,0.163507233997214,-0.000933918494793129,-0.119690503463187,0.817372636303213,0.294041148345376,0.498362453619449,64.011680728934,-40.9985350602061,0.548681166789758,0.71727083311954,0.908630593282389,0.890408274809475,0.03031,0,0.0130763439862224,1268,20,10217041963,11522787608,0.886681444679805,1,0.001761997164871,0.00223641819208988,0.00849189254323868,0.000416686307760681,0.000925289473861688,0.00100315263216447
2.5,"indep",3,7,0.530092455767112,0.541416282926765,0.479192729208049,0.0113238271596533,-0.0508997265590631,0.342697747576087,0.231903863866658,0.26075705811055,31.4241501492923,-11.0651632799367,0.455885345972293,0.517417064725926,0.91939845391397,0.932185329272093,0.00523,0,0.0027644581159464,275,20,10210512221,10678759303,0.956151546381568,1,0.00144498206755213,0.00162828832836413,0.00409121968682268,0.000367954434787499,0.000863102214781742,0.000797171237807544
3,"indep",3,7,0.724858093778693,0.754812015036421,0.706385542008361,0.029953921257728,-0.0184725517703319,0.175009701479513,0.184584824714354,0.156200000548196,12.042062013638,18.1721024753773,0.39306869900298,0.396385221372727,0.921759486199618,0.950820820119847,0.00039,0,0.000340132651734176,34,20,10186605662,10339528685,0.985209865201897,1,0.00123962587755271,0.00125212450007802,0.00154511930098422,0.000297169224396605,0.000849394332210702,0.000683950523728919
4,"indep",3,7,1.02461388154167,1.07184917657973,1.01559121826633,0.0472352950380646,-0.00902266327533963,0.104690136567073,0.131878882490292,0.102730325022178,1.90772446643284,28.3738588988405,0.334856729713158,0.320641086218701,0.92751,0.96316,0,0,9.99999999999999e-06,1,20,10114157748,10130473850,0.998389403867816,1,0.00104832702591515,0.00101355969248081,0.000248103146930391,0.000173476879638125,0.000819970730575184,0.000595674528580835
5,"indep",3,7,1.25324864119018,1.30779752944904,1.24380983403283,0.0545488882588578,-0.00943880715735856,0.0869153098550596,0.109837449379039,0.0902973005286009,-3.74539510455261,21.6397929240957,0.312168322225484,0.300641794559821,0.92746,0.96462,0,0,0,0,20,10052219107,10053998585,0.999823007932122,1,0.000971979551919924,0.000950248917540036,6.47727366697349e-05,0.00010719622273149,0.000820231360044226,0.000584193936976412
0.2,"indep",6,14,NA,-1.05310909433655,-1.20576091375178,NA,NA,5.83627483237712,0.447034342765119,1.45436440874029,301.293843365724,-69.2625630771369,NA,NA,NA,NA,0.6304,0,0.169588744588745,6268,20,10148150120,22633310278,0.448372332431822,1,NA,NA,0.0382947312573172,0.000182178226552047,NA,NA
0.3,"indep",6,14,NA,-0.995288924506787,-1.18768319201163,NA,NA,5.35671540387921,0.440739486674612,1.41454897355918,278.687164884863,-68.8424017186442,NA,NA,NA,NA,0.58356,0,0.151642493516473,6315,20,10152149704,21861910126,0.464376152197525,1,NA,NA,0.0349877757289941,0.000203175812708484,NA,NA
0.4,"indep",6,14,NA,-0.920617080587008,-1.15017228346133,NA,NA,4.7613131739771,0.432137044405005,1.32112267670253,260.399019556696,-67.2901652491802,NA,NA,NA,NA,0.52676,0,0.130546868396585,6178,20,10157184999,20876755030,0.486530832229629,1,NA,NA,0.0314140368003659,0.000227876721922149,NA,NA
0.5,"indep",6,14,-2.56198198970163,-0.844246001387987,-1.10223463697038,1.71773598831364,1.45974735273125,4.21241832614277,0.420672238490926,1.26307145966245,233.505938553034,-66.6945020986106,1.84624788023387,1.68057101914907,0.520498877155212,0.329503906757484,0.46119,0,0.112284478758746,6050,20,10163531645,19772434814,0.51402529534722,1,0.00291558515229039,0.00263336961179655,0.0280322720068431,0.000257249540428461,0.00215222112087679,0.00202493266514729
0.6,"indep",6,14,-1.39883117989595,-0.77056050400303,-1.04212438891625,0.628270675892918,0.356706790979702,3.70369172066547,0.40732135462443,1.18270977821987,213.153048099425,-65.5603291588996,0.915855197438344,0.925903739425581,0.750744023285476,0.667609641233607,0.38846,0,0.0965268011904373,5903,20,10171433946,18554226223,0.548200384308745,1,0.00269472976990748,0.00270197205870868,0.0248994191566941,0.000284065255824696,0.00174926778297132,0.00190490391604174
0.7,"indep",6,14,-1.03592568620658,-0.692856710978382,-0.964028429962935,0.343068975228198,0.0718972562436455,3.2168084802019,0.392198840378906,1.10557262102776,190.963109887027,-64.5252755975171,0.740845058115604,0.872296322971349,0.818711724341474,0.743982882018741,0.32235,0,0.0810595440123958,5493,20,10179876977,17390513026,0.585369561080826,1,0.00252241904042717,0.00274907114678057,0.0222280931338487,0.000311093138365353,0.00147995204318698,0.0016765374245827
0.8,"indep",6,14,-0.802343654837751,-0.60897960810292,-0.867051157397221,0.193364046734831,-0.0647075025594702,2.72723128772237,0.374466764169065,1.01070275216798,169.8351500352,-62.9498620276016,0.669992378380002,0.876072083099823,0.852751418048872,0.778354256834861,0.25602,0,0.0660232801957042,4912,20,10187426460,16235579932,0.627475365996677,1,0.00235183732206021,0.00276282983031538,0.0195833767888822,0.000335348528469734,0.00129914059991527,0.00152278194694841
0.9,"indep",6,14,-0.625964991095738,-0.523405011120701,-0.754439390633114,0.102559979975037,-0.128474399537376,2.25308423092768,0.355411801135599,0.902413657848381,149.673108483275,-60.6154230884531,0.628406091349653,0.871531585992595,0.877591681713467,0.80513044019675,0.19695,0,0.0512421393437519,4115,20,10197148822,15110309951,0.674847098111654,1,0.00218780874391047,0.0027259293181169,0.0170678265590062,0.000353734996123453,0.00115659263254672,0.00139776393990397
1,"indep",6,14,-0.482540448021794,-0.443200695911417,-0.642931847592899,0.0393397521103767,-0.160391399571105,1.8783663938291,0.335522435755069,0.80239447536289,134.095130450591,-58.1848522070985,0.601617104767538,0.857466042516894,0.892543602949783,0.822907643684888,0.1457,0,0.0405361114362636,3463,20,10203344727,14159111860,0.720620391157783,1,0.00205393659740471,0.00266369988608005,0.0150086016369438,0.00036914919331084,0.001059560244967,0.00130608142576926
1.2,"indep",6,14,-0.254619790305178,-0.278088121123006,-0.406954569913337,-0.0234683308178282,-0.152334779608159,1.22871976105225,0.293723701489389,0.599594292574403,104.925192962837,-51.0129257187783,0.551828595751843,0.778841183823006,0.911868212535354,0.856683291232161,0.07366,0,0.0235010903124123,2177,20,10217013071,12648740362,0.807749450031758,1,0.00181145786607184,0.00241535409096873,0.0113525900582588,0.000383938932788805,0.000931423344843164,0.00115125983289571
1.4,"indep",6,14,-0.0748580413796963,-0.115681848752081,-0.18398302813401,-0.0408238073723846,-0.109124986754314,0.76592466892609,0.251427031613569,0.436248202874235,75.5708479438475,-42.3660590560524,0.503917794751558,0.674838889054223,0.921690105941391,0.885498626685666,0.03154,0,0.0126695991574252,1227,20,10226794390,11628411538,0.879466155508883,1,0.00161395432985315,0.00210595274990393,0.00832326325350843,0.00037917624608885,0.000863296414188055,0.00102319509565964
1.6,"indep",6,14,0.0746203431648513,0.0400867610190634,0.0133639973748375,-0.034533582145788,-0.0612563457900138,0.438172587147297,0.211453209333095,0.290551674841028,50.8071111230172,-27.2235448483341,0.445471675904052,0.549880882266624,0.928306889014814,0.91136768396341,0.01176,0,0.00530235570306808,524,20,10232547909,10989920679,0.931084782854965,1,0.00141280486421059,0.0017280614311392,0.00552024876768096,0.000355453974768036,0.000820641141036131,0.000904089961748761
1.8,"indep",6,14,0.203049913633128,0.178245597377292,0.171285776939796,-0.0248043162558358,-0.0317641366933316,0.266049982101338,0.176452677660933,0.198201151735155,34.2323088297919,-10.9729302195397,0.396704553942065,0.451022615046579,0.931347059236877,0.927863718040094,0.00383,0,0.00227872752642621,227,20,10229229455,10630930612,0.962213923534919,1,0.00125444619234648,0.00142272436911797,0.00366437459283115,0.000321083664942009,0.000801158817747946,0.000819694921263382
2,"indep",6,14,0.315889117091827,0.30419650140262,0.304533478209203,-0.011692615689207,-0.0113556388826237,0.166923519432615,0.146328949496892,0.133944395778395,24.6215031711985,9.24604097582871,0.350942848470784,0.368256376280766,0.934650075580872,0.939605377754197,0.00107,0,0.000840899762746138,84,20,10219301145,10420331317,0.980707890576182,1,0.00110976202575391,0.0011639809405168,0.00221814043278414,0.000277468628504906,0.000781951000164173,0.000753710131938196
2.5,"indep",6,14,0.55029722493605,0.555814442577388,0.551011720323804,0.0055172176413375,0.000714495387753478,0.0829705591276793,0.0962188145275722,0.0735908496613613,12.7457550897701,30.7483402764565,0.282457971891668,0.271408514389942,0.938648159444783,0.952908587257618,3e-05,0,1.00003000090003e-05,1,20,10166603977,10199052489,0.996818477791442,1,0.000893057984707088,0.000858270399162026,0.000350064307926923,0.000172363387901472,0.000758877591587082,0.000669889228477695
3,"indep",6,14,0.738633069662809,0.752207965819557,0.738697234153153,0.0135748961567483,6.41644903444094e-05,0.0612929895111076,0.0703915145296299,0.0566846539282637,8.12977633889393,24.1809019751848,0.247889639269288,0.238084210309727,0.9385,0.95837,0,0,0,0,20,10096343179,10100537452,0.999584747542402,1,0.000782723502314018,0.000752892116629359,7.54033937373125e-05,9.81303131138194e-05,0.000759721988624786,0.000631640270248818
4,"indep",6,14,1.03222437854685,1.05276592983547,1.03051375860922,0.0205415512886273,-0.00171061993763044,0.0450248467249006,0.050301168753144,0.0444397982049506,1.31649679697421,13.1894625649773,0.215704874806071,0.210813377249973,0.94076,0.96054,0,0,0,0,20,10013284413,10013342187,0.999994230298044,1,0.00067902208179666,0.000666631818959691,3.04641457589947e-05,3.93497340957332e-05,0.000746529452868405,0.000615653379751951
5,"indep",6,14,1.25807959664605,1.28260441802079,1.25693501656671,0.0245248213747351,-0.00114458007933993,0.038404798336094,0.0429755530532352,0.0392002709015784,-2.02925272501705,9.63075525966541,0.201555579687391,0.19799290129302,0.93938,0.9591,0,0,0,0,20,10000690051,10000690624,0.999999942703957,1,0.000632641960950335,0.000626101197104577,1.73285104634807e-05,2.37624782810975e-05,0.00075462053775391,0.000626316134232546
0.2,"indep",12,28,NA,-1.37784103939553,-1.55505716517118,NA,NA,5.58195240881533,0.427724170470414,1.3770115934527,305.367132372447,-68.9382302586178,NA,NA,NA,NA,0.60224,0,0.159468020917136,6343,20,10148449904,22128709190,0.458610116697909,1,NA,NA,0.0362768421796836,0.000181572550305528,NA,NA
0.3,"indep",12,28,NA,-1.26856235627446,-1.50140082387235,NA,NA,4.68496224558493,0.414793401336928,1.29054730032193,263.021351051315,-67.8591089816345,NA,NA,NA,NA,0.51646,0,0.128076270835918,6193,20,10156860809,20711845282,0.490388986143451,1,NA,NA,0.0308306105003325,0.000219549298317112,NA,NA
0.4,"indep",12,28,-1.94424625400898,-1.15949177003552,-1.42117812063892,0.784754483973454,0.523068133370058,3.87689738500658,0.397594799856075,1.18983154318255,225.835821652257,-66.583941892094,1.02469019629067,0.986377780287915,0.71841613362372,0.607240238025826,0.41687,0,0.100886594755886,5883,20,10165801837,19056375474,0.533459358568472,1,0.00272860790675837,0.00264451857013133,0.0259918233721055,0.000257944812194015,0.00186255553108869,0.0020223721338728
0.5,"indep",12,28,-1.36303435330244,-1.05867877307274,-1.31923871659924,0.304355580229703,0.0437956367032015,3.21761891066929,0.377781257944772,1.08624618058723,196.214520075903,-65.2213959693241,0.711722581206878,0.864161837695673,0.835939566738191,0.751594603333235,0.31958,0,0.080626671761559,5486,20,10177437906,17386804378,0.585354138962867,1,0.00246644330832554,0.00272922163370081,0.0221597220955069,0.00029115335788386,0.00141971389424591,0.00165647087628872
0.6,"indep",12,28,-1.058151567492,-0.938023172053344,-1.17154525870544,0.120128395438653,-0.11339369121344,2.52855410387087,0.351851707429981,0.930561245352705,171.723555703471,-62.1893014364013,0.627971440598504,0.864720184253107,0.876344781214441,0.793123512982311,0.22664,0,0.0596358746250129,4612,20,10191554557,15751015559,0.647041107846321,1,0.00221644260386125,0.00271088586397489,0.0185102467494766,0.000325007480693065,0.0011837306004908,0.00145658262864909
0.7,"indep",12,28,-0.842414379200356,-0.819193152751557,-1.00713425565256,0.0232212264487992,-0.1647198764522,1.91300843601231,0.324109496182923,0.797070870965539,140.004810826291,-59.3374305862777,0.589250036822273,0.853615610944936,0.900205082268634,0.82492574607515,0.15156,0,0.0421833011173448,3579,20,10203526548,14319502842,0.712561508635091,1,0.00202140864432154,0.00264864869110714,0.0153061754608449,0.000348260916935867,0.00102899763083098,0.00130469201257319
0.8,"indep",12,28,-0.672621910644767,-0.701983839393218,-0.837270978523559,-0.0293619287484511,-0.164649067878792,1.42358238263389,0.294317761335518,0.655072818102106,117.316662101524,-55.0709855145229,0.55693016111373,0.80657037621117,0.915055530434207,0.847404351997882,0.09329,0,0.0286309845485326,2596,20,10213821880,13147285964,0.776876832828278,1,0.00184698993075952,0.00249690346380268,0.0125298018361375,0.000362021240340808,0.000925885060573694,0.00119421415941034
0.9,"indep",12,28,-0.531415775693636,-0.581746032213886,-0.665519465220932,-0.05033025652025,-0.134103689527297,1.0063248113343,0.263499141990305,0.512607066916029,96.3150483641582,-48.5962720772499,0.518652396681864,0.728417084244171,0.924003677752766,0.869207275186794,0.05377,0,0.0178920558426598,1693,20,10223073560,12234793910,0.835573826187972,1,0.00167813075298227,0.00226409534958601,0.00999850634750784,0.000365796634787009,0.000861459334322974,0.00109611245734455
1,"indep",12,28,-0.409949443099545,-0.463308049449402,-0.506653388139332,-0.0533586063498576,-0.0967039450397876,0.693219021257925,0.232537477582373,0.393614520715296,76.1162215251036,-40.9225357947176,0.478759812850716,0.643077077959386,0.929301260967739,0.889307034818381,0.03011,0,0.0109187639835445,1059,20,10231842237,11585538482,0.883156380939636,1,0.00152772259844079,0.00201047386756381,0.00786187284471113,0.000360526615157387,0.000823043626885661,0.00100745262716221
1.2,"indep",12,28,-0.207397101698341,-0.250249188571075,-0.244313499860345,-0.042852086872734,-0.0369163981620036,0.308481364587533,0.176178301327731,0.212642950745399,45.0701109565029,-17.1482991981843,0.396289546443982,0.470332698108588,0.935632044966909,0.919998388282816,0.00727,0,0.00310255557905976,308,20,10238816886,10788168772,0.949078300719043,1,0.00125038918621607,0.00148274146424486,0.00428961016985596,0.00032212409892949,0.000778882285611483,0.000861047932550678
1.4,"indep",12,28,-0.0414320722515917,-0.0727190494173576,-0.0529531697002484,-0.0312869771657659,-0.0115210974486567,0.153916579863986,0.130925442998249,0.121014161377877,27.1888993085433,8.19018328724608,0.331286058675883,0.350331015822195,0.941969067520897,0.938034936683518,0.00105,0,0.000770809349817308,77,20,10235207126,10440676160,0.980320332624894,1,0.00104348932888965,0.00110725024707019,0.00219456109474203,0.000263623421520404,0.000739735089034673,0.000762800695196516
1.6,"indep",12,28,0.0996205513262785,0.0825765829126919,0.100624664831231,-0.0170439684135866,0.00100411350495222,0.0870871325332977,0.0965246956608992,0.0717465014989556,21.3817129948356,34.5357524677413,0.277230700230747,0.268322591111282,0.943812695650435,0.946933101303169,0.00013,0,5.00065008451099e-05,5,20,10210587827,10277593629,0.993480399749322,1,0.000875083339362934,0.00084850883686611,0.000680569227281566,0.000198003232733047,0.000728266338736568,0.000708924089118607
1.8,"indep",12,28,0.22249551249365,0.213632240334717,0.22544148173776,-0.00886327215893346,0.0029459692441097,0.0628943130867171,0.0728954213863736,0.0535677669406136,17.4107428380263,36.080754434261,0.243954739143726,0.231505776203785,0.947069470694707,0.952749527495275,9.99999999999999e-06,0,0,0,20,10170883228,10191063938,0.998019764165668,1,0.000770951009391894,0.000732029927999842,0.000143776202031079,0.000140652884223186,0.000708021113150245,0.0006709568953067
2,"indep",12,28,0.331466700981724,0.327168765508771,0.333319241231122,-0.00429793547295354,0.00185254024939741,0.0509050617522015,0.0575347801203091,0.0448447073312256,13.5140906957287,28.2978160507414,0.222030077709466,0.211772733819838,0.94693,0.95453,0,0,0,0,20,10123149164,10129005603,0.999421815010324,1,0.000701992706173655,0.000669661909706873,0.000151255754356299,9.80338660825823e-05,0.000708897560300499,0.000658805579059558
2.5,"indep",12,28,0.560101460630239,0.562893972809789,0.560420387463415,0.00279251217955012,0.000318926833176025,0.0351954675394991,0.0378179395652016,0.0331674655245548,6.11443166630516,14.0211920540143,0.187032903577678,0.182118740288375,0.94594,0.95686,0,0,0,0,20,10028438538,10028615259,0.99998237832488,1,0.000591387002182246,0.000575912020403766,3.32080714725161e-05,4.0747460449181e-05,0.000715105002080114,0.000642486890138623
3,"indep",12,28,0.745380810400251,0.751461928553225,0.744999140125355,0.00608111815297419,-0.000381670274895995,0.0278755285754183,0.0294849196454276,0.0269050361658678,3.6071031593025,9.58884969956928,0.166814459815311,0.164027170882463,0.94602,0.95687,0,0,0,0,20,10002465011,10002467974,0.999999703773108,1,0.000527165646728831,0.000518700647443858,1.93692337523697e-05,2.19686150561614e-05,0.000714605902578477,0.00064241577735918
4,"indep",12,28,1.03598662353616,1.04544051814588,1.0354985799095,0.00945389460972601,-0.000488043626655887,0.0211369794970002,0.0222841539451193,0.0211077547493174,0.138455027689277,5.57330331801391,0.146775317138331,0.145285174255157,0.94547,0.95582,0,0,0,0,20,1e+10,1e+10,1,1,0.000463182816348872,0.00045943176587299,9.22303690793805e-06,1.04144483255028e-05,0.000718028405426972,0.000649831728988359
5,"indep",12,28,1.2604776827778,1.27154054109496,1.26011196251175,0.0110628583171648,-0.0003657202660452,0.0181778754504679,0.0192256641590855,0.0181630725013149,0.0815002481102001,5.85028583513951,0.135889421565638,0.134770266089753,0.94626,0.95588,0,0,0,0,20,1e+10,1e+10,1,1,0.000428295826463591,0.000426181563436464,5.43522915058695e-06,6.61926656326504e-06,0.000713105969684731,0.000649410699018734
0.2,"indep",40,160,-2.71592437958628,-1.86314112313603,-2.11759676615082,0.85278325645025,0.598327613435456,4.02868887141181,0.390728897740444,1.20751076708378,233.635854953192,-67.641787684918,1.07534801559422,1.02543919478267,0.708938723941883,0.578981539973328,0.43012,0,0.106267986242718,6056,20,10162585730,19369072176,0.52468108114091,1,0.00274415476767577,0.00263350820116932,0.0267284187692627,0.000240956848876677,0.00190285132199107,0.00206819374303579
0.3,"indep",40,160,-1.76380565325891,-1.63681847118364,-1.86665025088699,0.12698718207527,-0.102844597628085,2.59843779225324,0.346279518372333,0.943106226372726,175.51910056273,-63.2830842709887,0.624945333083259,0.862550266135726,0.879079349666041,0.794415211201071,0.23793,0,0.0620284225858517,4727,20,10187557783,16014548736,0.63614391831715,1,0.00221662012611462,0.00270817887995305,0.0188953644048679,0.000308502337599849,0.00118104608291608,0.00146393512789153
0.4,"indep",40,160,-1.37151495999912,-1.40841565153865,-1.54204560118565,-0.0369006915395333,-0.170530641186527,1.49903122608513,0.291089797491223,0.663503785816077,125.926552060498,-56.1283893605525,0.552541917935916,0.809250248394338,0.919581354912058,0.847433068057692,0.10282,0,0.0309748322521679,2779,20,10210214386,13386976441,0.762697568864721,1,0.00184059063603363,0.00250162251960211,0.0130064950256452,0.000348160264506819,0.000907890898912556,0.00120044735200531
0.5,"indep",40,160,-1.10648646715218,-1.17406938440872,-1.21111986543246,-0.0675829172565434,-0.10463339828028,0.741542528783709,0.230084706254269,0.404682748096831,83.2404599086775,-43.14442428388,0.47746747852058,0.652666153639372,0.935134911524102,0.889454252117527,0.03307,0,0.0121622040892309,1176,20,10229245210,11718357605,0.872924820593918,1,0.00152003587563253,0.00203722632606649,0.00825378488696903,0.000350688932145899,0.000792036371315824,0.00100840574557081
0.6,"indep",40,160,-0.902802438025054,-0.962987515166408,-0.947501812984083,-0.0601850771413539,-0.0446993749590289,0.335846656344332,0.173468399984167,0.220073537396852,52.6065606600898,-21.1770747014637,0.394854323979167,0.480030010299881,0.942946487113532,0.920401472739194,0.00865,0,0.00401472739194028,398,20,10243591801,10874333016,0.941997250399454,1,0.001239427391006,0.00151140021502376,0.00474804995415073,0.000318563954876119,0.000736666995669356,0.000859661868090941
0.7,"indep",40,160,-0.736198530086651,-0.778351924645521,-0.745784004616209,-0.0421533945588701,-0.00958547452955816,0.154037126618463,0.124872957345206,0.115898405735959,32.9070280478159,7.74346424548173,0.320998690245359,0.343479654472911,0.947007930785869,0.937615156612994,0.00136,0,0.00100136185211888,100,20,10246631063,10475395851,0.978161704697951,1,0.00100698645195094,0.00108576042749116,0.00239076367450419,0.000261181069068825,0.00070888823433917,0.000765327599686065
0.8,"indep",40,160,-0.594747392572641,-0.623687348454492,-0.592534133509301,-0.0289399558818507,0.00221325906334069,0.0816710120168566,0.0888322841705681,0.0653262512405395,25.0202031586561,35.982522314768,0.262943414794606,0.256500708798281,0.950098023525646,0.94692726254301,0.00024,0,0.000110026406337521,11,20,10229490065,10304873779,0.992684654308564,1,0.000826551861875068,0.000811100320441739,0.000895731212635514,0.000195417403421275,0.0006886446890414,0.000708999903642673
0.9,"indep",40,160,-0.471606194720209,-0.493255612145834,-0.468489342906433,-0.0216494174256247,0.00311685181377697,0.0552022913411309,0.0640448505053945,0.0456168624485881,21.0129070217093,40.3973159652869,0.226115888915841,0.21379795899603,0.952538101524061,0.951088043521741,4e-05,0,2.00008000320013e-05,2,20,10192550440,10215307695,0.997772239889442,1,0.000711774058651232,0.00067602004044802,0.000365196276824589,0.000137912565273662,0.000672391813692011,0.000682066256673367
1,"indep",40,160,-0.362447939437263,-0.37912589754069,-0.360367837265443,-0.0166779581034277,0.00208010217182009,0.0416138305658657,0.0476568998519073,0.0358581889840895,16.0511217795468,32.903811380583,0.200261212140391,0.18937306362639,0.95363,0.95358,0,0,0,0,20,10137917274,10143942876,0.999405990148638,1,0.000631084757139719,0.000598817075441987,7.43248370944417e-05,9.32669071260445e-05,0.000664979872627736,0.000665320851920335
1.2,"indep",40,160,-0.175222197094048,-0.18412187636711,-0.173358224024897,-0.00889967927306218,0.00186397306915129,0.0275372248586953,0.0296482271982759,0.0253257801232864,8.73199058289067,17.0673797764481,0.16471435373525,0.159150875778576,0.95062,0.95487,0,0,0,0,20,10040164482,10040454786,0.999971086568668,1,0.000520114262005025,0.000503247256557712,3.3634883593886e-05,4.18288708738846e-05,0.000685139515719244,0.000656454744060853
1.4,"indep",40,160,-0.0181375279323559,-0.0239347970294934,-0.0173118848121502,-0.00579726909713748,0.000825643120205739,0.0201735926144266,0.02107520824558,0.0190464786350068,5.91770269465068,10.6514681766135,0.141081538738917,0.138010759931182,0.95015,0.95509,0,0,0,0,20,10005474094,10005482901,0.999999119782614,1,0.000445764410309588,0.000436422715208624,1.96785592126722e-05,2.22913296459839e-05,0.000688222184327125,0.000654928178505094
1.6,"indep",40,160,0.117288964469937,0.113874138372047,0.118081797817136,-0.00341482609788922,0.00079283334719947,0.0157050935621403,0.0161812239028721,0.0149596913061466,4.98273821791682,8.16549333624035,0.124197855862748,0.122311774960345,0.94986,0.95333,0,0,0,0,20,10000320029,10000320189,0.999999984000512,1,0.000392601585575379,0.000386777601550899,1.2982276434957e-05,1.40328675235792e-05,0.0006901157902845,0.000667022571582102
1.8,"indep",40,160,0.236367136321634,0.233499539549355,0.23617714789217,-0.00286759677227891,-0.000189988429463578,0.0128012896449971,0.0130921832695943,0.0124596764206444,2.74175036991111,5.07643078035234,0.11291750387351,0.111622524247947,0.94813,0.95182,0,0,0,0,20,10000004999,10000005000,0.9999999999,1,0.000356963121238675,0.000352982668422181,9.27195853025872e-06,9.8017787352848e-06,0.000701280992897996,0.000677190428166258
2,"indep",40,160,0.34265200154946,0.341362164999426,0.342968918884167,-0.00128983655003395,0.000316917334706845,0.010738173640677,0.0109321155522332,0.0104268528847792,2.98575955120894,4.84578302808494,0.103018430467352,0.102111943732589,0.9494,0.95227,0,0,0,0,20,1e+10,1e+10,1,1,0.000325748974672606,0.00032290637783697,6.87893812936686e-06,7.18016636673901e-06,0.000693106341047317,0.000674179850633346
2.5,"indep",40,160,0.56721087068241,0.566938222994875,0.56698756306728,-0.000272647687535321,-0.000223307615130341,0.00769778743236175,0.00779507117783039,0.00763803329597508,0.782323591311851,2.05599891713044,0.087865868555759,0.0873956908659294,0.94768,0.9501,0,0,0,0,20,1e+10,1e+10,1,1,0.000277856324823345,0.000276369920504658,3.88446518506278e-06,3.99700803213249e-06,0.000704149256905097,0.000688549126787625
3,"indep",40,160,0.750299566199975,0.750854983719058,0.750083927374968,0.000555417519083279,-0.000215638825006748,0.00608565539555221,0.00615095952212109,0.00604525055992791,0.668373216689,1.74862830159415,0.078035186330061,0.0777511196544793,0.949,0.95141,0,0,0,0,20,1e+10,1e+10,1,1,0.000246763909625657,0.000245870912470912,2.47744958707302e-06,2.53612019823602e-06,0.000695693898205238,0.00067991920034663
4,"indep",40,160,1.03874325342202,1.0399637869394,1.03840069315127,0.00122053351738294,-0.00034256027074564,0.00451035775650816,0.0045566414602794,0.00449940831246549,0.243352976264433,1.27201498151099,0.0672223795083814,0.0670781683256293,0.94782,0.95006,0,0,0,0,20,1e+10,1e+10,1,1,0.000212541849496507,0.000212118087688568,1.28250653246369e-06,1.31738669537896e-06,0.000703258470265378,0.000688810542892601
5,"indep",40,160,1.2622389312033,1.26439076092474,1.26246654713076,0.0021518297214429,0.000227615927455238,0.00378878806648691,0.00382988641893457,0.00378510418839527,0.097325672115689,1.18311751302904,0.0616381060844942,0.0615233138441341,0.94851,0.9507,0,0,0,0,20,1e+10,1e+10,1,1,0.00019479896553037,0.000194553442231056,7.84558247640603e-07,8.1598489824241e-07,0.000698847479068216,0.000684613102416248
0.6,"paired",5,5,NA,-0.835945738757161,-1.11442234278577,NA,NA,3.8132279109622,0.472224749356324,1.2903797756367,195.512064196812,-63.4042040744695,NA,NA,NA,NA,0.49339,0,0.0966818657349835,4898,20,10166395961,51298021214,0.198183004342192,1,NA,NA,0.0273268513382726,0.000244476430770204,NA,NA
0.8,"paired",5,5,-1.06013176810005,-0.663784340175739,-0.975003500664301,0.396347427924306,0.0851282674357442,2.63820519919936,0.432828157851673,1.11245177598178,137.152320321574,-61.0924116265907,0.788092309784165,0.903883097383709,0.825452382269935,0.781182557689115,0.27716,0,0.0609678490398982,4407,20,10188842986,23941995246,0.425563654211411,1,0.00253361175762314,0.00284563864444987,0.0191791221797859,0.000310467535615713,0.00141182831259926,0.00153778687173748
0.9,"paired",5,5,-0.792372649921864,-0.564564730342664,-0.858046243689875,0.227807919579201,-0.0656735937680105,2.10817538092906,0.408988755172638,0.975379309351079,116.139030294956,-58.0687481012142,0.699040235175238,0.893862070919484,0.866278710602073,0.814361787563166,0.19063,0,0.0452574224396753,3663,20,10198643845,18415536200,0.553806510667878,1,0.00232300935625439,0.00281901459335233,0.0160415258458489,0.000336197790653922,0.00119634254351331,0.00136668626858375
1,"paired",5,5,-0.601986402162968,-0.466584628789408,-0.727649209162001,0.13540177337356,-0.125662806999033,1.65771183271099,0.384444129108538,0.863730989029629,91.9245521772195,-55.4902933909495,0.656181347945714,0.88411562219727,0.890202606405418,0.839077838712988,0.12293,0,0.0332242580409773,2914,20,10209059117,14885467672,0.685840669702541,1,0.00216800650816615,0.0027674481948537,0.0135093367200561,0.000351443292087896,0.00105565818177607,0.00124077183233464
1.2,"paired",5,5,-0.326963233703332,-0.259342451670757,-0.443061222256347,0.0676207820325747,-0.116097988553015,0.920617330958219,0.333849562514742,0.600465088508169,53.3173782418318,-44.401503284033,0.58825561679707,0.774234013064397,0.908514909455899,0.879124670653674,0.04356,0,0.0137175358621555,1312,20,10221852852,12040848152,0.84893129810811,1,0.00188951793285361,0.00242067226962673,0.0087883842695947,0.00035995160467157,0.000932206925705907,0.00105405968655454
1.4,"paired",5,5,-0.12423067964925,-0.0639788294440205,-0.191152706835719,0.0602518502052294,-0.0669220271864691,0.499469729732489,0.286306093813354,0.402645078881673,24.0471462161519,-28.8936811028326,0.528895173043907,0.639592278109146,0.916116108014043,0.909428464472526,0.01161,0,0.00490696992078026,485,20,10225410980,10935148456,0.935095762178649,1,0.00167136416441673,0.00201147649882321,0.00533826964843989,0.000338062312705136,0.000881759960994471,0.000912884778247401
1.6,"paired",5,5,0.0384805205680643,0.110054830080982,0.010014337832411,0.0715743095129181,-0.0284661827356532,0.292962219472787,0.245977006114204,0.271043767865073,8.08668348302517,-9.24823394697927,0.476860903830981,0.522902472228664,0.918872047796624,0.930129516019087,0.00244,0,0.00137335097638237,137,20,10215859776,10508307131,0.97216988889321,1,0.00149271345951237,0.00165111900872496,0.00288885721290285,0.000296834501095804,0.000864456738217778,0.000807140381187514
1.8,"paired",5,5,0.175328435806585,0.255255511140168,0.162821515501734,0.0799270753335831,-0.0125069203048506,0.207896869960274,0.214904075168137,0.207629145886969,0.128943396728376,3.50380927980527,0.442990029778131,0.456346876641186,0.920103247493847,0.941513096024171,0.00046,0,0.000340156471977109,34,20,10199691424,10319520297,0.98838813534435,1,0.00137819121107748,0.00144256067375328,0.00147842124938145,0.00024916705965783,0.000857596018577238,0.000742236674801888
2,"paired",5,5,0.29389333245106,0.380327279578101,0.287844558467931,0.0864339471270411,-0.00604877398312886,0.170904879000088,0.191678508635002,0.176832615594774,-3.35217379144054,8.39544955566776,0.421665940684737,0.420625506051706,0.919276771070843,0.945867834713389,4e-05,0,7.00028001120045e-05,7,20,10170998966,10219469550,0.99525703523428,1,0.00130514311594687,0.0013300037503125,0.000669086582975545,0.000203869706575444,0.000861452016299884,0.000715569158955858
2.5,"paired",5,5,0.53664724034191,0.631019869185925,0.532620171055792,0.0943726288440148,-0.00402706928611762,0.138897506353432,0.158756576120804,0.147343607698011,-5.73224823019807,7.74581849942508,0.390574661262122,0.383872832522659,0.92055,0.95032,0,0,0,0,20,10092195811,10096632793,0.99956054834409,1,0.00119851495352868,0.00121385175247232,9.55896950174058e-05,0.000122977782998541,0.000855205808563062,0.000687109144168523
3,"paired",5,5,0.729307511349758,0.82739549204834,0.725090082235424,0.0980879806985812,-0.00421742911433454,0.126951977068042,0.144432541497418,0.138076160780377,-8.05655635952141,4.60353234122082,0.377799342128791,0.371608082160633,0.9197,0.94973,0,0,0,0,20,10032644562,10033007833,0.999963792413397,1,0.0011537435680412,0.00117505812954244,6.63581786816553e-05,8.99501725902945e-05,0.000859371339992206,0.000690962568450709
4,"paired",5,5,1.02706186684777,1.12776728629428,1.02235800205145,0.100705419446503,-0.00470386479632134,0.116788342922764,0.133211987207232,0.130411495675288,-10.4462821179843,2.14742689472514,0.366952881018057,0.361154147012537,0.9176,0.94701,0,0,0,0,20,10001175069,10001176824,0.999999824520651,1,0.0011158587747666,0.00114197852727312,5.25451200337225e-05,7.50638610398714e-05,0.000869541488371889,0.0007083929693327
5,"paired",5,5,1.25479963118919,1.35538112513945,1.24883199459265,0.100581493950262,-0.00596763659653732,0.112521626484232,0.128781534127044,0.127012082250106,-11.4087223114256,1.3931366572308,0.36203072409676,0.356435723259933,0.91557,0.94709,0,0,0,0,20,10000014992,10000015000,0.999999999200001,1,0.00109977642170095,0.00112699637199995,4.92134539415019e-05,7.21412931516643e-05,0.000879213143100125,0.000707887928276786
0.6,"paired",10,10,-1.26286432215413,-1.08472493393017,-1.33716507952216,0.178139388223954,-0.0743007573680348,2.20141628305641,0.344899759227301,0.892489454247756,146.66020114623,-61.355312649828,0.633964022590711,0.840782049492394,0.871105072463768,0.801889233954451,0.2272,0,0.0495341614906832,3828,20,10191974650,23742674324,0.429268182299816,1,0.00218863740153949,0.00264839737617267,0.0171252978701192,0.000295962154490145,0.00120536791755144,0.00143376400564816
0.7,"paired",10,10,-0.965510768280782,-0.926075770986178,-1.1159695505012,0.0394349972946036,-0.150458782220416,1.46945591803074,0.304955948677139,0.708147007953478,107.50718445841,-56.936067617026,0.574183428557126,0.816549146984481,0.908857233445058,0.844392608026089,0.11688,0,0.0299846000543527,2648,20,10209605450,15805222377,0.645964049506647,1,0.00192759838790127,0.00253795410814476,0.0129211942665279,0.000321761395227757,0.000968498778662115,0.00121976863888049
0.8,"paired",10,10,-0.757063866314888,-0.758789395837073,-0.877615958994056,-0.00172552952218574,-0.120552092679168,0.875719713893021,0.262541388576887,0.507408785448065,72.5866281798257,-48.2584070070739,0.520892003232899,0.717787066471507,0.925701880111289,0.880459067532249,0.05112,0,0.0153338672961808,1455,20,10224721548,12693414205,0.805513897432925,1,0.00169099354309591,0.00223761138862219,0.00912910235508935,0.0003275645795653,0.000851370971855742,0.00105319128898944
0.9,"paired",10,10,-0.593721751187363,-0.597518655634433,-0.662241193519697,-0.00379690444707004,-0.0685194423323343,0.495554554200459,0.221540039387764,0.343987421741246,44.0618240318175,-35.5964708632831,0.466061662952854,0.595348719770532,0.930331584576988,0.9059033260327,0.01835,0,0.00661131767941731,649,20,10232483688,11342655714,0.902124153814372,1,0.00148748585473446,0.00187015689620335,0.00606984481512566,0.000311403814229908,0.000812565751837365,0.000931857978539211
1,"paired",10,10,-0.458145365937078,-0.457746448177625,-0.493216182371138,0.00039891775945311,-0.0350708164340601,0.283651520549412,0.185770588292476,0.225090544174864,26.0166310358437,-17.4685062966669,0.411964704598954,0.479956374916497,0.937306439287294,0.929443349555565,0.00548,0,0.00244338977597233,243,20,10236493323,10734942125,0.953567630249334,1,0.00130633700162924,0.00151370555578733,0.00375331766351307,0.000280392509082462,0.000768679869832955,0.00081203300058576
1.2,"paired",10,10,-0.2390179004715,-0.219238394289278,-0.241700368934736,0.0197795061822222,-0.00268246846323561,0.125503616067152,0.131180719033207,0.116563593166094,7.66965281202343,12.5400439966575,0.337243950551074,0.342005263774316,0.939403032849198,0.948775657184012,0.00028,0,0.000190053214900172,19,20,10212594235,10312676850,0.99029518558026,1,0.00106477759230176,0.00108148774578368,0.00110246180943042,0.000196496528670773,0.000754592063170672,0.000697237559552432
1.4,"paired",10,10,-0.0639166857549427,-0.0359059747375617,-0.064159609974258,0.028010711017381,-0.000242924219315294,0.0895172587864776,0.0993483999010103,0.0870843829365379,2.79369936135696,14.0829119423281,0.300166784519169,0.295127303249692,0.940949409494095,0.954279542795428,9.99999999999999e-06,0,1.0000100001e-05,1,20,10157254379,10175647752,0.998192412566916,1,0.000945078223971841,0.000933278828221397,0.000304240103308128,0.000122232482695553,0.000745413803927376,0.000660534127073764
1.6,"paired",10,10,0.0827572192387867,0.117613421075955,0.0836044253145882,0.0348562018371681,0.000847206075801507,0.075346745878405,0.0817488708552108,0.0754219767545754,-0.0997466248003342,8.38866120046569,0.278617394293077,0.274630552366161,0.93781,0.95341,0,0,0,0,20,10090371262,10092992285,0.999740312592541,1,0.000874147937884473,0.000868458270468855,5.44329609878639e-05,7.12207792245306e-05,0.000763691062537725,0.000666478596055417
1.8,"paired",10,10,0.209355167429093,0.246683529977479,0.209119695123692,0.0373283625483863,-0.000235472305400775,0.0678086628201989,0.0723223930201886,0.0689666870713095,-1.67910668220608,4.86569109142425,0.265109996085499,0.26261388548903,0.93629,0.95184,0,0,0,0,20,10040114664,10040525927,0.999959039695431,1,0.000830003567943127,0.000830461841816404,3.69852622366471e-05,4.56042728550816e-05,0.000772340830851251,0.000677056972491976
2,"paired",10,10,0.320926943086197,0.359822411843716,0.320073533582949,0.0388954687575185,-0.000853409503247915,0.062942218778437,0.0666395348008136,0.0656254547218927,-4.0887121541889,1.5452541749513,0.257799587541235,0.256174797306694,0.93481,0.94905,0,0,0,0,20,10013345268,10013385940,0.999995938237051,1,0.000805905821611664,0.000810095393900575,2.77073675631744e-05,3.2227395999663e-05,0.000780642452727239,0.0006953711059571
2.5,"paired",10,10,0.553455545741402,0.594619582361519,0.552008251896386,0.0411640366201166,-0.00144729384501596,0.0561900644160807,0.0592953162568853,0.0591035147520687,-4.92940284213147,0.324517933698432,0.24419015993623,0.243115236824834,0.93383,0.94676,0,0,0,0,20,10000209958,10000210062,0.999999989600218,1,0.000761150022322641,0.000768788103134204,1.88797396090666e-05,2.1741136484614e-05,0.000786075893918647,0.000709968326054057
3,"paired",10,10,0.740802270462108,0.783713219224521,0.739870486640069,0.042910948762413,-0.000931783822038401,0.0528110235997982,0.0557724316269281,0.0559541627476808,-5.61734640201169,-0.32478570284793,0.23766222064109,0.236546975096162,0.93254,0.94563,0,0,0,0,20,1e+10,1e+10,1,1,0.000739205844279143,0.000748025151633826,1.65056760148883e-05,1.95336804894591e-05,0.000793152875554265,0.00071703488827253
4,"paired",10,10,1.03343137973649,1.07790421283773,1.03289947303069,0.0444728331012398,-0.000531906705793839,0.049659814717644,0.0525567242186975,0.0531500540702624,-6.56676538466815,-1.11632972335372,0.231799916861567,0.230542415825083,0.93072,0.9445,0,0,0,0,20,1e+10,1e+10,1,1,0.00071940173833429,0.000729040836100848,1.55912671102202e-05,1.885646590475e-05,0.000802996149430369,0.000724014847914047
5,"paired",10,10,1.2588482363055,1.30420823406897,1.25869805485854,0.0453599977634724,-0.000150181446959552,0.0482647786415404,0.051152957587202,0.0518116909293854,-6.84577597106234,-1.27139904212197,0.229009726406551,0.227620727015233,0.93053,0.94447,0,0,0,0,20,1e+10,1e+10,1,1,0.000709848077239023,0.000719803382385672,1.5622817207985e-05,1.89762686722904e-05,0.00080401442213433,0.000724198999585059
0.3,"paired",20,20,NA,-1.76125469734468,-2.00906200258673,NA,NA,3.9050885407352,0.375912144058256,1.14095384669322,242.265250435254,-67.0528176798959,NA,NA,NA,NA,0.53548,0,0.102643589081202,4768,20,10159639044,65663197144,0.154723490263805,1,NA,NA,0.0291995928664169,0.000207058641015964,NA,NA
0.4,"paired",20,20,-1.75327894865999,-1.54102158682439,-1.78689993365785,0.212257361835597,-0.033620984997857,2.45712211585843,0.327476138333336,0.908282355703635,170.524039185472,-63.9455576476938,0.631535290546161,0.818057313527185,0.854820169789633,0.779439666514327,0.27793,0,0.058789314055424,4245,20,10185301984,27460471788,0.370907756524813,1,0.00221351376353067,0.00258475159062505,0.0190184310458416,0.000275394449480504,0.00131099450611865,0.00154299779669155
0.5,"paired",20,20,-1.29513358272291,-1.30210945004734,-1.45103913950275,-0.00697586732442668,-0.155905556779832,1.31813656626943,0.268149365758624,0.620479927584117,112.438228485761,-56.7835551421167,0.53385478741166,0.776811742448692,0.917165847116674,0.85042467590523,0.1052,0,0.0275480554313813,2465,20,10212981805,15359790487,0.664916739173227,1,0.00178453676858131,0.00240652390789841,0.0123105364130248,0.000313949414540267,0.000921437042132116,0.00119229827367562
0.6,"paired",20,20,-1.02011041426328,-1.05935124749838,-1.10866725391352,-0.0392408332350986,-0.088556839650241,0.569439776050385,0.205399057246413,0.350889006303223,62.284872373089,-41.4632394983283,0.451361453602708,0.604723656337868,0.936281566175866,0.900499712100025,0.02744,0,0.00904828493871843,880,20,10233622367,11799076098,0.86732404147598,1,0.00144185300694059,0.00189169755829375,0.0070655078299362,0.000307835030440115,0.000783208840345244,0.000959833173858754
0.7,"paired",20,20,-0.817377860209195,-0.843082437569259,-0.845279392982471,-0.0257045773600639,-0.0279015327732758,0.228679008449283,0.149619984471405,0.172787567586149,32.3469110908498,-13.4081308270015,0.363595153435234,0.421422428602749,0.945881052843078,0.934779987944545,0.0046,0,0.00206951979103878,206,20,10240796599,10701487668,0.956950745233527,1,0.00114956479348569,0.00132973732744366,0.00349575433679743,0.000261463922736399,0.000717123764090544,0.000782611674832353
0.8,"paired",20,20,-0.654666659991881,-0.663862008322587,-0.658016544536243,-0.00919534833070557,-0.00334988454436191,0.10872996932102,0.107526659248545,0.0948505719343505,14.6329084829096,13.3642708269255,0.3005035071175,0.309406583949978,0.949677793788024,0.950778498238873,0.00064,0,0.000390249759846302,39,20,10228953865,10362502280,0.987112339144402,1,0.000950139374370896,0.000978377072946986,0.00146194447223805,0.00019726818257542,0.000691523585176542,0.000684315102154591
0.9,"paired",20,20,-0.51781874475336,-0.516680651060256,-0.515251161563186,0.0011380936931048,0.00256758319017436,0.0702692457716961,0.0793491837032619,0.0638015127132762,10.1372722735993,24.3688124760566,0.259200693377372,0.252798899634306,0.949946996819809,0.956607396443787,6e-05,0,3.00018001080065e-05,3,20,10191586297,10225533560,0.996680147514963,1,0.000819685350476465,0.000799383075791446,0.000432865242779548,0.000134088118462722,0.000689569090708246,0.000644299435382348
1,"paired",20,20,-0.399253848108886,-0.392876355810428,-0.397297692211141,0.00637749229845724,0.00195615589774473,0.055966983402208,0.0619717202502662,0.0522255758997366,7.16393728171461,18.6616311694491,0.234948797780921,0.228536387015009,0.94755,0.95801,0,0,9.99999999999999e-06,1,20,10138775738,10146466963,0.999241979988892,1,0.000742703283814278,0.000722672649958034,0.000210451716644421,8.57779613822304e-05,0.000704975159136831,0.000634246323599908
1.2,"paired",20,20,-0.200238783298563,-0.186869078597783,-0.198638702801098,0.01336970470078,0.0016000804974648,0.0425377232706873,0.0447705466901483,0.0418118413861684,1.73606772735695,7.07623774962154,0.20721679649631,0.204484677972099,0.94547,0.956,0,0,0,0,20,10037911733,10038168810,0.999974390050131,1,0.000653914974222187,0.000646620765102455,2.8359306414054e-05,3.54300365103642e-05,0.000718028405426972,0.000648567652600714
1.4,"paired",20,20,-0.0362853464174178,-0.0213833737214788,-0.0365840774450666,0.014901972695939,-0.00029873102764879,0.0360634289541501,0.0372842696176409,0.0360369442354298,0.0734932422329582,3.46124070360219,0.190989585990674,0.189833277130787,0.94401,0.9516,0,0,0,0,20,10004164951,10004172265,0.999999268905032,1,0.000602123871971671,0.000600307789683174,1.66613539389229e-05,1.86520498355224e-05,0.000727015267377515,0.000678656319501999
1.6,"paired",20,20,0.103507084692163,0.119820113581315,0.102765116566355,0.0163130288891517,-0.000741968125808221,0.032267830682508,0.0331741984223417,0.0326010792653537,-1.02220107540996,1.75797602380916,0.181172589508611,0.180558311277163,0.94435,0.95036,0,0,0,0,20,10000214910,10000215042,0.999999986800284,1,0.000570593707070943,0.000570973548120697,1.11745440072365e-05,1.1957243470458e-05,0.000724935014328871,0.000686846929089736
1.8,"paired",20,20,0.225537809680109,0.244391279086548,0.226222126063565,0.0188534694064399,0.000684316383456146,0.0298125017469383,0.0305900376482618,0.0307249884546679,-2.9698520768394,-0.439221666772271,0.175816934065817,0.175285907858265,0.94048,0.9469,0,0,0,0,20,10000014994,10000015000,0.999999999400001,1,0.000552778857773251,0.000554301257933517,8.34385970444391e-06,8.82512222273155e-06,0.000748180256355379,0.000709086666071222
2,"paired",20,20,0.333914686287828,0.353244246833613,0.334308685141709,0.0193295605457857,0.000393998853881083,0.0281465510940173,0.0288627485763111,0.0288263126144128,-2.35812859413606,0.126398275026474,0.170235349213183,0.169782742310235,0.94249,0.94893,0,0,0,0,20,1e+10,1e+10,1,1,0.000534852580419353,0.000536901411940896,6.70590809264265e-06,7.10296002685847e-06,0.000736224149970645,0.000696145495568275
2.5,"paired",20,20,0.561652450629241,0.581687526658821,0.561676356599051,0.0200350760295805,2.39059698102784e-05,0.0256972526924455,0.0263543162948854,0.0265024356697408,-3.03814708704178,-0.558889668486318,0.163160925687824,0.162794874664037,0.94189,0.94746,0,0,0,0,20,1e+10,1e+10,1,1,0.000512058059239894,0.000514805163821623,5.17152603702164e-06,5.62608512962825e-06,0.000739819085317485,0.000705546230944507
3,"paired",20,20,0.746452048089074,0.766725346833479,0.746160376336265,0.0202732987444049,-0.000291671752809308,0.0244164316868056,0.0250549871516362,0.0252745965754689,-3.3953653270026,-0.868893883931832,0.159308033020321,0.15897933482662,0.94151,0.94782,0,0,0,0,20,1e+10,1e+10,1,1,0.000499682823656647,0.000502738466555613,4.87907786439462e-06,5.39622459221713e-06,0.00074208436110728,0.000703258470265378
4,"paired",20,20,1.03658596433312,1.05924254930538,1.03817451966912,0.02265658497226,0.00158855533599667,0.0231578490569574,0.023783679518493,0.0240777667687091,-3.82061060973152,-1.22140584316296,0.155791537538626,0.155177477422134,0.93978,0.94595,0,0,0,0,20,1e+10,1e+10,1,1,0.000487420966980729,0.000490691010399713,4.95849390695859e-06,5.51948912467103e-06,0.000752286857521784,0.000715042638588777
5,"paired",20,20,1.26086031145536,1.28270385465098,1.26139831696364,0.0218435431956252,0.000538005508283979,0.0225984847692374,0.0232229625421634,0.0234455094855151,-3.61273751291712,-0.949209244052696,0.153617673531433,0.153119445141194,0.94019,0.94688,0,0,0,0,20,1e+10,1e+10,1,1,0.000480848005680334,0.000484205632820552,5.10082552231913e-06,5.67604438138905e-06,0.000749885083862854,0.000709212701521906
0.2,"paired",100,100,-2.30258509299405,-2.2731489981066,-2.4559865807373,0.0294360948874424,-0.153401487743249,1.80041540319115,0.277351782246552,0.726254024136889,147.904361745994,-61.8106374589567,0.544108621256602,0.799483250016958,0.899448430712159,0.823204959242446,0.18052,0,0.0408185678723093,3345,20,10197172432,19173300793,0.531842302068452,1,0.00189794055104702,0.00248122471189513,0.0153416663660825,0.000291186954474075,0.00105054190657792,0.00133266149264882
0.3,"paired",100,100,-1.67620360874636,-1.72355545686283,-1.70671967557547,-0.0473518481164654,-0.0305160668291067,0.233059616380264,0.135804092768625,0.162386417652691,43.5216194489418,-16.3697957429663,0.342869729291175,0.41034603200096,0.94743197552729,0.929771775881501,0.00624,0,0.00242513282885204,241,20,10245431075,10824443558,0.946508799283999,1,0.00107723126926783,0.00129404138336962,0.00381151759735217,0.000259450623995018,0.000707936152485859,0.000810593779370142
0.4,"paired",100,100,-1.32963001846639,-1.34561376127946,-1.32595184325338,-0.0159837428130736,0.00367817521301239,0.0457369572871203,0.0540053617230393,0.0386461941601365,18.3478950025508,39.743027474477,0.207300592950469,0.196656526653109,0.957329573295733,0.957189571895719,9.99999999999999e-06,0,1.0000100001e-05,1,20,10198569526,10221680074,0.997739065610282,1,0.000653597048505462,0.000621776865996464,0.000251798052855252,0.000110946435526805,0.0006391405939998,0.000640141430707781
0.5,"paired",100,100,-1.08141157530944,-1.08833818944551,-1.08056883525381,-0.00692661413606244,0.000842740055628788,0.0256065557628259,0.0275271988114944,0.0236984101211204,8.05178757542424,16.1563103634607,0.158613232694085,0.153944416423008,0.95428,0.96168,0,0,0,0,20,10048765733,10049202115,0.999956575457931,1,0.000501103090257733,0.000486810128501045,2.66790461375226e-05,3.46830017771577e-05,0.000660527679965041,0.000607055002450355
0.6,"paired",100,100,-0.885978420965938,-0.888875232315353,-0.885851937096021,-0.002896811349415,0.000126483869917204,0.0178185435694272,0.0184032467327555,0.0171113751266298,4.13273882177327,7.54978250763263,0.132664845472757,0.130809862055763,0.95241,0.95752,0,0,0,0,20,10002185262,10002187210,0.999999805242598,1,0.000419425149767783,0.000413658979433902,1.27674793939974e-05,1.42055568360377e-05,0.000673239867357839,0.000637773075631137
0.7,"paired",100,100,-0.724084882418989,-0.724084305692073,-0.723358883495581,5.76726916556858e-07,0.000725998923408189,0.0136971375458547,0.0139586094283507,0.0134633152856407,1.73673612519079,3.67884233713445,0.116943100206659,0.116033218204636,0.94979,0.95335,0,0,0,0,20,10000024993,10000025000,0.999999999300002,1,0.000369808402336487,0.000366923906084636,7.5000692133711e-06,7.95564387344412e-06,0.000690571907189975,0.000666886628295994
0.8,"paired",100,100,-0.585591490751473,-0.584620796254741,-0.585199531152094,0.000970694496731372,0.000391959599378877,0.0112552455981612,0.0114011043554366,0.0112067995933696,0.43229116741168,1.73381133880539,0.106383369358843,0.105862368940531,0.94844,0.95116,0,0,0,0,20,1e+10,1e+10,1,1,0.000336401429757009,0.000334765583556159,4.92849747631236e-06,5.12519958397186e-06,0.000699296549398036,0.000681576513679866
0.9,"paired",100,100,-0.464434757040508,-0.462996127660893,-0.464407056716509,0.0014386293796147,2.77003239990137e-05,0.00965034856191141,0.00974311146394032,0.00958992425105162,0.630081211049904,1.59737667241642,0.0982356100199459,0.0979276728974862,0.94921,0.95112,0,0,0,0,20,1e+10,1e+10,1,1,0.000310616514437305,0.000309676028311066,3.41744530444493e-06,3.51630705108327e-06,0.000694336920377996,0.000681841224919703
1,"paired",100,100,-0.356674943938733,-0.354988705863957,-0.356962133677736,0.00168623807477525,-0.00028718973900338,0.00854964155156055,0.00861583029272541,0.00852578607129881,0.279803880395724,1.05613981718025,0.0925329279457218,0.092335168226328,0.94947,0.95112,0,0,0,0,20,1e+10,1e+10,1,1,0.000292567683642825,0.000291989487333,2.52101479766036e-06,2.57800168761496e-06,0.000692652287226426,0.000681841224919703
1.2,"paired",100,100,-0.171245154473388,-0.168579812995097,-0.171257212520944,0.00266534147829081,-1.20580475556353e-05,0.00714741298493523,0.00718937764754998,0.00715730849975977,-0.138257486384452,0.448061555419565,0.0846959118362934,0.0846004555074693,0.94857,0.94987,0,0,0,0,20,1e+10,1e+10,1,1,0.000267700674265798,0.000267531465434625,1.49299283003118e-06,1.51523420273818e-06,0.000698462276003507,0.000690050600318556
1.4,"paired",100,100,-0.0152296037423545,-0.0124196555798592,-0.0155037752633411,0.00280994816249533,-0.000274171520986638,0.00632792779460805,0.00636055681985705,0.00634676492870149,-0.296798988225588,0.217305844953919,0.0797157995434476,0.0796666594697878,0.94865,0.94988,0,0,0,0,20,1e+10,1e+10,1,1,0.000251928092040939,0.000251927865245222,9.83591357544544e-07,9.95918527490955e-07,0.000697948260976414,0.000689985402744145
1.6,"paired",100,100,0.11950845023525,0.122719893497289,0.119381143475425,0.00321144326203941,-0.000127306759824836,0.00580536711855212,0.00583360451276615,0.00583426621205623,-0.495333816691246,-0.0113416026288227,0.0764185967258335,0.0763820926422235,0.94867,0.95001,0,0,0,0,20,1e+10,1e+10,1,1,0.000241444545458969,0.000241542257422096,6.92081601071193e-07,7.01112056382059e-07,0.000697819683729257,0.000689137140923343
1.8,"paired",100,100,0.238117089498186,0.241945105733756,0.238431829009241,0.00382801623557022,0.000314739511055151,0.00544931298519876,0.00547539724226086,0.00549388500415535,-0.811302364772526,-0.336515268894555,0.0741685843163688,0.0741210437478125,0.94755,0.94839,0,0,0,0,20,1e+10,1e+10,1,1,0.000234230229795282,0.000234390379584047,5.28561882487216e-07,5.38460842101103e-07,0.000704975159136831,0.000699617094559589
2,"paired",100,100,0.3440673193682,0.347377442592426,0.343741069966402,0.00331012322422575,-0.000326249401798484,0.00519865682707686,0.00522346898880606,0.00522040751782886,-0.41664737240753,0.0586442910203822,0.0722667787207166,0.0722527629397371,0.94813,0.94931,0,0,0,0,20,1e+10,1e+10,1,1,0.00022828890701772,0.00022848211128727,4.35979856197353e-07,4.47342652785896e-07,0.000701280992897996,0.000693689584035972
2.5,"paired",100,100,0.568114576119708,0.572016223822979,0.568194110899104,0.00390164770327062,7.95347793961509e-05,0.0048145654613375,0.00483808523224344,0.00483129268682698,-0.346226705227282,0.140594781909464,0.0695423905018536,0.0695071989054461,0.94784,0.94897,0,0,0,0,20,1e+10,1e+10,1,1,0.000219567061090824,0.000219802017434485,3.62862282875594e-07,3.76444009419028e-07,0.000703131100151316,0.000695887484439834
3,"paired",100,100,0.750926350877081,0.754886525715301,0.750965186727853,0.00396017483821942,3.88358507713571e-05,0.00460780689137396,0.00463083674634406,0.00462262593054825,-0.320576213540325,0.177622328070259,0.0680230150715938,0.067989566938702,0.94823,0.94976,0,0,0,0,20,1e+10,1e+10,1,1,0.000214743887214936,0.000215002928597455,3.67721606750586e-07,3.82398285233756e-07,0.000700641613808372,0.000690767271951994
4,"paired",100,100,1.03909537988909,1.0430869051203,1.03906696694468,0.00399152523121016,-2.84129444088066e-05,0.00440337771580075,0.00442605496743269,0.00441317019905509,-0.221892263670997,0.291961737173851,0.0664662772511936,0.0664313696580803,0.94781,0.94942,0,0,0,0,20,1e+10,1e+10,1,1,0.000209806524129702,0.000210075467369588,3.96362467446368e-07,4.10976133546289e-07,0.000703322144539755,0.000692976648957235
5,"paired",100,100,1.26246416206874,1.26682556232402,1.26276164993956,0.00436140025528187,0.000297487870814628,0.00430835527302514,0.00433096701961314,0.00439204798406549,-1.90555092621909,-1.39071714776233,0.0663258539685666,0.0662728644515908,0.94628,0.94766,0,0,0,0,20,1e+10,1e+10,1,1,0.000209287861422534,0.000209572135172248,4.19795920731643e-07,4.34304105825595e-07,0.00071298079637533,0.000704276397446344
