"design","n1","n2","r","theta","lnM_true","delta_var_cap","delta_var_capped_rate","delta_var_capped_n","bias_PI","bias_BC","Var_MC_PI","Var_MC_BC","Var_delta_bar","Var_SAFE_bar","rb_delta_PI","rb_delta_BC","rb_SAFE_PI","rb_SAFE_BC","cover_PI","cover_BC","rmse_PI","rmse_BC","PI_valid_rate","SAFE_kept_rate","SAFE_status_ok","delta_mean","safe_mean","delta_bias","safe_bias","mean_var_delta","mean_var_safe","relbias_delta","relbias_safe","rmse_delta","rmse_safe","cover_delta","cover_safe","facet_label"
"indep",5,5,NA,0.2,-1.95601150271407,20,0,0,NA,1.41355341193339,NA,0.0598292131814518,NA,0.501827489948706,NA,NA,NA,738.766654722249,NA,0.595,NA,1.43445575585449,0,0.414588866344861,1,NA,-0.54245809078068,NA,1.41355341193339,NA,0.501827489948706,NA,738.766654722249,NA,1.43445575585449,NA,0.595,"indep n1=5 n2=5"
"indep",10,10,NA,0.2,-1.95601150271407,20,0,0,NA,1.00909478593266,NA,0.0616604424330814,NA,0.449880684084618,NA,NA,NA,629.609886553868,NA,0.835,NA,1.03904977128981,0,0.402405512649645,1,NA,-0.946916716781409,NA,1.00909478593266,NA,0.449880684084618,NA,629.609886553868,NA,1.03904977128981,NA,0.835,"indep n1=10 n2=10"
"indep",20,20,NA,0.2,-1.95601150271407,20,0,0,NA,0.676583937681222,NA,0.0696300303419865,NA,0.426500704821908,NA,NA,NA,512.524082967016,NA,0.925,NA,0.725980512767736,0,0.419195374530666,1,NA,-1.27942756503285,NA,0.676583937681222,NA,0.426500704821908,NA,512.524082967016,NA,0.725980512767736,NA,0.925,"indep n1=20 n2=20"
"indep",100,100,NA,0.2,-1.95601150271407,20,0,0,NA,0.0323010484047157,NA,0.120804034304788,NA,0.371338457457421,NA,NA,NA,207.389119572395,NA,0.97,NA,0.34820018934703,0,0.457649919959338,1,NA,-1.92371045430936,NA,0.0323010484047157,NA,0.371338457457421,NA,207.389119572395,NA,0.34820018934703,NA,0.97,"indep n1=100 n2=100"
"indep",3,7,NA,0.2,-1.95601150271407,20,0,0,NA,1.4876013016803,NA,0.0987735155470387,NA,0.494945897517197,NA,NA,NA,401.091709428414,NA,0.45,NA,1.52027539634444,0,0.400679237370639,1,NA,-0.468410201033769,NA,1.4876013016803,NA,0.494945897517197,NA,401.091709428414,NA,1.52027539634444,NA,0.45,"indep n1=3 n2=7"
"indep",6,14,NA,0.2,-1.95601150271407,20,0,0,NA,1.03980951127332,NA,0.0532009139411172,NA,0.454909071616949,NA,NA,NA,755.077550209838,NA,0.845,NA,1.0649594964626,0,0.392278601769913,1,NA,-0.916201991440754,NA,1.03980951127332,NA,0.454909071616949,NA,755.077550209838,NA,1.0649594964626,NA,0.845,"indep n1=6 n2=14"
"indep",12,28,NA,0.2,-1.95601150271407,20,0,0,NA,0.724775287032056,NA,0.0785497890354559,NA,0.427927714749454,NA,NA,NA,444.785313880723,NA,0.9,NA,0.776824469737326,0,0.396320908145863,1,NA,-1.23123621568202,NA,0.724775287032056,NA,0.427927714749454,NA,444.785313880723,NA,0.776824469737326,NA,0.9,"indep n1=12 n2=28"
"indep",40,160,NA,0.2,-1.95601150271407,20,0,0,NA,0.181753388956857,NA,0.113359011160226,NA,0.383700579888327,NA,NA,NA,238.482645500489,NA,0.955,NA,0.381872374624988,0,0.428634127860743,1,NA,-1.77425811375722,NA,0.181753388956857,NA,0.383700579888327,NA,238.482645500489,NA,0.381872374624988,NA,0.955,"indep n1=40 n2=160"
"indep",5,5,NA,0.3,-1.55054639460591,20,0,0,NA,1.06215100147019,NA,0.0876567613544281,NA,0.488251801393832,NA,NA,NA,457.004153301595,NA,0.835,NA,1.10244420605842,0,0.423141548535196,1,NA,-0.488395393135716,NA,1.06215100147019,NA,0.488251801393832,NA,457.004153301595,NA,1.10244420605842,NA,0.835,"indep n1=5 n2=5"
"indep",10,10,NA,0.3,-1.55054639460591,20,0,0,NA,0.642233355053177,NA,0.0625584841185577,NA,0.442363443383112,NA,NA,NA,607.11982493816,NA,0.945,NA,0.688991563112949,0,0.418705257526304,1,NA,-0.908313039552731,NA,0.642233355053177,NA,0.442363443383112,NA,607.11982493816,NA,0.688991563112949,NA,0.945,"indep n1=10 n2=10"
"indep",20,20,NA,0.3,-1.55054639460591,20,0,0,NA,0.323307924049946,NA,0.0750914737060613,NA,0.412565521137824,NA,NA,NA,449.41726507163,NA,0.985,NA,0.423372212232944,0,0.432703417999126,1,NA,-1.22723847055596,NA,0.323307924049946,NA,0.412565521137824,NA,449.41726507163,NA,0.423372212232944,NA,0.985,"indep n1=20 n2=20"
"indep",100,100,NA,0.3,-1.55054639460591,20,0,0,NA,-0.148786462358383,NA,0.15897184101638,NA,0.309582386235008,NA,NA,NA,94.7403919182826,NA,0.975,NA,0.424634422995146,0,0.49027663853474,1,NA,-1.69933285696429,NA,-0.148786462358383,NA,0.309582386235008,NA,94.7403919182826,NA,0.424634422995146,NA,0.975,"indep n1=100 n2=100"
"indep",3,7,NA,0.3,-1.55054639460591,20,0,0,NA,1.09210330456591,NA,0.0923440577840784,NA,0.496318904389582,NA,NA,NA,437.467072922104,NA,0.82,NA,1.1333895911552,0,0.399709469848563,1,NA,-0.458443090039996,NA,1.09210330456591,NA,0.496318904389582,NA,437.467072922104,NA,1.1333895911552,NA,0.82,"indep n1=3 n2=7"
"indep",6,14,NA,0.3,-1.55054639460591,20,0,0,NA,0.717866508479766,NA,0.0821096912785839,NA,0.437676936232983,NA,NA,NA,433.039315356845,NA,0.91,NA,0.772678113329943,0,0.409761402424503,1,NA,-0.832679886126143,NA,0.717866508479766,NA,0.437676936232983,NA,433.039315356845,NA,0.772678113329943,NA,0.91,"indep n1=6 n2=14"
"indep",12,28,NA,0.3,-1.55054639460591,20,0,0,NA,0.383651269884212,NA,0.0870995257125965,NA,0.419254891215863,NA,NA,NA,381.351520327774,NA,0.955,NA,0.483582800529343,0,0.417643449721271,1,NA,-1.1668951247217,NA,0.383651269884212,NA,0.419254891215863,NA,381.351520327774,NA,0.483582800529343,NA,0.955,"indep n1=12 n2=28"
"indep",40,160,NA,0.3,-1.55054639460591,20,0,0,NA,-0.0316579007409024,NA,0.14092511922466,NA,0.338958828283823,NA,NA,NA,140.524067071011,NA,0.96,NA,0.375796110022253,0,0.474185483281675,1,NA,-1.58220429534681,NA,-0.0316579007409024,NA,0.338958828283823,NA,140.524067071011,NA,0.375796110022253,NA,0.96,"indep n1=40 n2=160"
"indep",5,5,NA,0.4,-1.26286432215413,20,0,0,NA,0.814820351431811,NA,0.087818574129514,NA,0.484206170289841,NA,NA,NA,451.371022690187,NA,0.91,NA,0.866782375435914,0,0.437673530791998,1,NA,-0.448043970722317,NA,0.814820351431811,NA,0.484206170289841,NA,451.371022690187,NA,0.866782375435914,NA,0.91,"indep n1=5 n2=5"
"indep",10,10,NA,0.4,-1.26286432215413,20,0,0,NA,0.401153291954476,NA,0.103100619470324,NA,0.431811155732111,NA,NA,NA,318.824986649474,NA,0.925,NA,0.513331354992938,0,0.420062347434673,1,NA,-0.861711030199652,NA,0.401153291954476,NA,0.431811155732111,NA,318.824986649474,NA,0.513331354992938,NA,0.925,"indep n1=10 n2=10"
"indep",20,20,NA,0.4,-1.26286432215413,20,0,0,NA,0.107491058976429,NA,0.108560801120576,NA,0.395466035934457,NA,NA,NA,264.280690500085,NA,0.97,NA,0.345792314655556,0,0.441731579828974,1,NA,-1.1553732631777,NA,0.107491058976429,NA,0.395466035934457,NA,264.280690500085,NA,0.345792314655556,NA,0.97,"indep n1=20 n2=20"
"indep",100,100,NA,0.4,-1.26286432215413,20,0,0,NA,-0.179479485641547,NA,0.125912310232147,NA,0.239850828471392,NA,NA,NA,90.4903722512711,NA,0.99,NA,0.396857196541956,0,0.524038948516008,1,NA,-1.44234380779567,NA,-0.179479485641547,NA,0.239850828471392,NA,90.4903722512711,NA,0.396857196541956,NA,0.99,"indep n1=100 n2=100"
"indep",3,7,NA,0.4,-1.26286432215413,20,0,0,NA,0.853246404960912,NA,0.130070516151786,NA,0.478906350121126,NA,NA,NA,268.189782196501,NA,0.89,NA,0.92598574025184,0,0.421164796511376,1,NA,-0.409617917193216,NA,0.853246404960912,NA,0.478906350121126,NA,268.189782196501,NA,0.92598574025184,NA,0.89,"indep n1=3 n2=7"
"indep",6,14,NA,0.4,-1.26286432215413,20,0,0,NA,0.444431493001444,NA,0.0947530791391447,NA,0.431888719637553,NA,NA,NA,355.804416659986,NA,0.945,NA,0.540183918415702,0,0.410224388575251,1,NA,-0.818432829152684,NA,0.444431493001444,NA,0.431888719637553,NA,355.804416659986,NA,0.540183918415702,NA,0.945,"indep n1=6 n2=14"
"indep",12,28,NA,0.4,-1.26286432215413,20,0,0,NA,0.179783053487257,NA,0.0953267151460843,NA,0.397841460519041,NA,NA,NA,317.345190075379,NA,0.98,NA,0.35661187289763,0,0.448607054194038,1,NA,-1.08308126866687,NA,0.179783053487257,NA,0.397841460519041,NA,317.345190075379,NA,0.35661187289763,NA,0.98,"indep n1=12 n2=28"
"indep",40,160,NA,0.4,-1.26286432215413,20,0,0,NA,-0.164985452497856,NA,0.153425499252434,NA,0.294572638486472,NA,NA,NA,91.9971842501921,NA,0.98,NA,0.424120939464316,0,0.49070987656968,1,NA,-1.42784977465198,NA,-0.164985452497856,NA,0.294572638486472,NA,91.9971842501921,NA,0.424120939464316,NA,0.98,"indep n1=40 n2=160"
"indep",5,5,NA,0.5,-1.03972077083992,20,0,0,NA,0.623337924626522,NA,0.121723147843859,NA,0.473862498268079,NA,NA,NA,289.295303861127,NA,0.91,NA,0.71390804756799,0,0.433832945913706,1,NA,-0.416382846213396,NA,0.623337924626522,NA,0.473862498268079,NA,289.295303861127,NA,0.71390804756799,NA,0.91,"indep n1=5 n2=5"
"indep",10,10,NA,0.5,-1.03972077083992,20,0,0,NA,0.24851553517257,NA,0.125161680286835,NA,0.411780780946685,NA,NA,NA,228.999083427931,NA,0.94,NA,0.431620021671273,0,0.438242425951418,1,NA,-0.791205235667347,NA,0.24851553517257,NA,0.411780780946685,NA,228.999083427931,NA,0.431620021671273,NA,0.94,"indep n1=10 n2=10"
"indep",20,20,NA,0.5,-1.03972077083992,20,0,0,NA,-0.000665233069149007,NA,0.120025813107153,NA,0.370720207922211,NA,NA,NA,208.867066446157,NA,0.95,NA,0.345580853891899,0,0.46444688338096,1,NA,-1.04038600390907,NA,-0.000665233069149007,NA,0.370720207922211,NA,208.867066446157,NA,0.345580853891899,NA,0.95,"indep n1=20 n2=20"
"indep",100,100,NA,0.5,-1.03972077083992,20,0,0,NA,-0.124935468812791,NA,0.110488752979948,NA,0.159009498169574,NA,NA,NA,43.9146464060749,NA,0.97,NA,0.354323553524911,0,0.625,1,NA,-1.16465623965271,NA,-0.124935468812791,NA,0.159009498169574,NA,43.9146464060749,NA,0.354323553524911,NA,0.97,"indep n1=100 n2=100"
"indep",3,7,NA,0.5,-1.03972077083992,20,0,0,NA,0.660856196155246,NA,0.106844019180195,NA,0.47330754527355,NA,NA,NA,342.989274369495,NA,0.92,NA,0.736912960315582,0,0.432060044422683,1,NA,-0.378864574684672,NA,0.660856196155246,NA,0.47330754527355,NA,342.989274369495,NA,0.736912960315582,NA,0.92,"indep n1=3 n2=7"
"indep",6,14,NA,0.5,-1.03972077083992,20,0,0,NA,0.260633162498827,NA,0.10861129706198,NA,0.425123077214892,NA,NA,NA,291.416996863864,NA,0.955,NA,0.419521019700813,0,0.42913583891655,1,NA,-0.779087608341091,NA,0.260633162498827,NA,0.425123077214892,NA,291.416996863864,NA,0.419521019700813,NA,0.955,"indep n1=6 n2=14"
"indep",12,28,NA,0.5,-1.03972077083992,20,0,0,NA,0.0352328336684076,NA,0.125195478147826,NA,0.37508781384799,NA,NA,NA,199.601726353967,NA,0.97,NA,0.35469825672731,0,0.451393928871867,1,NA,-1.00448793717151,NA,0.0352328336684076,NA,0.37508781384799,NA,199.601726353967,NA,0.35469825672731,NA,0.97,"indep n1=12 n2=28"
"indep",40,160,NA,0.5,-1.03972077083992,20,0,0,NA,-0.142034389867979,NA,0.149078388573404,NA,0.229112948485415,NA,NA,NA,53.6862255340275,NA,0.945,NA,0.410495754589138,0,0.542757969139073,1,NA,-1.1817551607079,NA,-0.142034389867979,NA,0.229112948485415,NA,53.6862255340275,NA,0.410495754589138,NA,0.945,"indep n1=40 n2=160"
"indep",5,5,NA,0.6,-0.857399214045963,20,0,0,NA,0.448267958909013,NA,0.135977650144337,NA,0.469729840076729,NA,NA,NA,245.446357969948,NA,0.925,NA,0.57986371233081,0,0.436155797899707,1,NA,-0.40913125513695,NA,0.448267958909013,NA,0.469729840076729,NA,245.446357969948,NA,0.57986371233081,NA,0.925,"indep n1=5 n2=5"
"indep",10,10,NA,0.6,-0.857399214045963,20,0,0,NA,0.1104156189254,NA,0.134871332222865,NA,0.407888637798369,NA,NA,NA,202.427974185325,NA,0.96,NA,0.382607611613294,0,0.456613143902888,1,NA,-0.746983595120564,NA,0.1104156189254,NA,0.407888637798369,NA,202.427974185325,NA,0.382607611613294,NA,0.96,"indep n1=10 n2=10"
"indep",20,20,NA,0.6,-0.857399214045963,20,0,0,NA,-0.0906983720183098,NA,0.145653392387043,NA,0.340809396028738,NA,NA,NA,133.986583108967,NA,0.975,NA,0.391345525222762,0,0.472211868148505,1,NA,-0.948097586064273,NA,-0.0906983720183098,NA,0.340809396028738,NA,133.986583108967,NA,0.391345525222762,NA,0.975,"indep n1=20 n2=20"
"indep",100,100,NA,0.6,-0.857399214045963,20,0,0,NA,-0.104837912701812,NA,0.10450641816022,NA,0.109609268084188,NA,NA,NA,4.88281008363064,NA,0.95,NA,0.339079450880014,0,0.7125,1,NA,-0.962237126747776,NA,-0.104837912701812,NA,0.109609268084188,NA,4.88281008363064,NA,0.339079450880014,NA,0.95,"indep n1=100 n2=100"
"indep",3,7,NA,0.6,-0.857399214045963,20,0,0,NA,0.490773996984818,NA,0.128915973871974,NA,0.473644264018944,NA,NA,NA,267.405411286982,NA,0.925,NA,0.607561116365316,0,0.427851179190335,1,NA,-0.366625217061145,NA,0.490773996984818,NA,0.473644264018944,NA,267.405411286982,NA,0.607561116365316,NA,0.925,"indep n1=3 n2=7"
"indep",6,14,NA,0.6,-0.857399214045963,20,0,0,NA,0.146519447328698,NA,0.119428888631952,NA,0.413944420148582,NA,NA,NA,246.603258968816,NA,0.95,NA,0.374566005711008,0,0.448650540057077,1,NA,-0.710879766717265,NA,0.146519447328698,NA,0.413944420148582,NA,246.603258968816,NA,0.374566005711008,NA,0.95,"indep n1=6 n2=14"
"indep",12,28,NA,0.6,-0.857399214045963,20,0,0,NA,-0.0900996433635936,NA,0.129587557506147,NA,0.363428500600153,NA,NA,NA,180.450150920479,NA,0.98,NA,0.370212865055853,0,0.465837939587041,1,NA,-0.947498857409557,NA,-0.0900996433635936,NA,0.363428500600153,NA,180.450150920479,NA,0.370212865055853,NA,0.98,"indep n1=12 n2=28"
"indep",40,160,NA,0.6,-0.857399214045963,20,0,0,NA,-0.113253040523043,NA,0.126275581924288,NA,0.16692778339724,NA,NA,NA,32.1932402555278,NA,0.95,NA,0.372116185085224,0,0.591657550140892,1,NA,-0.970652254569006,NA,-0.113253040523043,NA,0.16692778339724,NA,32.1932402555278,NA,0.372116185085224,NA,0.95,"indep n1=40 n2=160"
"indep",5,5,NA,0.7,-0.703248534218705,20,0,0,NA,0.351303326030834,NA,0.133545765046739,NA,0.460145123056347,NA,NA,NA,244.559876455313,NA,0.935,NA,0.506252963548691,0,0.45615814487359,1,NA,-0.351945208187871,NA,0.351303326030834,NA,0.460145123056347,NA,244.559876455313,NA,0.506252963548691,NA,0.935,"indep n1=5 n2=5"
"indep",10,10,NA,0.7,-0.703248534218705,20,0,0,NA,0.072720704807614,NA,0.149520620710883,NA,0.377033188960854,NA,NA,NA,152.161332108094,NA,0.945,NA,0.392506456653958,0,0.468379980030099,1,NA,-0.630527829411091,NA,0.072720704807614,NA,0.377033188960854,NA,152.161332108094,NA,0.392506456653958,NA,0.945,"indep n1=10 n2=10"
"indep",20,20,NA,0.7,-0.703248534218705,20,0,0,NA,-0.0833621229601212,NA,0.145417630206761,NA,0.301828190630091,NA,NA,NA,107.559558081739,NA,0.965,NA,0.38940953455218,0,0.50135829676473,1,NA,-0.786610657178826,NA,-0.0833621229601212,NA,0.301828190630091,NA,107.559558081739,NA,0.38940953455218,NA,0.965,"indep n1=20 n2=20"
"indep",100,100,NA,0.7,-0.703248534218705,20,0,0,NA,-0.0475848837568853,NA,0.0532269275215415,NA,0.0643872507718877,NA,NA,NA,20.9674384188895,NA,0.97,NA,0.23500024265113,0,0.8825,1,NA,-0.75083341797559,NA,-0.0475848837568853,NA,0.0643872507718877,NA,20.9674384188895,NA,0.23500024265113,NA,0.97,"indep n1=100 n2=100"
"indep",3,7,NA,0.7,-0.703248534218705,20,0,0,NA,0.406726802467817,NA,0.149970460492951,NA,0.458498010875811,NA,NA,NA,205.725547130238,NA,0.925,NA,0.560934309911758,0,0.440384637343313,1,NA,-0.296521731750888,NA,0.406726802467817,NA,0.458498010875811,NA,205.725547130238,NA,0.560934309911758,NA,0.925,"indep n1=3 n2=7"
"indep",6,14,NA,0.7,-0.703248534218705,20,0,0,NA,0.0915163263893197,NA,0.172506048977171,NA,0.386725343843709,NA,NA,NA,124.180743885037,NA,0.92,NA,0.424286173152133,0,0.458678681169279,1,NA,-0.611732207829385,NA,0.0915163263893197,NA,0.386725343843709,NA,124.180743885037,NA,0.424286173152133,NA,0.92,"indep n1=6 n2=14"
"indep",12,28,NA,0.7,-0.703248534218705,20,0,0,NA,-0.100821329531,NA,0.149501270534688,NA,0.326044261604631,NA,NA,NA,118.087953659886,NA,0.965,NA,0.39864608949595,0,0.493180374728682,1,NA,-0.804069863749705,NA,-0.100821329531,NA,0.326044261604631,NA,118.087953659886,NA,0.39864608949595,NA,0.965,"indep n1=12 n2=28"
"indep",40,160,NA,0.7,-0.703248534218705,20,0,0,NA,-0.130197731290012,NA,0.101044338936997,NA,0.132363597272391,NA,NA,NA,30.9955596373605,NA,0.975,NA,0.342768969533968,0,0.641623640201331,1,NA,-0.833446265508717,NA,-0.130197731290012,NA,0.132363597272391,NA,30.9955596373605,NA,0.342768969533968,NA,0.975,"indep n1=40 n2=160"
"indep",5,5,NA,0.8,-0.569717141594182,20,0,0,NA,0.227523701401824,NA,0.123011403596313,NA,0.456381453513598,NA,NA,NA,271.007435222273,NA,0.965,NA,0.417328864659417,0,0.452684714461139,1,NA,-0.342193440192358,NA,0.227523701401824,NA,0.456381453513598,NA,271.007435222273,NA,0.417328864659417,NA,0.965,"indep n1=5 n2=5"
"indep",10,10,NA,0.8,-0.569717141594182,20,0,0,NA,0.0270609441047004,NA,0.166206431452627,NA,0.350385456474793,NA,NA,NA,110.81341643188,NA,0.96,NA,0.407563116573619,0,0.478541204981502,1,NA,-0.542656197489482,NA,0.0270609441047004,NA,0.350385456474793,NA,110.81341643188,NA,0.407563116573619,NA,0.96,"indep n1=10 n2=10"
"indep",20,20,NA,0.8,-0.569717141594182,20,0,0,NA,-0.133846696609939,NA,0.160195909665418,NA,0.275539837835186,NA,NA,NA,72.0017935605682,NA,0.965,NA,0.421081783399001,0,0.518136931331634,1,NA,-0.703563838204121,NA,-0.133846696609939,NA,0.275539837835186,NA,72.0017935605682,NA,0.421081783399001,NA,0.965,"indep n1=20 n2=20"
"indep",100,100,NA,0.8,-0.569717141594182,20,0,0,NA,-0.0544159627161885,NA,0.0390919726363214,NA,0.0468527826402516,NA,NA,NA,19.8526947619917,NA,0.985,NA,0.204591323793238,0,0.9325,1,NA,-0.624133104310371,NA,-0.0544159627161885,NA,0.0468527826402516,NA,19.8526947619917,NA,0.204591323793238,NA,0.985,"indep n1=100 n2=100"
"indep",3,7,NA,0.8,-0.569717141594182,20,0,0,NA,0.282915713999044,NA,0.130316964864127,NA,0.455513105474321,NA,NA,NA,249.542445182985,NA,0.96,NA,0.45793742068911,0,0.450143848562483,1,NA,-0.286801427595138,NA,0.282915713999044,NA,0.455513105474321,NA,249.542445182985,NA,0.45793742068911,NA,0.96,"indep n1=3 n2=7"
"indep",6,14,NA,0.8,-0.569717141594182,20,0,0,NA,0.0177466607728083,NA,0.155139456575829,NA,0.372996088660917,NA,NA,NA,140.426321513253,NA,0.96,NA,0.393292134756767,0,0.474550360698794,1,NA,-0.551970480821374,NA,0.0177466607728083,NA,0.372996088660917,NA,140.426321513253,NA,0.393292134756767,NA,0.96,"indep n1=6 n2=14"
"indep",12,28,NA,0.8,-0.569717141594182,20,0,0,NA,-0.0947333850832146,NA,0.16742678671072,NA,0.282897145245325,NA,NA,NA,68.9676728575785,NA,0.95,NA,0.419003659920162,0,0.510585404545949,1,NA,-0.664450526677397,NA,-0.0947333850832146,NA,0.282897145245325,NA,68.9676728575785,NA,0.419003659920162,NA,0.95,"indep n1=12 n2=28"
"indep",40,160,NA,0.8,-0.569717141594182,20,0,0,NA,-0.0677850241963917,NA,0.0661068923816557,NA,0.0829026009500371,NA,NA,NA,25.4068947476982,NA,0.975,NA,0.26527564423643,0,0.7925,1,NA,-0.637502165790574,NA,-0.0677850241963917,NA,0.0829026009500371,NA,25.4068947476982,NA,0.26527564423643,NA,0.975,"indep n1=40 n2=160"
"indep",5,5,NA,0.9,-0.451934105937799,20,0,0,NA,0.178982202002811,NA,0.160693866064388,NA,0.439866616315047,NA,NA,NA,173.729562358527,NA,0.94,NA,0.438092484947917,0,0.463171041924255,1,NA,-0.272951903934988,NA,0.178982202002811,NA,0.439866616315047,NA,173.729562358527,NA,0.438092484947917,NA,0.94,"indep n1=5 n2=5"
"indep",10,10,NA,0.9,-0.451934105937799,20,0,0,NA,-0.0494096548348249,NA,0.162412659010977,NA,0.343439238738483,NA,NA,NA,111.460880469466,NA,0.955,NA,0.405020875643242,0,0.497167958930415,1,NA,-0.501343760772624,NA,-0.0494096548348249,NA,0.343439238738483,NA,111.460880469466,NA,0.405020875643242,NA,0.955,"indep n1=10 n2=10"
"indep",20,20,NA,0.9,-0.451934105937799,20,0,0,NA,-0.154581304618606,NA,0.123312183045877,NA,0.24656032370127,NA,NA,NA,99.9480648311454,NA,0.98,NA,0.382872043727715,0,0.524669555536107,1,NA,-0.606515410556405,NA,-0.154581304618606,NA,0.24656032370127,NA,99.9480648311454,NA,0.382872043727715,NA,0.98,"indep n1=20 n2=20"
"indep",100,100,NA,0.9,-0.451934105937799,20,0,0,NA,-0.046767931629553,NA,0.029100450974647,NA,0.0347776862192791,NA,NA,NA,19.5090971256022,NA,0.965,NA,0.176471493869917,0,0.9875,1,NA,-0.498702037567352,NA,-0.046767931629553,NA,0.0347776862192791,NA,19.5090971256022,NA,0.176471493869917,NA,0.965,"indep n1=100 n2=100"
"indep",3,7,NA,0.9,-0.451934105937799,20,0,0,NA,0.26218022595981,NA,0.178317621363895,NA,0.433602365790757,NA,NA,NA,143.162937276906,NA,0.91,NA,0.496149679170926,0,0.475888067508193,1,NA,-0.189753879977989,NA,0.26218022595981,NA,0.433602365790757,NA,143.162937276906,NA,0.496149679170926,NA,0.91,"indep n1=3 n2=7"
"indep",6,14,NA,0.9,-0.451934105937799,20,0,0,NA,-0.077555389464084,NA,0.140542015401213,NA,0.36851650311886,NA,NA,NA,162.210913986708,NA,0.98,NA,0.381908554184287,0,0.480859554436141,1,NA,-0.529489495401883,NA,-0.077555389464084,NA,0.36851650311886,NA,162.210913986708,NA,0.381908554184287,NA,0.98,"indep n1=6 n2=14"
"indep",12,28,NA,0.9,-0.451934105937799,20,0,0,NA,-0.141810161591253,NA,0.135678348899021,NA,0.267540454668598,NA,NA,NA,97.1872865785799,NA,0.985,NA,0.393840169466071,0,0.522750074391415,1,NA,-0.593744267529052,NA,-0.141810161591253,NA,0.267540454668598,NA,97.1872865785799,NA,0.393840169466071,NA,0.985,"indep n1=12 n2=28"
"indep",40,160,NA,0.9,-0.451934105937799,20,0,0,NA,-0.05913527341615,NA,0.057177241042195,NA,0.0616506024692855,NA,NA,NA,7.8236748495599,NA,0.96,NA,0.245740382108816,0,0.8575,1,NA,-0.511069379353949,NA,-0.05913527341615,NA,0.0616506024692855,NA,7.8236748495599,NA,0.245740382108816,NA,0.96,"indep n1=40 n2=160"
"indep",5,5,NA,1,-0.346573590279973,20,0,0,NA,0.0930784976596906,NA,0.161382850205912,NA,0.436159066847471,NA,NA,NA,170.263578993037,NA,0.945,NA,0.411387338990236,0,0.473052354978042,1,NA,-0.253495092620282,NA,0.0930784976596906,NA,0.436159066847471,NA,170.263578993037,NA,0.411387338990236,NA,0.945,"indep n1=5 n2=5"
"indep",10,10,NA,1,-0.346573590279973,20,0,0,NA,-0.0888597077140937,NA,0.166066896587875,NA,0.325763855366087,NA,NA,NA,96.1642338475977,NA,0.97,NA,0.416092068850116,0,0.499913056710769,1,NA,-0.435433297994066,NA,-0.0888597077140937,NA,0.325763855366087,NA,96.1642338475977,NA,0.416092068850116,NA,0.97,"indep n1=10 n2=10"
"indep",20,20,NA,1,-0.346573590279973,20,0,0,NA,-0.185636540272417,NA,0.148958591469783,NA,0.228436518085839,NA,NA,NA,53.3557184126422,NA,0.97,NA,0.427404636845164,0,0.556046005582829,1,NA,-0.53221013055239,NA,-0.185636540272417,NA,0.228436518085839,NA,53.3557184126422,NA,0.427404636845164,NA,0.97,"indep n1=20 n2=20"
"indep",100,100,NA,1,-0.346573590279973,20,0,0,NA,-0.0502268716378563,NA,0.0241205493913568,NA,0.028065335024759,NA,NA,NA,16.3544601302312,NA,0.975,NA,0.162857868335938,0,0.995,1,NA,-0.396800461917829,NA,-0.0502268716378563,NA,0.028065335024759,NA,16.3544601302312,NA,0.162857868335938,NA,0.975,"indep n1=100 n2=100"
"indep",3,7,NA,1,-0.346573590279973,20,0,0,NA,0.113759272045568,NA,0.145117526179624,NA,0.44974930662937,NA,NA,NA,209.920736984365,NA,0.985,NA,0.396652379956384,0,0.458384086230724,1,NA,-0.232814318234405,NA,0.113759272045568,NA,0.44974930662937,NA,209.920736984365,NA,0.396652379956384,NA,0.985,"indep n1=3 n2=7"
"indep",6,14,NA,1,-0.346573590279973,20,0,0,NA,-0.092022622249339,NA,0.171724980623609,NA,0.349720965593013,NA,NA,NA,103.651771759137,NA,0.975,NA,0.423479065274938,0,0.483084768735544,1,NA,-0.438596212529312,NA,-0.092022622249339,NA,0.349720965593013,NA,103.651771759137,NA,0.423479065274938,NA,0.975,"indep n1=6 n2=14"
"indep",12,28,NA,1,-0.346573590279973,20,0,0,NA,-0.150359721623356,NA,0.175326972755131,NA,0.240805773911595,NA,NA,NA,37.3466786812743,NA,0.96,NA,0.443912585739589,0,0.552120681929204,1,NA,-0.496933311903328,NA,-0.150359721623356,NA,0.240805773911595,NA,37.3466786812743,NA,0.443912585739589,NA,0.96,"indep n1=12 n2=28"
"indep",40,160,NA,1,-0.346573590279973,20,0,0,NA,-0.0404311463171069,NA,0.0484772851707124,NA,0.0460584290222155,NA,NA,NA,-4.98966916150302,NA,0.97,NA,0.223314971144736,0,0.935,1,NA,-0.38700473659708,NA,-0.0404311463171069,NA,0.0460584290222155,NA,-4.98966916150302,NA,0.223314971144736,NA,0.97,"indep n1=40 n2=160"
"indep",5,5,NA,1.2,-0.164252033486018,20,0,0,NA,0.0633726617734176,NA,0.163877621920942,NA,0.40120177087732,NA,NA,NA,144.817911179398,NA,0.96,NA,0.408747266745094,0,0.494891310167966,1,NA,-0.1008793717126,NA,0.0633726617734176,NA,0.40120177087732,NA,144.817911179398,NA,0.408747266745094,NA,0.96,"indep n1=5 n2=5"
"indep",10,10,NA,1.2,-0.164252033486018,20,0,0,NA,-0.141002545442874,NA,0.187446593943098,NA,0.289195248471966,NA,NA,NA,54.2814101811608,NA,0.94,NA,0.454302849203868,0,0.538913376235134,1,NA,-0.305254578928892,NA,-0.141002545442874,NA,0.289195248471966,NA,54.2814101811608,NA,0.454302849203868,NA,0.94,"indep n1=10 n2=10"
"indep",20,20,NA,1.2,-0.164252033486018,20,0,0,NA,-0.0813630042035317,NA,0.108050054932385,NA,0.145534727420125,NA,NA,NA,34.6919513471767,NA,0.955,NA,0.337830938652378,0,0.639090330788804,1,NA,-0.24561503768955,NA,-0.0813630042035317,NA,0.145534727420125,NA,34.6919513471767,NA,0.337830938652378,NA,0.955,"indep n1=20 n2=20"
"indep",100,100,NA,1.2,-0.164252033486018,20,0,0,NA,-0.0244757369999941,NA,0.0162307888557423,NA,0.0185433976055995,NA,NA,NA,14.2482831266642,NA,0.975,NA,0.129416755534809,0,1,1,NA,-0.188727770486012,NA,-0.0244757369999941,NA,0.0185433976055995,NA,14.2482831266642,NA,0.129416755534809,NA,0.975,"indep n1=100 n2=100"
"indep",3,7,NA,1.2,-0.164252033486018,20,0,0,NA,0.0852832812981185,NA,0.20503789907484,NA,0.404038011807093,NA,NA,NA,97.0552827697558,NA,0.94,NA,0.459658511993893,0,0.49908224523156,1,NA,-0.0789687521878996,NA,0.0852832812981185,NA,0.404038011807093,NA,97.0552827697558,NA,0.459658511993893,NA,0.94,"indep n1=3 n2=7"
"indep",6,14,NA,1.2,-0.164252033486018,20,0,0,NA,-0.0890023083905238,NA,0.163839304015134,NA,0.29104177327126,NA,NA,NA,77.6385556693873,NA,0.95,NA,0.41345074482204,0,0.525002587670138,1,NA,-0.253254341876542,NA,-0.0890023083905238,NA,0.29104177327126,NA,77.6385556693873,NA,0.41345074482204,NA,0.95,"indep n1=6 n2=14"
"indep",12,28,NA,1.2,-0.164252033486018,20,0,0,NA,-0.109543588113796,NA,0.133808616374269,NA,0.174670115752482,NA,NA,NA,30.5372706821216,NA,0.975,NA,0.380971614414044,0,0.6075,1,NA,-0.273795621599814,NA,-0.109543588113796,NA,0.174670115752482,NA,30.5372706821216,NA,0.380971614414044,NA,0.975,"indep n1=12 n2=28"
"indep",40,160,NA,1.2,-0.164252033486018,20,0,0,NA,-0.021233785511324,NA,0.0296357477672907,NA,0.0290307439289097,NA,NA,NA,-2.04146641796118,NA,0.945,NA,0.173027288817675,0,0.99,1,NA,-0.185485818997342,NA,-0.021233785511324,NA,0.0290307439289097,NA,-2.04146641796118,NA,0.173027288817675,NA,0.945,"indep n1=40 n2=160"
"indep",5,5,NA,1.4,-0.0101013536587598,20,0,0,NA,0.057848443307738,NA,0.207068332786262,NA,0.357793012344208,NA,NA,NA,72.7898262036644,NA,0.92,NA,0.457579974993945,0,0.528774576306423,1,NA,0.0477470896489783,NA,0.057848443307738,NA,0.357793012344208,NA,72.7898262036644,NA,0.457579974993945,NA,0.92,"indep n1=5 n2=5"
"indep",10,10,NA,1.4,-0.0101013536587598,20,0,0,NA,-0.0445425531262004,NA,0.148827284195063,NA,0.215833310712749,NA,NA,NA,45.0226763728775,NA,0.95,NA,0.387385062712914,0,0.59053756068263,1,NA,-0.0546439067849602,NA,-0.0445425531262004,NA,0.215833310712749,NA,45.0226763728775,NA,0.387385062712914,NA,0.95,"indep n1=10 n2=10"
"indep",20,20,NA,1.4,-0.0101013536587598,20,0,0,NA,-0.0798436182917082,NA,0.0946061750041209,NA,0.111082514024383,NA,NA,NA,17.4157120500267,NA,0.96,NA,0.317030199682952,0,0.7425,1,NA,-0.089944971950468,NA,-0.0798436182917082,NA,0.111082514024383,NA,17.4157120500267,NA,0.317030199682952,NA,0.96,"indep n1=20 n2=20"
"indep",100,100,NA,1.4,-0.0101013536587598,20,0,0,NA,-0.000112084455098777,NA,0.0128473043156452,NA,0.0134830935102901,NA,NA,NA,4.94881400038654,NA,0.96,NA,0.113062285298821,0,1,1,NA,-0.0102134381138586,NA,-0.000112084455098777,NA,0.0134830935102901,NA,4.94881400038654,NA,0.113062285298821,NA,0.96,"indep n1=100 n2=100"
"indep",3,7,NA,1.4,-0.0101013536587598,20,0,0,NA,0.00144235509582382,NA,0.188776486447317,NA,0.384139022839826,NA,NA,NA,103.488808415253,NA,0.965,NA,0.433398989850349,0,0.512090050937049,1,NA,-0.00865899856293597,NA,0.00144235509582382,NA,0.384139022839826,NA,103.488808415253,NA,0.433398989850349,NA,0.965,"indep n1=3 n2=7"
"indep",6,14,NA,1.4,-0.0101013536587598,20,0,0,NA,-0.0919937587326296,NA,0.173462100083306,NA,0.250230161560238,NA,NA,NA,44.256388825031,NA,0.94,NA,0.425508685256419,0,0.563365839820743,1,NA,-0.102095112391389,NA,-0.0919937587326296,NA,0.250230161560238,NA,44.256388825031,NA,0.425508685256419,NA,0.94,"indep n1=6 n2=14"
"indep",12,28,NA,1.4,-0.0101013536587598,20,0,0,NA,-0.0694554809455716,NA,0.0861328992607869,NA,0.124438977140207,NA,NA,NA,44.4732247586831,NA,0.955,NA,0.300875885703497,0,0.695,1,NA,-0.0795568346043314,NA,-0.0694554809455716,NA,0.124438977140207,NA,44.4732247586831,NA,0.300875885703497,NA,0.955,"indep n1=12 n2=28"
"indep",40,160,NA,1.4,-0.0101013536587598,20,0,0,NA,-0.0190364757138391,NA,0.0233569855266858,NA,0.0212828538511496,NA,NA,NA,-8.88013426718297,NA,0.94,NA,0.153631337970663,0,1,1,NA,-0.0291378293725989,NA,-0.0190364757138391,NA,0.0212828538511496,NA,-8.88013426718297,NA,0.153631337970663,NA,0.94,"indep n1=40 n2=160"
"indep",5,5,NA,1.6,0.123430038965763,20,0,0,NA,-0.0115556044104319,NA,0.160953281440215,NA,0.341260745292257,NA,NA,NA,112.024720613737,NA,0.975,NA,0.400352403547554,0,0.529666450554581,1,NA,0.111874434555331,NA,-0.0115556044104319,NA,0.341260745292257,NA,112.024720613737,NA,0.400352403547554,NA,0.975,"indep n1=5 n2=5"
"indep",10,10,NA,1.6,0.123430038965763,20,0,0,NA,-0.0601821032599657,NA,0.134802354428152,NA,0.184088858480321,NA,NA,NA,36.562049870159,NA,0.955,NA,0.371147178635113,0,0.6425,1,NA,0.0632479357057973,NA,-0.0601821032599657,NA,0.184088858480321,NA,36.562049870159,NA,0.371147178635113,NA,0.955,"indep n1=10 n2=10"
"indep",20,20,NA,1.6,0.123430038965763,20,0,0,NA,-0.0418711623238372,NA,0.0804663229036434,NA,0.0798476228311398,NA,NA,NA,-0.768893184350525,NA,0.955,NA,0.286037035230535,0,0.87,1,NA,0.0815588766419258,NA,-0.0418711623238372,NA,0.0798476228311398,NA,-0.768893184350525,NA,0.286037035230535,NA,0.955,"indep n1=20 n2=20"
"indep",100,100,NA,1.6,0.123430038965763,20,0,0,NA,-0.00234188855467984,NA,0.0085908327541587,NA,0.0107920071169431,NA,NA,NA,25.6223631139704,NA,0.945,NA,0.0924843934531143,0,1,1,NA,0.121088150411083,NA,-0.00234188855467984,NA,0.0107920071169431,NA,25.6223631139704,NA,0.0924843934531143,NA,0.945,"indep n1=100 n2=100"
"indep",3,7,NA,1.6,0.123430038965763,20,0,0,NA,0.0393020684689237,NA,0.235332037814656,NA,0.339689362154056,NA,NA,NA,44.3447162181928,NA,0.925,NA,0.48548947487203,0,0.551868339180616,1,NA,0.162732107434687,NA,0.0393020684689237,NA,0.339689362154056,NA,44.3447162181928,NA,0.48548947487203,NA,0.925,"indep n1=3 n2=7"
"indep",6,14,NA,1.6,0.123430038965763,20,0,0,NA,-0.0734365879471281,NA,0.173105247081994,NA,0.212909150259168,NA,NA,NA,22.9940477531112,NA,0.945,NA,0.421464889754651,0,0.601931687035892,1,NA,0.0499934510186349,NA,-0.0734365879471281,NA,0.212909150259168,NA,22.9940477531112,NA,0.421464889754651,NA,0.945,"indep n1=6 n2=14"
"indep",12,28,NA,1.6,0.123430038965763,20,0,0,NA,-0.0691653527700725,NA,0.0732911026269176,NA,0.0953519600040129,NA,NA,NA,30.1003213028385,NA,0.965,NA,0.278762431359736,0,0.76,1,NA,0.0542646861956905,NA,-0.0691653527700725,NA,0.0953519600040129,NA,30.1003213028385,NA,0.278762431359736,NA,0.965,"indep n1=12 n2=28"
"indep",40,160,NA,1.6,0.123430038965763,20,0,0,NA,-0.00352676838842485,NA,0.015028493385131,NA,0.0157801529021041,NA,NA,NA,5.00156268303531,NA,0.925,NA,0.122334741645499,0,1,1,NA,0.119903270577338,NA,-0.00352676838842485,NA,0.0157801529021041,NA,5.00156268303531,NA,0.122334741645499,NA,0.925,"indep n1=40 n2=160"
"indep",5,5,NA,1.8,0.241213074622146,20,0,0,NA,0.0256875526974015,NA,0.207475733200676,NA,0.301830271244557,NA,NA,NA,45.4773850359738,NA,0.915,NA,0.455080437832978,0,0.59277710687339,1,NA,0.266900627319548,NA,0.0256875526974015,NA,0.301830271244557,NA,45.4773850359738,NA,0.455080437832978,NA,0.915,"indep n1=5 n2=5"
"indep",10,10,NA,1.8,0.241213074622146,20,0,0,NA,-0.0664443651021667,NA,0.118640162399947,NA,0.156457195273935,NA,NA,NA,31.8754055195101,NA,0.97,NA,0.349945446093784,0,0.6825,1,NA,0.17476870951998,NA,-0.0664443651021667,NA,0.156457195273935,NA,31.8754055195101,NA,0.349945446093784,NA,0.97,"indep n1=10 n2=10"
"indep",20,20,NA,1.8,0.241213074622146,20,0,0,NA,0.00875916411193262,NA,0.0573681890326395,NA,0.0558488212737443,NA,NA,NA,-2.64844992410458,NA,0.93,NA,0.239077541905165,0,0.9525,1,NA,0.249972238734079,NA,0.00875916411193262,NA,0.0558488212737443,NA,-2.64844992410458,NA,0.239077541905165,NA,0.93,"indep n1=20 n2=20"
"indep",100,100,NA,1.8,0.241213074622146,20,0,0,NA,-0.0139565966950945,NA,0.00871288309345642,NA,0.00921937272902224,NA,NA,NA,5.81311180390109,NA,0.965,NA,0.0941493774238505,0,1,1,NA,0.227256477927052,NA,-0.0139565966950945,NA,0.00921937272902224,NA,5.81311180390109,NA,0.0941493774238505,NA,0.965,"indep n1=100 n2=100"
"indep",3,7,NA,1.8,0.241213074622146,20,0,0,NA,0.0501192813626747,NA,0.226013051585273,NA,0.310554727307098,NA,NA,NA,37.4056609248196,NA,0.9,NA,0.476859443328596,0,0.58832748937863,1,NA,0.291332355984821,NA,0.0501192813626747,NA,0.310554727307098,NA,37.4056609248196,NA,0.476859443328596,NA,0.9,"indep n1=3 n2=7"
"indep",6,14,NA,1.8,0.241213074622146,20,0,0,NA,-0.108198375212169,NA,0.17254495064294,NA,0.189304031598095,NA,NA,NA,9.71287823416861,NA,0.93,NA,0.428239552456658,0,0.642648477593539,1,NA,0.133014699409978,NA,-0.108198375212169,NA,0.189304031598095,NA,9.71287823416861,NA,0.428239552456658,NA,0.93,"indep n1=6 n2=14"
"indep",12,28,NA,1.8,0.241213074622146,20,0,0,NA,-0.0254087252360299,NA,0.0640378461935614,NA,0.0714201345492507,NA,NA,NA,11.5280085051199,NA,0.955,NA,0.253699153094199,0,0.8775,1,NA,0.215804349386116,NA,-0.0254087252360299,NA,0.0714201345492507,NA,11.5280085051199,NA,0.253699153094199,NA,0.955,"indep n1=12 n2=28"
"indep",40,160,NA,1.8,0.241213074622146,20,0,0,NA,-0.000917315762219234,NA,0.010917889042823,NA,0.0128796498065984,NA,NA,NA,17.9683156339185,NA,0.955,NA,0.104231190465314,0,1,1,NA,0.240295758859927,NA,-0.000917315762219234,NA,0.0128796498065984,NA,17.9683156339185,NA,0.104231190465314,NA,0.955,"indep n1=40 n2=160"
"indep",5,5,NA,2,0.346573590279973,20,0,0,NA,-0.0285381055772415,NA,0.195272221996764,NA,0.284520189638855,NA,NA,NA,45.7043847452971,NA,0.95,NA,0.44171289810998,0,0.596869400043561,1,NA,0.318035484702731,NA,-0.0285381055772415,NA,0.284520189638855,NA,45.7043847452971,NA,0.44171289810998,NA,0.95,"indep n1=5 n2=5"
"indep",10,10,NA,2,0.346573590279973,20,0,0,NA,-0.0610832509539773,NA,0.114420602857181,NA,0.130707353659017,NA,NA,NA,14.234106791209,NA,0.945,NA,0.342898911328108,0,0.732399808015359,1,NA,0.285490339325995,NA,-0.0610832509539773,NA,0.130707353659017,NA,14.234106791209,NA,0.342898911328108,NA,0.945,"indep n1=10 n2=10"
"indep",20,20,NA,2,0.346573590279973,20,0,0,NA,-0.00591637929920935,NA,0.0383127431928235,NA,0.0458858094514334,NA,NA,NA,19.7664422526351,NA,0.945,NA,0.195336077110378,0,0.9875,1,NA,0.340657210980763,NA,-0.00591637929920935,NA,0.0458858094514334,NA,19.7664422526351,NA,0.195336077110378,NA,0.945,"indep n1=20 n2=20"
"indep",100,100,NA,2,0.346573590279973,20,0,0,NA,-0.012555201591847,NA,0.00707810881986563,NA,0.00790170142372067,NA,NA,NA,11.6357719952471,NA,0.965,NA,0.0848548841421531,0,1,1,NA,0.334018388688126,NA,-0.012555201591847,NA,0.00790170142372067,NA,11.6357719952471,NA,0.0848548841421531,NA,0.965,"indep n1=100 n2=100"
"indep",3,7,NA,2,0.346573590279973,20,0,0,NA,-0.0176609048252879,NA,0.197897035665657,NA,0.300543157175145,NA,NA,NA,51.8684482383586,NA,0.935,NA,0.444093974341667,0,0.576540538963293,1,NA,0.328912685454685,NA,-0.0176609048252879,NA,0.300543157175145,NA,51.8684482383586,NA,0.444093974341667,NA,0.935,"indep n1=3 n2=7"
"indep",6,14,NA,2,0.346573590279973,20,0,0,NA,-0.00989081759981059,NA,0.0908014667906109,NA,0.135111123514187,NA,NA,NA,48.798393120405,NA,0.945,NA,0.3007412305113,0,0.73,1,NA,0.336682772680162,NA,-0.00989081759981059,NA,0.135111123514187,NA,48.798393120405,NA,0.3007412305113,NA,0.945,"indep n1=6 n2=14"
"indep",12,28,NA,2,0.346573590279973,20,0,0,NA,-0.0307740715370073,NA,0.0537715494146378,NA,0.0574595296641793,NA,NA,NA,6.85860885484831,NA,0.955,NA,0.233344670276673,0,0.9525,1,NA,0.315799518742965,NA,-0.0307740715370073,NA,0.0574595296641793,NA,6.85860885484831,NA,0.233344670276673,NA,0.955,"indep n1=12 n2=28"
"indep",40,160,NA,2,0.346573590279973,20,0,0,NA,-0.0136194438542748,NA,0.0106701480539744,NA,0.0112318450709895,NA,NA,NA,5.26419140740868,NA,0.96,NA,0.103934049110983,0,1,1,NA,0.332954146425698,NA,-0.0136194438542748,NA,0.0112318450709895,NA,5.26419140740868,NA,0.103934049110983,NA,0.96,"indep n1=40 n2=160"
"indep",5,5,NA,2.5,0.569717141594182,20,0,0,NA,0.0413258749467708,NA,0.201122026638144,NA,0.215797638661612,NA,NA,NA,7.29686960139463,NA,0.91,NA,0.449248533047209,0,0.688875326640077,1,NA,0.611043016540953,NA,0.0413258749467708,NA,0.215797638661612,NA,7.29686960139463,NA,0.449248533047209,NA,0.91,"indep n1=5 n2=5"
"indep",10,10,NA,2.5,0.569717141594182,20,0,0,NA,0.0104139291967262,NA,0.0790165168125771,NA,0.0810544914175135,NA,NA,NA,2.57917545235561,NA,0.94,NA,0.280588460471611,0,0.92,1,NA,0.580131070790909,NA,0.0104139291967262,NA,0.0810544914175135,NA,2.57917545235561,NA,0.280588460471611,NA,0.94,"indep n1=10 n2=10"
"indep",20,20,NA,2.5,0.569717141594182,20,0,0,NA,-0.00893693323093347,NA,0.0353375174182857,NA,0.033906696054352,NA,NA,NA,-4.04901495200461,NA,0.965,NA,0.187725061211252,0,0.9975,1,NA,0.560780208363249,NA,-0.00893693323093347,NA,0.033906696054352,NA,-4.04901495200461,NA,0.187725061211252,NA,0.965,"indep n1=20 n2=20"
"indep",100,100,NA,2.5,0.569717141594182,20,0,0,NA,-0.00195386570764722,NA,0.00516480046584797,NA,0.0058887310875303,NA,NA,NA,14.0166232261883,NA,0.97,NA,0.0717132766977095,0,1,1,NA,0.567763275886535,NA,-0.00195386570764722,NA,0.0058887310875303,NA,14.0166232261883,NA,0.0717132766977095,NA,0.97,"indep n1=100 n2=100"
"indep",3,7,NA,2.5,0.569717141594182,20,0,0,NA,0.0344852212111301,NA,0.162081812486544,NA,0.229803368595352,NA,NA,NA,41.7823289793416,NA,0.955,NA,0.403064056827314,0,0.69,1,NA,0.604202362805312,NA,0.0344852212111301,NA,0.229803368595352,NA,41.7823289793416,NA,0.403064056827314,NA,0.955,"indep n1=3 n2=7"
"indep",6,14,NA,2.5,0.569717141594182,20,0,0,NA,0.0497260614746481,NA,0.0929625882469084,NA,0.0894276930653065,NA,NA,NA,-3.80249221569994,NA,0.91,NA,0.308172770528894,0,0.8575,1,NA,0.61944320306883,NA,0.0497260614746481,NA,0.0894276930653065,NA,-3.80249221569994,NA,0.308172770528894,NA,0.91,"indep n1=6 n2=14"
"indep",12,28,NA,2.5,0.569717141594182,20,0,0,NA,0.00634371245178922,NA,0.0401652901376059,NA,0.0376698435339394,NA,NA,NA,-6.21294305385866,NA,0.95,NA,0.200011765590399,0,0.995,1,NA,0.576060854045972,NA,0.00634371245178922,NA,0.0376698435339394,NA,-6.21294305385866,NA,0.200011765590399,NA,0.95,"indep n1=12 n2=28"
"indep",40,160,NA,2.5,0.569717141594182,20,0,0,NA,-0.00240368002475744,NA,0.00718208411047778,NA,0.00776888961605294,NA,NA,NA,8.17040703713126,NA,0.965,NA,0.0845692105176985,0,1,1,NA,0.567313461569425,NA,-0.00240368002475744,NA,0.00776888961605294,NA,8.17040703713126,NA,0.0845692105176985,NA,0.965,"indep n1=40 n2=160"
"indep",5,5,NA,3,0.752038698388137,20,0,0,NA,0.0844228255120782,NA,0.140948601648553,NA,0.160300393349471,NA,NA,NA,13.7296798085091,NA,0.915,NA,0.383889400879672,0,0.8225,1,NA,0.836461523900215,NA,0.0844228255120782,NA,0.160300393349471,NA,13.7296798085091,NA,0.383889400879672,NA,0.915,"indep n1=5 n2=5"
"indep",10,10,NA,3,0.752038698388137,20,0,0,NA,-0.00463376992028486,NA,0.0740115431664974,NA,0.0651561293926773,NA,NA,NA,-11.9649089789937,NA,0.955,NA,0.271409206318317,0,0.965,1,NA,0.747404928467852,NA,-0.00463376992028486,NA,0.0651561293926773,NA,-11.9649089789937,NA,0.271409206318317,NA,0.955,"indep n1=10 n2=10"
"indep",20,20,NA,3,0.752038698388137,20,0,0,NA,0.00915674770911745,NA,0.022371421693478,NA,0.0265923706185089,NA,NA,NA,18.8675935882136,NA,0.97,NA,0.149477124047859,0,1,1,NA,0.761195446097255,NA,0.00915674770911745,NA,0.0265923706185089,NA,18.8675935882136,NA,0.149477124047859,NA,0.97,"indep n1=20 n2=20"
"indep",100,100,NA,3,0.752038698388137,20,0,0,NA,0.00594100850513246,NA,0.00476225554462354,NA,0.00482094437140006,NA,NA,NA,1.23237458020881,NA,0.93,NA,0.0690922560708396,0,1,1,NA,0.75797970689327,NA,0.00594100850513246,NA,0.00482094437140006,NA,1.23237458020881,NA,0.0690922560708396,NA,0.93,"indep n1=100 n2=100"
"indep",3,7,NA,3,0.752038698388137,20,0,0,NA,0.0218220178109064,NA,0.159319153844647,NA,0.188340916403813,NA,NA,NA,18.216116429708,NA,0.93,NA,0.398746484043136,0,0.7475,1,NA,0.773860716199044,NA,0.0218220178109064,NA,0.188340916403813,NA,18.216116429708,NA,0.398746484043136,NA,0.93,"indep n1=3 n2=7"
"indep",6,14,NA,3,0.752038698388137,20,0,0,NA,0.0155108492830093,NA,0.0652147524500872,NA,0.0699243812786122,NA,NA,NA,7.22172307888394,NA,0.955,NA,0.255204359549983,0,0.9525,1,NA,0.767549547671146,NA,0.0155108492830093,NA,0.0699243812786122,NA,7.22172307888394,NA,0.255204359549983,NA,0.955,"indep n1=6 n2=14"
"indep",12,28,NA,3,0.752038698388137,20,0,0,NA,0.0190523056400532,NA,0.0284640366169694,NA,0.0288027996208762,NA,NA,NA,1.19014392956769,NA,0.965,NA,0.169365600946847,0,1,1,NA,0.77109100402819,NA,0.0190523056400532,NA,0.0288027996208762,NA,1.19014392956769,NA,0.169365600946847,NA,0.965,"indep n1=12 n2=28"
"indep",40,160,NA,3,0.752038698388137,20,0,0,NA,0.00133447441042134,NA,0.00718043264575602,NA,0.0061767830243363,NA,NA,NA,-13.9775647364777,NA,0.93,NA,0.084535858098675,0,1,1,NA,0.753373172798558,NA,0.00133447441042134,NA,0.0061767830243363,NA,-13.9775647364777,NA,0.084535858098675,NA,0.93,"indep n1=40 n2=160"
"indep",5,5,NA,4,1.03972077083992,20,0,0,NA,0.1406686654729,NA,0.0898781522357845,NA,0.119087166655366,NA,NA,NA,32.4984589613667,NA,0.96,NA,0.3304790990676,0,0.9575,1,NA,1.18038943631282,NA,0.1406686654729,NA,0.119087166655366,NA,32.4984589613667,NA,0.3304790990676,NA,0.96,"indep n1=5 n2=5"
"indep",10,10,NA,4,1.03972077083992,20,0,0,NA,0.0537048847442059,NA,0.0384372808662338,NA,0.0461753059744073,NA,NA,NA,20.1315622067614,NA,0.945,NA,0.202803622027051,0,1,1,NA,1.09342565558412,NA,0.0537048847442059,NA,0.0461753059744073,NA,20.1315622067614,NA,0.202803622027051,NA,0.945,"indep n1=10 n2=10"
"indep",20,20,NA,4,1.03972077083992,20,0,0,NA,0.0332422554817755,NA,0.0218073134793318,NA,0.020642101602887,NA,NA,NA,-5.34321606166286,NA,0.925,NA,0.151007696696065,0,1,1,NA,1.07296302632169,NA,0.0332422554817755,NA,0.020642101602887,NA,-5.34321606166286,NA,0.151007696696065,NA,0.925,"indep n1=20 n2=20"
"indep",100,100,NA,4,1.03972077083992,20,0,0,NA,0.00314081432822766,NA,0.00346783359273812,NA,0.00382752665013558,NA,NA,NA,10.3722698272111,NA,0.955,NA,0.0588248173768421,0,1,1,NA,1.04286158516815,NA,0.00314081432822766,NA,0.00382752665013558,NA,10.3722698272111,NA,0.0588248173768421,NA,0.955,"indep n1=100 n2=100"
"indep",3,7,NA,4,1.03972077083992,20,0,0,NA,0.0977133906025622,NA,0.121793691312004,NA,0.128087958827823,NA,NA,NA,5.16797499773171,NA,0.925,NA,0.361569674555946,0,0.92,1,NA,1.13743416144248,NA,0.0977133906025622,NA,0.128087958827823,NA,5.16797499773171,NA,0.361569674555946,NA,0.925,"indep n1=3 n2=7"
"indep",6,14,NA,4,1.03972077083992,20,0,0,NA,0.0655141118553475,NA,0.0545284643875319,NA,0.049429427001458,NA,NA,NA,-9.35114796161369,NA,0.91,NA,0.241966776475179,0,0.995,1,NA,1.10523488269527,NA,0.0655141118553475,NA,0.049429427001458,NA,-9.35114796161369,NA,0.241966776475179,NA,0.91,"indep n1=6 n2=14"
"indep",12,28,NA,4,1.03972077083992,20,0,0,NA,0.0249342056069306,NA,0.0224258796038604,NA,0.0220343634522613,NA,NA,NA,-1.74582294436166,NA,0.945,NA,0.15144459321841,0,1,1,NA,1.06465497644685,NA,0.0249342056069306,NA,0.0220343634522613,NA,-1.74582294436166,NA,0.15144459321841,NA,0.945,"indep n1=12 n2=28"
"indep",40,160,NA,4,1.03972077083992,20,0,0,NA,0.00647206026613079,NA,0.00430939718966699,NA,0.00453223823359668,NA,NA,NA,5.17104908463781,NA,0.94,NA,0.0658007429122733,0,1,1,NA,1.04619283110605,NA,0.00647206026613079,NA,0.00453223823359668,NA,5.17104908463781,NA,0.0658007429122733,NA,0.94,"indep n1=40 n2=160"
"indep",5,5,NA,5,1.26286432215413,20,0,0,NA,0.105739372222722,NA,0.117997174677082,NA,0.104881118651438,NA,NA,NA,-11.1155678612962,NA,0.925,NA,0.35859169488675,0,0.99,1,NA,1.36860369437685,NA,0.105739372222722,NA,0.104881118651438,NA,-11.1155678612962,NA,0.35859169488675,NA,0.925,"indep n1=5 n2=5"
"indep",10,10,NA,5,1.26286432215413,20,0,0,NA,0.0625294989507919,NA,0.034678552459621,NA,0.040903010500785,NA,NA,NA,17.9490134382384,NA,0.98,NA,0.195997698803736,0,1,1,NA,1.32539382110492,NA,0.0625294989507919,NA,0.040903010500785,NA,17.9490134382384,NA,0.195997698803736,NA,0.98,"indep n1=10 n2=10"
"indep",20,20,NA,5,1.26286432215413,20,0,0,NA,0.0231166263721923,NA,0.0173523171455535,NA,0.0185299026203484,NA,NA,NA,6.78632983086441,NA,0.945,NA,0.133416393200601,0,1,1,NA,1.28598094852632,NA,0.0231166263721923,NA,0.0185299026203484,NA,6.78632983086441,NA,0.133416393200601,NA,0.945,"indep n1=20 n2=20"
"indep",100,100,NA,5,1.26286432215413,20,0,0,NA,0.000815783902615941,NA,0.0028724596632414,NA,0.00337809926489148,NA,NA,NA,17.6030183511609,NA,0.965,NA,0.0534674000518163,0,1,1,NA,1.26368010605674,NA,0.000815783902615941,NA,0.00337809926489148,NA,17.6030183511609,NA,0.0534674000518163,NA,0.965,"indep n1=100 n2=100"
"indep",3,7,NA,5,1.26286432215413,20,0,0,NA,0.0924527119042282,NA,0.0858886912568834,NA,0.111232474933923,NA,NA,NA,29.5077073665487,NA,0.965,NA,0.306605205009708,0,0.97,1,NA,1.35531703405836,NA,0.0924527119042282,NA,0.111232474933923,NA,29.5077073665487,NA,0.306605205009708,NA,0.965,"indep n1=3 n2=7"
"indep",6,14,NA,5,1.26286432215413,20,0,0,NA,0.0303494343960162,NA,0.0464709801791633,NA,0.0432172301268581,NA,NA,NA,-7.00168156505563,NA,0.93,NA,0.217162873084755,0,1,1,NA,1.29321375655014,NA,0.0303494343960162,NA,0.0432172301268581,NA,-7.00168156505563,NA,0.217162873084755,NA,0.93,"indep n1=6 n2=14"
"indep",12,28,NA,5,1.26286432215413,20,0,0,NA,0.0186884714311208,NA,0.0184421615550664,NA,0.0191759573208323,NA,NA,NA,3.97890325152427,NA,0.965,NA,0.136745053701123,0,1,1,NA,1.28155279358525,NA,0.0186884714311208,NA,0.0191759573208323,NA,3.97890325152427,NA,0.136745053701123,NA,0.965,"indep n1=12 n2=28"
"indep",40,160,NA,5,1.26286432215413,20,0,0,NA,0.00754143280440145,NA,0.00333965210580194,NA,0.00381677526422033,NA,NA,NA,14.2866125962489,NA,0.955,NA,0.0581362800152902,0,1,1,NA,1.27040575495853,NA,0.00754143280440145,NA,0.00381677526422033,NA,14.2866125962489,NA,0.0581362800152902,NA,0.955,"indep n1=40 n2=160"
"paired",5,5,0.8,0.2,NA,20,0,0,NA,NA,NA,0.0656180229801129,NA,0.498885377394114,NA,NA,NA,660.28712042317,NA,NA,NA,NA,0,0.235752252406225,1,NA,-0.93916804741315,NA,NA,NA,0.498885377394114,NA,660.28712042317,NA,NA,NA,NA,"paired n1=5 n2=5"
"paired",10,10,0.8,0.2,NA,20,0,0,NA,NA,NA,0.0470226047474167,NA,0.441134761905705,NA,NA,NA,838.13340259493,NA,NA,NA,NA,0,0.220581239003428,1,NA,-1.48192757111742,NA,NA,NA,0.441134761905705,NA,838.13340259493,NA,NA,NA,NA,"paired n1=10 n2=10"
"paired",20,20,0.8,0.2,NA,20,0,0,NA,NA,NA,0.0679901430188425,NA,0.402806707965609,NA,NA,NA,492.448684589437,NA,NA,NA,NA,0,0.249928733401633,1,NA,-1.85355486923186,NA,NA,NA,0.402806707965609,NA,492.448684589437,NA,NA,NA,NA,"paired n1=20 n2=20"
"paired",100,100,0.8,0.2,-2.21142431459707,20,0,0,NA,-0.0302555922404837,NA,0.101807885288506,NA,0.274542061054146,NA,NA,NA,169.666794743985,NA,0.98,NA,0.319709628763172,0,0.469776796304954,1,NA,-2.24167990683755,NA,-0.0302555922404837,NA,0.274542061054146,NA,169.666794743985,NA,0.319709628763172,NA,0.98,"paired n1=100 n2=100"
"paired",5,5,0.8,0.3,NA,20,0,0,NA,NA,NA,0.0750710493347158,NA,0.498141009274777,NA,NA,NA,563.559406308202,NA,NA,NA,NA,0,0.268427906628262,1,NA,-0.88893485504941,NA,NA,NA,0.498141009274777,NA,563.559406308202,NA,NA,NA,NA,"paired n1=5 n2=5"
"paired",10,10,0.8,0.3,NA,20,0,0,NA,NA,NA,0.0630297456485975,NA,0.430157400404482,NA,NA,NA,582.467295366682,NA,NA,NA,NA,0,0.264418002112405,1,NA,-1.40864349404431,NA,NA,NA,0.430157400404482,NA,582.467295366682,NA,NA,NA,NA,"paired n1=10 n2=10"
"paired",20,20,0.8,0.3,-2.64915868327402,20,0,0,NA,0.954529738109748,NA,0.100012168847472,NA,0.372021122523405,NA,NA,NA,271.975857348691,NA,0.775,NA,1.00530549035559,0,0.346989115305692,1,NA,-1.69462894516427,NA,0.954529738109748,NA,0.372021122523405,NA,271.975857348691,NA,1.00530549035559,NA,0.775,"paired n1=20 n2=20"
"paired",100,100,0.8,0.3,-1.64841868316896,20,0,0,NA,-0.107223531161476,NA,0.0792589297355603,NA,0.135196002812531,NA,NA,NA,70.5751052450485,NA,0.985,NA,0.300598603991467,0,0.594029881976808,1,NA,-1.75564221433043,NA,-0.107223531161476,NA,0.135196002812531,NA,70.5751052450485,NA,0.300598603991467,NA,0.985,"paired n1=100 n2=100"
"paired",5,5,0.8,0.4,NA,20,0,0,NA,NA,NA,0.0869558203779749,NA,0.491431937122508,NA,NA,NA,465.151286005213,NA,NA,NA,NA,0,0.285076672594473,1,NA,-0.865677249351311,NA,NA,NA,0.491431937122508,NA,465.151286005213,NA,NA,NA,NA,"paired n1=5 n2=5"
"paired",10,10,0.8,0.4,-Inf,20,0,0,NA,Inf,NA,0.0814370751339011,NA,0.413570968931849,NA,NA,NA,407.841137776429,NA,0,NA,NA,0,0.343209883913282,1,NA,-1.30636956708616,NA,Inf,NA,0.413570968931849,NA,407.841137776429,NA,NA,NA,0,"paired n1=10 n2=10"
"paired",20,20,0.8,0.4,-1.6094379124341,20,0,0,NA,0.159668736588191,NA,0.122739742750633,NA,0.316547088496663,NA,NA,NA,157.901052587168,NA,0.935,NA,0.38421367685254,0,0.456822170838906,1,NA,-1.44976917584591,NA,0.159668736588191,NA,0.316547088496663,NA,157.901052587168,NA,0.38421367685254,NA,0.935,"paired n1=20 n2=20"
"paired",100,100,0.8,0.4,-1.31554457998304,20,0,0,NA,-0.042228741438268,NA,0.0494424485662085,NA,0.0542560238013333,NA,NA,NA,9.73571369281789,NA,0.94,NA,0.225784195476206,0,0.855,1,NA,-1.35777332142131,NA,-0.042228741438268,NA,0.0542560238013333,NA,9.73571369281789,NA,0.225784195476206,NA,0.94,"paired n1=100 n2=100"
"paired",5,5,0.8,0.5,NA,20,0,0,NA,NA,NA,0.120255779851609,NA,0.475331940856463,NA,NA,NA,295.267438657005,NA,NA,NA,NA,0,0.365419611596693,1,NA,-0.744221611623246,NA,NA,NA,0.475331940856463,NA,295.267438657005,NA,NA,NA,NA,"paired n1=5 n2=5"
"paired",10,10,0.8,0.5,-1.55054639460591,20,0,0,NA,0.393076267557699,NA,0.117421394262473,NA,0.382958903541321,NA,NA,NA,226.140654304691,NA,0.93,NA,0.52090617140542,0,0.39865491600363,1,NA,-1.15747012704821,NA,0.393076267557699,NA,0.382958903541321,NA,226.140654304691,NA,0.52090617140542,NA,0.93,"paired n1=10 n2=10"
"paired",20,20,0.8,0.5,-1.23255201124591,20,0,0,NA,-0.00263892079074646,NA,0.121981375784734,NA,0.258881080525576,NA,NA,NA,112.230005490702,NA,0.945,NA,0.348394076885286,0,0.495635538574961,1,NA,-1.23519093203666,NA,-0.00263892079074646,NA,0.258881080525576,NA,112.230005490702,NA,0.348394076885286,NA,0.945,"paired n1=20 n2=20"
"paired",100,100,0.8,0.5,-1.07279067209219,20,0,0,NA,-0.0321698854168395,NA,0.0281317298283085,NA,0.0286356875616253,NA,NA,NA,1.79142106224004,NA,0.98,NA,0.170370105085662,0,0.9825,1,NA,-1.10496055750903,NA,-0.0321698854168395,NA,0.0286356875616253,NA,1.79142106224004,NA,0.170370105085662,NA,0.98,"paired n1=100 n2=100"
"paired",5,5,0.8,0.6,-1.95601150271407,20,0,0,NA,1.26379288606847,NA,0.120366714862261,NA,0.46584697190635,NA,NA,NA,287.02308394761,NA,0.685,NA,1.3103195565072,0,0.394844420866898,1,NA,-0.692218616645607,NA,1.26379288606847,NA,0.46584697190635,NA,287.02308394761,NA,1.3103195565072,NA,0.685,"paired n1=5 n2=5"
"paired",10,10,0.8,0.6,-1.15129254649702,20,0,0,NA,0.0992940685807533,NA,0.128083627994743,NA,0.353298218248077,NA,NA,NA,175.834018585558,NA,0.94,NA,0.370543549276045,0,0.446670271586935,1,NA,-1.05199847791627,NA,0.0992940685807533,NA,0.353298218248077,NA,175.834018585558,NA,0.370543549276045,NA,0.94,"paired n1=10 n2=10"
"paired",20,20,0.8,0.6,-0.983056428186416,20,0,0,NA,-0.104891166379058,NA,0.122768865295522,NA,0.216937733130471,NA,NA,NA,76.704193370421,NA,0.965,NA,0.364907080985562,0,0.53981547303557,1,NA,-1.08794759456547,NA,-0.104891166379058,NA,0.216937733130471,NA,76.704193370421,NA,0.364907080985562,NA,0.965,"paired n1=20 n2=20"
"paired",100,100,0.8,0.6,-0.880130401084342,20,0,0,NA,-0.0311155511132417,NA,0.0180688525643953,NA,0.0190845480565702,NA,NA,NA,5.62125064973057,NA,0.96,NA,0.137646960818807,0,1,1,NA,-0.911245952197584,NA,-0.0311155511132417,NA,0.0190845480565702,NA,5.62125064973057,NA,0.137646960818807,NA,0.96,"paired n1=100 n2=100"
"paired",5,5,0.8,0.7,-1.23255201124591,20,0,0,NA,0.633849157648013,NA,0.147599092131742,NA,0.444424748043506,NA,NA,NA,201.102629850072,NA,0.885,NA,0.740692818462674,0,0.422752069614669,1,NA,-0.598702853597897,NA,0.633849157648013,NA,0.444424748043506,NA,201.102629850072,NA,0.740692818462674,NA,0.885,"paired n1=5 n2=5"
"paired",10,10,0.8,0.7,-0.900904902540778,20,0,0,NA,0.0204572206786817,NA,0.135058581325008,NA,0.312679236255871,NA,NA,NA,131.513786971767,NA,0.955,NA,0.367153627649625,0,0.491352376217752,1,NA,-0.880447681862097,NA,0.0204572206786817,NA,0.312679236255871,NA,131.513786971767,NA,0.367153627649625,NA,0.955,"paired n1=10 n2=10"
"paired",20,20,0.8,0.7,-0.792372649921865,20,0,0,NA,-0.0174847284331373,NA,0.104435763209423,NA,0.144493002620573,NA,NA,NA,38.3558641026293,NA,0.935,NA,0.322830141284479,0,0.635,1,NA,-0.809857378355002,NA,-0.0174847284331373,NA,0.144493002620573,NA,38.3558641026293,NA,0.322830141284479,NA,0.935,"paired n1=20 n2=20"
"paired",100,100,0.8,0.7,-0.719847568923503,20,0,0,NA,-0.00602070109714625,NA,0.0132514879180004,NA,0.0140433636616369,NA,NA,NA,5.97574965571142,NA,0.96,NA,0.114984691677247,0,1,1,NA,-0.725868270020649,NA,-0.00602070109714625,NA,0.0140433636616369,NA,5.97574965571142,NA,0.114984691677247,NA,0.96,"paired n1=100 n2=100"
"paired",5,5,0.8,0.8,-0.916290731874155,20,0,0,NA,0.426362905069827,NA,0.161776027238054,NA,0.419157232538576,NA,NA,NA,159.097246789097,NA,0.9,NA,0.585450658827407,0,0.490158828352677,1,NA,-0.489927826804328,NA,0.426362905069827,NA,0.419157232538576,NA,159.097246789097,NA,0.585450658827407,NA,0.9,"paired n1=5 n2=5"
"paired",10,10,0.8,0.8,-0.713558177820073,20,0,0,NA,0.0294807420709864,NA,0.125079779339516,NA,0.258639235016167,NA,NA,NA,106.779414212203,NA,0.945,NA,0.354010585429128,0,0.54099213076295,1,NA,-0.684077435749086,NA,0.0294807420709864,NA,0.258639235016167,NA,106.779414212203,NA,0.354010585429128,NA,0.945,"paired n1=10 n2=10"
"paired",20,20,0.8,0.8,-0.636482837906444,20,0,0,NA,-0.00952977279629952,NA,0.0957104864971387,NA,0.107152358994731,NA,NA,NA,11.9546696671887,NA,0.93,NA,0.308743826876267,0,0.7475,1,NA,-0.646012610702743,NA,-0.00952977279629952,NA,0.107152358994731,NA,11.9546696671887,NA,0.308743826876267,NA,0.93,"paired n1=20 n2=20"
"paired",100,100,0.8,0.8,-0.582376045586327,20,0,0,NA,0.00044104298644132,NA,0.0111759605869736,NA,0.0113771946489956,NA,NA,NA,1.80059745608409,NA,0.95,NA,0.105452715958171,0,1,1,NA,-0.581935002599886,NA,0.00044104298644132,NA,0.0113771946489956,NA,1.80059745608409,NA,0.105452715958171,NA,0.95,"paired n1=100 n2=100"
"paired",5,5,0.8,0.9,-0.703248534218705,20,0,0,NA,0.280774665473971,NA,0.175766559399853,NA,0.405384145604044,NA,NA,NA,130.637811303931,NA,0.92,NA,0.50370838723896,0,0.50432159703591,1,NA,-0.422473868744734,NA,0.280774665473971,NA,0.405384145604044,NA,130.637811303931,NA,0.50370838723896,NA,0.92,"paired n1=5 n2=5"
"paired",10,10,0.8,0.9,-0.5619650483262,20,0,0,NA,-0.00258884472416498,NA,0.15196406441841,NA,0.226582998312442,NA,NA,NA,49.1030127284436,NA,0.935,NA,0.388858516961277,0,0.584206836590529,1,NA,-0.564553893050365,NA,-0.00258884472416498,NA,0.226582998312442,NA,49.1030127284436,NA,0.388858516961277,NA,0.935,"paired n1=10 n2=10"
"paired",20,20,0.8,0.9,-0.503928962699823,20,0,0,NA,0.0192308337639517,NA,0.0781050353160556,NA,0.079028093396668,NA,NA,NA,1.1818163539358,NA,0.95,NA,0.279435744146543,0,0.835,1,NA,-0.484698128935871,NA,0.0192308337639517,NA,0.079028093396668,NA,1.1818163539358,NA,0.279435744146543,NA,0.95,"paired n1=20 n2=20"
"paired",100,100,0.8,0.9,-0.461909499147473,20,0,0,NA,-0.000515320621168047,NA,0.0115560921726903,NA,0.0098157559454025,NA,NA,NA,-15.0599026148355,NA,0.92,NA,0.107231419216429,0,1,1,NA,-0.462424819768641,NA,-0.000515320621168047,NA,0.0098157559454025,NA,-15.0599026148355,NA,0.107231419216429,NA,0.92,"paired n1=100 n2=100"
"paired",5,5,0.8,1,-0.539404830685965,20,0,0,NA,0.209197494929931,NA,0.183299286344394,NA,0.379054931941931,NA,NA,NA,106.795639798476,NA,0.91,NA,0.475548506251078,0,0.522933532091262,1,NA,-0.330207335756034,NA,0.209197494929931,NA,0.379054931941931,NA,106.795639798476,NA,0.475548506251078,NA,0.91,"paired n1=5 n2=5"
"paired",10,10,0.8,1,-0.433750283852361,20,0,0,NA,0.0106077548873265,NA,0.149299133509131,NA,0.187807817391566,NA,NA,NA,25.7929721206858,NA,0.935,NA,0.385571215607875,0,0.642826469323095,1,NA,-0.423142528965035,NA,0.0106077548873265,NA,0.187807817391566,NA,25.7929721206858,NA,0.385571215607875,NA,0.935,"paired n1=10 n2=10"
"paired",20,20,0.8,1,-0.388264394749498,20,0,0,NA,0.0310241338035744,NA,0.0630761320970665,NA,0.061172934960555,NA,NA,NA,-3.01730158974043,NA,0.93,NA,0.252434641669568,0,0.9075,1,NA,-0.357240260945924,NA,0.0310241338035744,NA,0.061172934960555,NA,-3.01730158974043,NA,0.252434641669568,NA,0.93,"paired n1=20 n2=20"
"paired",100,100,0.8,1,-0.354638281244914,20,0,0,NA,-0.00125806307954462,NA,0.00975607432008177,NA,0.00871259097462818,NA,NA,NA,-10.6957297701771,NA,0.94,NA,0.0985336321830951,0,1,1,NA,-0.355896344324459,NA,-0.00125806307954462,NA,0.00871259097462818,NA,-10.6957297701771,NA,0.0985336321830951,NA,0.94,"paired n1=100 n2=100"
"paired",5,5,0.8,1.2,-0.289909247626471,20,0,0,NA,0.202409843426753,NA,0.219161036058425,NA,0.31663492781697,NA,NA,NA,44.4759221399919,NA,0.895,NA,0.508954787377205,0,0.603128914757837,1,NA,-0.087499404199718,NA,0.202409843426753,NA,0.31663492781697,NA,44.4759221399919,NA,0.508954787377205,NA,0.895,"paired n1=5 n2=5"
"paired",10,10,0.8,1.2,-0.22314355131421,20,0,0,NA,0.0156270129383421,NA,0.115403240439988,NA,0.139157711890754,NA,NA,NA,20.5838859985214,NA,0.925,NA,0.339220323346292,0,0.7175,1,NA,-0.207516538375868,NA,0.0156270129383421,NA,0.139157711890754,NA,20.5838859985214,NA,0.339220323346292,NA,0.925,"paired n1=10 n2=10"
"paired",20,20,0.8,1.2,-0.192831240405992,20,0,0,NA,0.0240929271298569,NA,0.042479631646748,NA,0.0453895224968282,NA,NA,NA,6.85008494018572,NA,0.98,NA,0.206996866223136,0,0.9875,1,NA,-0.168738313276136,NA,0.0240929271298569,NA,0.0453895224968282,NA,6.85008494018572,NA,0.206996866223136,NA,0.98,"paired n1=20 n2=20"
"paired",100,100,0.8,1.2,-0.169838683785081,20,0,0,NA,-0.00670477327727781,NA,0.00692614671263018,NA,0.00728441198451734,NA,NA,NA,5.1726491908387,NA,0.96,NA,0.0832854727054288,0,1,1,NA,-0.176543457062358,NA,-0.00670477327727781,NA,0.00728441198451734,NA,5.1726491908387,NA,0.0832854727054288,NA,0.96,"paired n1=100 n2=100"
"paired",5,5,0.8,1.4,-0.0992254693619192,20,0,0,NA,0.169966781730013,NA,0.19438810960738,NA,0.275727035362995,NA,NA,NA,41.8435705352044,NA,0.885,NA,0.471492180158909,0,0.65,1,NA,0.0707413123680939,NA,0.169966781730013,NA,0.275727035362995,NA,41.8435705352044,NA,0.471492180158909,NA,0.885,"paired n1=5 n2=5"
"paired",10,10,0.8,1.4,-0.0526802578289133,20,0,0,NA,0.0119177776974063,NA,0.0934128214719297,NA,0.106780767179371,NA,NA,NA,14.3106112167468,NA,0.96,NA,0.305102918356765,0,0.8425,1,NA,-0.040762480131507,NA,0.0119177776974063,NA,0.106780767179371,NA,14.3106112167468,NA,0.305102918356765,NA,0.96,"paired n1=10 n2=10"
"paired",20,20,0.8,1.4,-0.0309377018590438,20,0,0,NA,0.02494807818693,NA,0.0381584221194114,NA,0.038180777380229,NA,NA,NA,0.0585853910510399,NA,0.95,NA,0.196443469257788,0,0.9975,1,NA,-0.00598962367211387,NA,0.02494807818693,NA,0.038180777380229,NA,0.0585853910510399,NA,0.196443469257788,NA,0.95,"paired n1=20 n2=20"
"paired",100,100,0.8,1.4,-0.0141997372608491,20,0,0,NA,0.00455759707664788,NA,0.00587279731113591,NA,0.0063770864512127,NA,NA,NA,8.58686437416388,NA,0.95,NA,0.0765780974932996,0,1,1,NA,-0.00964214018420118,NA,0.00455759707664788,NA,0.0063770864512127,NA,8.58686437416388,NA,0.0765780974932996,NA,0.95,"paired n1=100 n2=100"
"paired",5,5,0.8,1.6,0.0566643426535017,20,0,0,NA,0.209260147515512,NA,0.188527854705877,NA,0.228714195601171,NA,NA,NA,21.315863885466,NA,0.91,NA,0.481014578542648,0,0.719124959376016,1,NA,0.265924490169014,NA,0.209260147515512,NA,0.228714195601171,NA,21.315863885466,NA,0.481014578542648,NA,0.91,"paired n1=5 n2=5"
"paired",10,10,0.8,1.6,0.0911607783969774,20,0,0,NA,0.0621631026962982,NA,0.0876691801165169,NA,0.0853270696868651,NA,NA,NA,-2.67153226086865,NA,0.93,NA,0.301819624200887,0,0.9375,1,NA,0.153323881093276,NA,0.0621631026962982,NA,0.0853270696868651,NA,-2.67153226086865,NA,0.301819624200887,NA,0.93,"paired n1=10 n2=10"
"paired",20,20,0.8,1.6,0.107555689808473,20,0,0,NA,0.01680016820676,NA,0.0303563225040026,NA,0.033678681551723,NA,NA,NA,10.9445373275449,NA,0.95,NA,0.174604657850981,0,1,1,NA,0.124355858015233,NA,0.01680016820676,NA,0.033678681551723,NA,10.9445373275449,NA,0.174604657850981,NA,0.95,"paired n1=20 n2=20"
"paired",100,100,0.8,1.6,0.120295232458965,20,0,0,NA,0.00612081715649419,NA,0.00586378864453464,NA,0.00582421618017543,NA,NA,NA,-0.674861710714913,NA,0.955,NA,0.0766285462734039,0,1,1,NA,0.126416049615459,NA,0.00612081715649419,NA,0.00582421618017543,NA,-0.674861710714913,NA,0.0766285462734039,NA,0.955,"paired n1=100 n2=100"
"paired",5,5,0.8,1.8,0.189218217860123,20,0,0,NA,0.139202612904157,NA,0.201865905174391,NA,0.218295273010752,NA,NA,NA,8.13875320954686,NA,0.925,NA,0.469290893889774,0,0.745,1,NA,0.328420830764279,NA,0.139202612904157,NA,0.218295273010752,NA,8.13875320954686,NA,0.469290893889774,NA,0.925,"paired n1=5 n2=5"
"paired",10,10,0.8,1.8,0.215891208212769,20,0,0,NA,0.0874389318988918,NA,0.0779343703506702,NA,0.0729558054597833,NA,NA,NA,-6.38815052779097,NA,0.92,NA,0.2918737146619,0,0.985,1,NA,0.303330140111661,NA,0.0874389318988918,NA,0.0729558054597833,NA,-6.38815052779097,NA,0.2918737146619,NA,0.92,"paired n1=10 n2=10"
"paired",20,20,0.8,1.8,0.228712423519438,20,0,0,NA,0.0266344360018289,NA,0.0370640464144413,NA,0.0311541095430035,NA,NA,NA,-15.9452014638508,NA,0.92,NA,0.193876557024063,0,1,1,NA,0.255346859521267,NA,0.0266344360018289,NA,0.0311541095430035,NA,-15.9452014638508,NA,0.193876557024063,NA,0.92,"paired n1=20 n2=20"
"paired",100,100,0.8,1.8,0.238737822042218,20,0,0,NA,0.00481994371737998,NA,0.00641169256634984,NA,0.00549364963009542,NA,NA,NA,-14.3182619371449,NA,0.94,NA,0.0800179102511232,0,1,1,NA,0.243557765759598,NA,0.00481994371737998,NA,0.00549364963009542,NA,-14.3182619371449,NA,0.0800179102511232,NA,0.94,"paired n1=100 n2=100"
"paired",5,5,0.8,2,0.304882785810447,20,0,0,NA,0.217111955684898,NA,0.181035060923761,NA,0.186385201051944,NA,NA,NA,2.95530606109267,NA,0.885,NA,0.476725798463292,0,0.8175,1,NA,0.521994741495346,NA,0.217111955684898,NA,0.186385201051944,NA,2.95530606109267,NA,0.476725798463292,NA,0.885,"paired n1=5 n2=5"
"paired",10,10,0.8,2,0.326162593019845,20,0,0,NA,0.0385197421872466,NA,0.0761890788363506,NA,0.0691574516113229,NA,NA,NA,-9.22917999852866,NA,0.905,NA,0.278014215428529,0,0.9825,1,NA,0.364682335207092,NA,0.0385197421872466,NA,0.0691574516113229,NA,-9.22917999852866,NA,0.278014215428529,NA,0.905,"paired n1=10 n2=10"
"paired",20,20,0.8,2,0.336472236621213,20,0,0,NA,0.0151061487394273,NA,0.0241041379027055,NA,0.0292612376600128,NA,NA,NA,21.3950807040829,NA,0.985,NA,0.155601455465332,0,1,1,NA,0.35157838536064,NA,0.0151061487394273,NA,0.0292612376600128,NA,21.3950807040829,NA,0.155601455465332,NA,0.985,"paired n1=20 n2=20"
"paired",100,100,0.8,2,0.344569579581203,20,0,0,NA,0.0064657628287001,NA,0.00556009263273174,NA,0.00525842483355716,NA,NA,NA,-5.42558944789324,NA,0.94,NA,0.0746598838635922,0,1,1,NA,0.351035342409903,NA,0.0064657628287001,NA,0.00525842483355716,NA,-5.42558944789324,NA,0.0746598838635922,NA,0.94,"paired n1=100 n2=100"
"paired",5,5,0.8,2.5,0.543438516224844,20,0,0,NA,0.216137890916695,NA,0.160457258621024,NA,0.155148848060783,NA,NA,NA,-3.30830191532748,NA,0.875,NA,0.454280266154977,0,0.94,1,NA,0.75957640714154,NA,0.216137890916695,NA,0.155148848060783,NA,-3.30830191532748,NA,0.454280266154977,NA,0.875,"paired n1=5 n2=5"
"paired",10,10,0.8,2.5,0.55675045058093,20,0,0,NA,0.0863791212282168,NA,0.0745073051772339,NA,0.0600235157786646,NA,NA,NA,-19.4394218984514,NA,0.91,NA,0.285650347865195,0,1,1,NA,0.643129571809147,NA,0.0863791212282168,NA,0.0600235157786646,NA,-19.4394218984514,NA,0.285650347865195,NA,0.91,"paired n1=10 n2=10"
"paired",20,20,0.8,2.5,0.563275828678676,20,0,0,NA,0.0425926499797715,NA,0.0253758207853943,NA,0.0264228961335454,NA,NA,NA,4.12627184360398,NA,0.96,NA,0.164508587963567,0,1,1,NA,0.605868478658447,NA,0.0425926499797715,NA,0.0264228961335454,NA,4.12627184360398,NA,0.164508587963567,NA,0.96,"paired n1=20 n2=20"
"paired",100,100,0.8,2.5,0.5684355003926,20,0,0,NA,0.000767710603873484,NA,0.00456994976452015,NA,0.00486292550523181,NA,NA,NA,6.41091818965377,NA,0.955,NA,0.0674365582994035,0,1,1,NA,0.569203210996474,NA,0.000767710603873484,NA,0.00486292550523181,NA,6.41091818965377,NA,0.0674365582994035,NA,0.955,"paired n1=100 n2=100"
"paired",5,5,0.8,3,0.733937174056157,20,0,0,NA,0.14591084590068,NA,0.132857283157247,NA,0.143970835898257,NA,NA,NA,8.36503086387478,NA,0.915,NA,0.391769028501377,0,0.975,1,NA,0.879848019956837,NA,0.14591084590068,NA,0.143970835898257,NA,8.36503086387478,NA,0.391769028501377,NA,0.915,"paired n1=5 n2=5"
"paired",10,10,0.8,3,0.743069848044803,20,0,0,NA,0.0654486511981733,NA,0.0518880002907428,NA,0.0562673292683042,NA,NA,NA,8.43996483391679,NA,0.975,NA,0.236457366628636,0,1,1,NA,0.808518499242977,NA,0.0654486511981733,NA,0.0562673292683042,NA,8.43996483391679,NA,0.236457366628636,NA,0.975,"paired n1=10 n2=10"
"paired",20,20,0.8,3,0.747574383015986,20,0,0,NA,0.0368205864847737,NA,0.0250288275788665,NA,0.0252831722763138,NA,NA,NA,1.01620699829405,NA,0.935,NA,0.162047644321214,0,1,1,NA,0.78439496950076,NA,0.0368205864847737,NA,0.0252831722763138,NA,1.01620699829405,NA,0.162047644321214,NA,0.935,"paired n1=20 n2=20"
"paired",100,100,0.8,3,0.751149018438098,20,0,0,NA,0.00704397995548289,NA,0.00409714838557583,NA,0.004634287264357,NA,NA,NA,13.1100665202215,NA,0.955,NA,0.0642361292207212,0,1,1,NA,0.758192998393581,NA,0.00704397995548289,NA,0.004634287264357,NA,13.1100665202215,NA,0.0642361292207212,NA,0.955,"paired n1=100 n2=100"
"paired",5,5,0.8,4,1.02961941718116,20,0,0,NA,0.201482521822002,NA,0.13952061350803,NA,0.129524887975052,NA,NA,NA,-7.16433599426715,NA,0.915,NA,0.423577876004217,0,1,1,NA,1.23110193900316,NA,0.201482521822002,NA,0.129524887975052,NA,-7.16433599426715,NA,0.423577876004217,NA,0.915,"paired n1=5 n2=5"
"paired",10,10,0.8,4,1.03469560291317,20,0,0,NA,0.102215803481258,NA,0.0463154045828718,NA,0.0523908839110662,NA,NA,NA,13.1176211951763,NA,0.945,NA,0.23776437504655,0,1,1,NA,1.13691140639443,NA,0.102215803481258,NA,0.0523908839110662,NA,13.1176211951763,NA,0.23776437504655,NA,0.945,"paired n1=10 n2=10"
"paired",20,20,0.8,4,1.03721449992815,20,0,0,NA,0.0320141711083446,NA,0.0210325440273994,NA,0.0238480817069031,NA,NA,NA,13.3865768964318,NA,0.965,NA,0.1481630468741,0,1,1,NA,1.06922867103649,NA,0.0320141711083446,NA,0.0238480817069031,NA,13.3865768964318,NA,0.1481630468741,NA,0.965,"paired n1=20 n2=20"
"paired",100,100,0.8,4,1.03922052067313,20,0,0,NA,0.00697564265894579,NA,0.00438629883158769,NA,0.00441494253694175,NA,NA,NA,0.653026764792884,NA,0.96,NA,0.0664306173984184,0,1,1,NA,1.04619616333207,NA,0.00697564265894579,NA,0.00441494253694175,NA,0.653026764792884,NA,0.0664306173984184,NA,0.96,"paired n1=100 n2=100"
"paired",5,5,0.8,5,1.25642300923862,20,0,0,NA,0.190365610845332,NA,0.152525688035921,NA,0.124714180679409,NA,NA,NA,-18.2339825603424,NA,0.89,NA,0.433592118687896,0,1,1,NA,1.44678862008395,NA,0.190365610845332,NA,0.124714180679409,NA,-18.2339825603424,NA,0.433592118687896,NA,0.89,"paired n1=5 n2=5"
"paired",10,10,0.8,5,1.25965403825267,20,0,0,NA,0.104988996858832,NA,0.0549452817792848,NA,0.0510289648092256,NA,NA,NA,-7.12766745976673,NA,0.905,NA,0.256306934810224,0,1,1,NA,1.3646430351115,NA,0.104988996858832,NA,0.0510289648092256,NA,-7.12766745976673,NA,0.256306934810224,NA,0.905,"paired n1=10 n2=10"
"paired",20,20,0.8,5,1.26126175667965,20,0,0,NA,0.0413011623855701,NA,0.0270632175533255,NA,0.0232827878306835,NA,NA,NA,-13.96888494575,NA,0.94,NA,0.169214915063531,0,1,1,NA,1.30256291906522,NA,0.0413011623855701,NA,0.0232827878306835,NA,-13.96888494575,NA,0.169214915063531,NA,0.94,"paired n1=20 n2=20"
"paired",100,100,0.8,5,1.26254421971042,20,0,0,NA,0.00594504884334923,NA,0.00479915582198237,NA,0.00434363266223044,NA,NA,NA,-9.49173514361461,NA,0.94,NA,0.0693577944330863,0,1,1,NA,1.26848926855377,NA,0.00594504884334923,NA,0.00434363266223044,NA,-9.49173514361461,NA,0.0693577944330863,NA,0.94,"paired n1=100 n2=100"
