"theta","design","n1","n2","rho","true_lnM","true_var_delta","true_var_safe","replicates","delta_mean","safe_mean","delta_bias","safe_bias","mean_var_delta","mean_var_safe","med_var_delta","med_var_safe","trim_var_delta","trim_var_safe","relbias_delta","relbias_safe","rmse_delta","rmse_safe","cover_delta","cover_safe","boot_keep","boot_total"
0.2,"indep",5,5,0,NA,0.451844369057725,0.073295207410264,362,-0.696220813833544,-0.317266243364125,NA,NA,105.094279152677,0.432436965156174,1.64402380989223,0.458367911259317,4.28050603060195,0.446344877251902,847.340793363986,508.96870753571,NA,NA,NA,NA,4158561,3620000
0.3,"indep",5,5,0,NA,0.630155286183779,0.0820853118640889,399,-0.761004906568427,-0.314929065132728,NA,NA,9137.47861698807,0.43021668811896,1.83998678184276,0.459119037906866,7.37926410455261,0.444341472043659,1071.02312181517,441.316664276514,NA,NA,NA,NA,4594497,3990000
0.4,"indep",5,5,0,NA,0.569752596315248,0.0861538375214318,449,-0.688589322473493,-0.303380511365255,NA,NA,373386.420499233,0.426834064499069,1.41276183442209,0.452660731666737,4.82097247104373,0.438741486888407,746.151909130792,409.253562592919,NA,NA,NA,NA,5196146,4490000
0.5,"indep",5,5,0,NA,0.576182898032094,0.115296337958066,500,-0.57646561205944,-0.243163563373657,NA,NA,366.594057942828,0.410953064181162,0.978625014360354,0.438411782439589,4.20122979416303,0.423524499677009,629.148645076415,267.335604215848,NA,NA,NA,NA,5812556,5e+06
0.6,"indep",5,5,0,NA,0.583020814890895,0.115828297910013,530,-0.582341779046594,-0.246619659928767,NA,NA,464.220567200933,0.411637579416251,1.13182742767875,0.441344580868581,3.39379109569939,0.424075017424833,482.104619426753,266.123844584419,NA,NA,NA,NA,6126855,5300000
0.7,"indep",5,5,0,-1.55054639460591,0.485800282671475,0.126819261020841,604,-0.47884326150081,-0.220983966606621,1.0717031331051,1.32956242799929,57741.3710519719,0.402913251757674,0.871904399555557,0.431791818054952,2.04973843109841,0.416325467639612,321.930267274989,228.282521352331,1.27810155428862,1.36564522354901,0.650662251655629,0.544701986754967,7039536,6040000
0.8,"indep",5,5,0,-1.06013176810005,0.46980896553506,0.145474983745198,635,-0.42449425879734,-0.188739254863842,0.635637509302705,0.871392513236203,193.582024407289,0.393120628560083,0.74468931348323,0.423397540846573,1.97533356956563,0.406099599226447,320.454634644094,179.154249597813,0.934400423870285,0.93421236005565,0.751181102362205,0.78740157480315,7431079,6350000
0.9,"indep",5,5,0,-0.792372649921864,0.477502990336079,0.148984419982681,690,-0.386923574005735,-0.16778811739767,0.405449075916129,0.624584532524194,687.778195336671,0.387090256915806,0.617369032491314,0.413750498073713,1.72090193999905,0.398725791023223,260.39605506718,167.629186373699,0.800749592680505,0.708601166078588,0.808695652173913,0.855072463768116,8063456,6900000
1,"indep",5,5,0,-0.601986402162968,0.461728337594182,0.166702010936468,750,-0.322496200297645,-0.131160894103186,0.279490201865322,0.470825508059781,464.845929052494,0.376331645894726,0.575260122330538,0.407253568553095,1.3792236927983,0.388210802945811,198.708911821331,132.877096541902,0.734321096489432,0.592400140231294,0.832,0.873333333333333,8789251,7500000
1.5,"indep",5,5,0,-0.0389807707348558,0.35510518794752,0.200633954065934,902,-0.0104470647356643,0.0557080028509983,0.0285337059991915,0.0946887735858542,55.8298858295109,0.325175150917387,0.310073184125975,0.340386945485145,0.492499562248921,0.33080181393269,38.6911762949818,64.8782806842252,0.596259736913728,0.416472494310918,0.894678492239468,0.912416851441242,10790799,9020000
2,"indep",5,5,0,0.29389333245106,0.233209792309629,0.191093118602932,983,0.300898273004708,0.288638326679207,0.00700494055364836,-0.00525500577185278,0.571345685173198,0.255280470427268,0.19184859290372,0.246364944133778,0.237268481488563,0.250731336665635,1.74035967303887,31.2089825623836,0.482723128283497,0.421644061505892,0.918616480162767,0.929806714140387,12050339,9830000
3,"indep",5,5,0,0.729307511349758,0.139981897405644,0.152847942381136,1000,0.778332015661433,0.748512630136121,0.0490245043116746,0.0192051187863627,0.13409861752136,0.150276424633596,0.111839367196805,0.124731279922653,0.120401070278431,0.138694097859767,-13.9881138133675,-9.26008181783384,0.377154235732868,0.391233857208643,0.924,0.928,12653217,1e+07
4,"indep",5,5,0,1.02706186684777,0.10542900265364,0.11373975510406,1000,1.05947311648556,1.04252016224095,0.0324112496377882,0.0154582953931757,0.0978254952323313,0.106560459521129,0.0914880356019916,0.0966030956538275,0.0933739184967542,0.100161530607565,-11.4343148976656,-11.9379758502844,0.326150368318156,0.337438845193345,0.941,0.945,12723929,1e+07
5,"indep",5,5,0,1.25479963118919,0.0880905771580538,0.0919262186639035,1000,1.30281947973422,1.29429232362862,0.0480198485450323,0.0394926924394301,0.0827801313452015,0.0879268296687532,0.0798892571303836,0.0822705103102424,0.0811704126111241,0.0847954669302382,-7.85573754899271,-7.75703802169476,0.300513547839667,0.305604262407047,0.928,0.933,12734431,1e+07
0.2,"indep",10,10,0,NA,0.531576863093572,0.0646720310952038,380,-1.17112578976113,-0.698662196805304,NA,NA,954.591136020626,0.408868232752612,1.93542103150827,0.428199349653304,8.47546371448697,0.421330528407929,1494.40041561686,551.488009998771,NA,NA,NA,NA,4477593,3800000
0.3,"indep",10,10,0,NA,0.475121927432699,0.0862061616132935,449,-1.03219991055008,-0.652434274704017,NA,NA,161.053214477229,0.395430631029739,1.42858588829483,0.422549641220764,3.69143961898371,0.409188273505904,676.945749258564,374.66244389984,NA,NA,NA,NA,5374017,4490000
0.4,"indep",10,10,0,NA,0.472294971783221,0.0884040662733198,486,-0.996341204194427,-0.639415702862675,NA,NA,323.636776361535,0.390812676208725,1.20070647678425,0.415023022068946,3.63145196532368,0.401830976489655,668.894903033285,354.539020012168,NA,NA,NA,NA,5852389,4860000
0.5,"indep",10,10,0,-1.84443972705697,0.456275369533988,0.116009484906421,564,-0.879894637290174,-0.584997477511654,0.964545089766795,1.25944224954531,961.418873137907,0.374178437997547,0.847351766291622,0.401688931720021,2.40795237767626,0.387631775745842,427.741039393732,234.138002645667,1.17720584472091,1.29268645263078,0.680851063829787,0.556737588652482,6895083,5640000
0.6,"indep",10,10,0,-1.26286432215413,0.446805499579072,0.132821369022438,633,-0.767744885403467,-0.534099802778984,0.495119436750661,0.728764519375144,88468.3869420185,0.35986332794212,0.644791326944275,0.38465152423238,1.45634599859028,0.371078739808724,225.946301010682,179.381806210743,0.831410188990712,0.787495879795596,0.777251184834123,0.82306477093207,7825186,6330000
0.7,"indep",10,10,0,-0.965510768280782,0.408832024534393,0.139567855875569,726,-0.73487412463815,-0.51718174582299,0.230636643642632,0.448329022457792,124.7849490036,0.355316294077785,0.619361290604492,0.381126710334592,1.38364128967001,0.366654638135109,238.437599462957,162.707079531262,0.679310059114948,0.547073162094363,0.855371900826446,0.898071625344353,9071894,7260000
0.8,"indep",10,10,0,-0.757063866314888,0.373455033296425,0.150274057857071,792,-0.636598524845504,-0.466271825491317,0.120465341469384,0.290792040823571,53.6388029610278,0.340570427774022,0.460459983431072,0.361365452327337,0.970260627260236,0.351187463853558,159.806547175415,133.697997419874,0.622491283199058,0.440686300603374,0.878787878787879,0.911616161616162,10006639,7920000
0.9,"indep",10,10,0,-0.593721751187363,0.351316653628746,0.162011548759662,846,-0.516084850146901,-0.39284663545807,0.0776369010404616,0.200875115729293,106.439000733461,0.317552260000034,0.34508655540509,0.333473032442949,0.62915265223521,0.324153807128386,79.0842095689742,100.080679192355,0.597435246800707,0.395981942950243,0.887706855791962,0.92789598108747,10918308,8460000
1,"indep",10,10,0,-0.458145365937078,0.346786449322358,0.164407140396008,898,-0.471868314195894,-0.361160400011714,-0.0137229482588168,0.0969849659253639,16.6886827530144,0.309183512812607,0.320287841860098,0.323114579065711,0.565504737094003,0.315956491679961,63.0700213918491,92.1793000711012,0.588717752564304,0.375203445964277,0.898663697104677,0.927616926503341,11650095,8980000
1.5,"indep",10,10,0,0.0123463062951856,0.190011958001967,0.146475280708903,992,-0.0174088770050241,-0.0161311690106436,-0.0297551833002097,-0.0284774753058292,1.15020709607561,0.207936873164158,0.13554011096883,0.184707842130722,0.168883199123082,0.199706591933373,-11.1196995710482,36.3414980103427,0.436698734395571,0.374262224521554,0.929435483870968,0.939516129032258,13814613,9920000
2,"indep",10,10,0,0.320926943086197,0.107268947544603,0.109291729081153,1000,0.309073303181753,0.29834210917544,-0.0118536399044447,-0.0225848339107569,0.121618076949549,0.129761457011382,0.0846700276064148,0.10358174728356,0.0925967709631508,0.117085958680945,-13.6779346840815,7.13158229384749,0.327570125890691,0.33119859914385,0.944,0.952,14358083,1e+07
3,"indep",10,10,0,0.740802270462108,0.0588779921780246,0.0631530003557068,1000,0.740805812652711,0.746943826660621,3.54219060383354e-06,0.00614155619851364,0.0561352087097362,0.0667483677968929,0.0523399085760201,0.0614247219818113,0.0538053440147881,0.0632505507623577,-8.61552504694583,0.154466780836149,0.242526522669983,0.251251997142094,0.944,0.954,14494088,1e+07
4,"indep",10,10,0,1.03343137973649,0.0454365540730932,0.046842822390609,1000,1.05235326053716,1.06638124604682,0.0189218808006701,0.0329498663103318,0.0421678630603199,0.0503683302999827,0.0411441134851937,0.0487587739707978,0.0414651759198209,0.0493280599863982,-8.74049151457139,5.30548218266074,0.213890521276785,0.218818813766292,0.94,0.951,14496384,1e+07
5,"indep",10,10,0,1.2588482363055,0.0383029847715834,0.0389154508531042,1000,1.28659003662223,1.30321215639141,0.027741800316736,0.0443639200859187,0.0365814158048316,0.0441836520004559,0.0360774829435906,0.0429254698189066,0.0362392795906874,0.0434232984582942,-5.38784429778192,11.5836962090094,0.197570972745557,0.20210069967133,0.942,0.948,14495847,1e+07
0.2,"indep",20,20,0,NA,0.443199808123233,0.0721410951153798,378,-1.4136352295129,-1.03356109471816,NA,NA,1419.15001302213,0.378883080700486,1.52207222575648,0.403450054577924,4.44686543792525,0.389343508878108,903.354549442581,439.697253355256,NA,NA,NA,NA,4574090,3780000
0.3,"indep",20,20,0,NA,0.395535238360125,0.089395469742615,534,-1.33547915800798,-1.00728660617655,NA,NA,102.789809247692,0.372267891157456,1.1343678739112,0.394729943038149,3.38765347025605,0.382606396402126,756.473239729825,327.993048757074,NA,NA,NA,NA,6547669,5340000
0.4,"indep",20,20,0,-1.75327894865999,0.373146478046312,0.117642934173729,614,-1.17406174430222,-0.935414192978811,0.579217204357773,0.817864755681179,722.943825547343,0.350690714746262,0.783763353975123,0.378681719068961,1.68112901917553,0.362177772647828,350.527907425909,207.86190024212,0.841445968229734,0.863837332178843,0.763843648208469,0.798045602605863,7676518,6140000
0.5,"indep",20,20,0,-1.29513358272291,0.407489690271858,0.129581165807479,729,-1.10359538035649,-0.89140010851879,0.191538202366421,0.403733474204124,264.67836691903,0.33755284710436,0.569588390630256,0.357877051378747,1.3343407770868,0.347595802221498,227.453874034601,168.245620461485,0.666046246494243,0.499470170600322,0.872427983539095,0.910836762688615,9287135,7290000
0.6,"indep",20,20,0,-1.02011041426328,0.385736742730862,0.147047753423304,818,-0.98655310715974,-0.823675598059795,0.0335573071035374,0.196434816203482,33.3713647670101,0.316605755651001,0.43544280340538,0.338819443948683,0.925139868746626,0.325516975034874,139.837113311271,121.36820689658,0.621603792443965,0.380434011520994,0.894865525672372,0.926650366748166,10605411,8180000
0.7,"indep",20,20,0,-0.817377860209195,0.334405297281816,0.161587903852905,862,-0.834694808779393,-0.733253661610084,-0.0173169485701976,0.0841241985991108,19.434917224961,0.289686895694031,0.3125052344884,0.30468260525437,0.537611124063151,0.295209015409129,60.7663300889899,82.6925211418426,0.578201723284752,0.352795694659019,0.906032482598608,0.940835266821346,11493481,8620000
0.8,"indep",20,20,0,-0.654666659991881,0.296174710201765,0.15803883607022,933,-0.707071912820962,-0.646410211608768,-0.0524052528290809,0.00825644838311301,10.0214298536517,0.263696175501583,0.233458689767762,0.26941089418253,0.353244450164099,0.265640626853108,19.2689443077214,68.0856639155945,0.546446316948473,0.356388647698243,0.916398713826367,0.941050375133976,12748734,9330000
0.9,"indep",20,20,0,-0.51781874475336,0.239660182423423,0.14213431134632,976,-0.57598358317781,-0.552342215842922,-0.0581648384244501,-0.0345234710895612,20.6666330601915,0.234933111837769,0.176950478981934,0.226979838512014,0.244075327960776,0.232730532861779,1.84225243121625,63.7398673531513,0.49274514445783,0.35730209609384,0.932377049180328,0.944672131147541,13629247,9760000
1,"indep",20,20,0,-0.399253848108886,0.214245389339198,0.137952610967662,986,-0.469745766578108,-0.462444868040784,-0.0704919184692226,-0.0631910199318984,16.6155740925383,0.207845296791868,0.142731514555587,0.190344319077404,0.186891894261183,0.201299627560832,-12.7673669722282,45.9194038799452,0.467971379996198,0.361307261205301,0.94421906693712,0.959432048681542,13994347,9860000
1.5,"indep",20,20,0,0.0361603307898131,0.0744028001457035,0.0837439209105581,999,0.0334258252131932,0.0169205291025341,-0.00273450557661985,-0.019239801687279,0.076899572419032,0.0914561410904802,0.0622917801099128,0.0735330722998863,0.066759195082935,0.081190343935357,-10.2732760699865,-3.04926846920436,0.272645924944843,0.286793988753953,0.940940940940941,0.948948948948949,14888475,9990000
2,"indep",20,20,0,0.333914686287828,0.044696622967432,0.048437010086682,1000,0.320541663097348,0.318191474479259,-0.0133730231904802,-0.0157232118085685,0.0444254879502889,0.0511010554460703,0.0406529726468932,0.0456628931319468,0.0420182172691164,0.0473714316291512,-5.99241177631524,-2.19992616312173,0.211732765753715,0.220535240871323,0.95,0.959,14966601,1e+07
3,"indep",20,20,0,0.746452048089074,0.0263532980325972,0.0270718373569006,1000,0.751774840783746,0.759921868070806,0.00532279269467206,0.0134698199817319,0.025412454407937,0.0286293213547072,0.0248067326145774,0.0279573240823738,0.0250446255071574,0.028213311716453,-4.96587760598692,4.21646430755265,0.162343083796739,0.165003641080686,0.943,0.954,14969379,1e+07
4,"indep",20,20,0,1.03658596433312,0.0207330293968789,0.0210244837332149,1000,1.04043062828456,1.05153844764626,0.00384466395143734,0.0149524833131383,0.0199020594249929,0.0228312585236843,0.0196221727920894,0.0224965891562617,0.0197497351393362,0.0226329301218556,-4.74264632881268,7.65034903615571,0.143969016834809,0.145695010232716,0.941,0.95,14969045,1e+07
5,"indep",20,20,0,1.26086031145536,0.0188291276463115,0.0189954219563487,1000,1.27023843532181,1.28245389023847,0.00937812386645098,0.0215935787831081,0.0173816910860371,0.0202113958378904,0.0173026161319952,0.0199546245874672,0.0173260747240272,0.0200777229318699,-7.9825945764342,5.69769378120835,0.137470897741739,0.139437115500338,0.942,0.953,14969168,1e+07
0.2,"indep",100,100,0,-2.30258509299405,0.402245344448409,0.108453088122463,653,-2.00665675519822,-1.76766965895346,0.295928337795824,0.534915434040582,109.994558995892,0.338847923009956,0.753006682140132,0.361150554715581,1.83727207541164,0.348201984119583,356.754093184361,221.062304585004,0.699430432298812,0.595133314574681,0.857580398162328,0.908116385911179,8132486,6530000
0.3,"indep",100,100,0,-1.67620360874636,0.38762541696074,0.136791163959272,870,-1.71180400620145,-1.60311904500091,-0.0356003974550916,0.0730845637454491,52301111.398563,0.289304359568599,0.342615391216165,0.306062754614244,0.588175101497313,0.295591979391448,51.7380119469525,116.08996578131,0.623255372061424,0.322981861586737,0.922988505747126,0.947126436781609,11447248,8700000
0.4,"indep",100,100,0,-1.32963001846639,0.204548827771784,0.131170524919649,965,-1.3775054599543,-1.37671432151807,-0.047875441487907,-0.0470843030516834,10.337560910608,0.220076388596334,0.166587330409844,0.215138044429844,0.218345388886189,0.216997006911902,6.74487420177166,65.4312255324343,0.454564536641688,0.334370965256315,0.941968911917098,0.960621761658031,13399911,9650000
0.5,"indep",100,100,0,-1.08141157530944,0.141656082400464,0.112577009559213,994,-1.13154289697432,-1.15948044838022,-0.0501313216648778,-0.0780688730707764,1.14099321229854,0.157141727948724,0.100089642385902,0.13434150857503,0.117493392459759,0.146849050099008,-17.0572908210156,30.4431967716887,0.379508525151986,0.336182640170636,0.943661971830986,0.953722334004024,13927415,9940000
0.6,"indep",100,100,0,-0.885978420965938,0.0848482367727989,0.0875158391349506,1000,-0.921664915445014,-0.955818600797746,-0.0356864944790759,-0.0698401798318086,0.100632711420783,0.106402173947754,0.0662709282231665,0.0809452761959187,0.074597578262284,0.0945186146704847,-12.0811685668419,8.00172357912916,0.29332049779078,0.303818982314725,0.951,0.958,13388595,1e+07
0.7,"indep",100,100,0,-0.724084882418989,0.0533904167646427,0.0585976921508752,1000,-0.738154105560042,-0.763857332477991,-0.014069223141053,-0.0397724500590021,0.0590428369350212,0.0675639438903812,0.046915428588624,0.0535074893357441,0.0502334361894194,0.0590876987528734,-5.91300979938026,0.836221673605397,0.231376250699312,0.245195722316724,0.948,0.959,12196588,1e+07
0.8,"indep",100,100,0,-0.585591490751473,0.0393395991263971,0.0435313631107102,1000,-0.598035116585988,-0.616519919561658,-0.0124436258345154,-0.0309284288101852,0.0410639860355392,0.0470081302236797,0.036483579202886,0.0396644119775186,0.0381403820876453,0.0424615201424901,-3.04837127317631,-2.4576371879264,0.198633087251797,0.210818403979032,0.949,0.955,11118434,1e+07
0.9,"indep",100,100,0,-0.464434757040508,0.0300559079895835,0.0324963949865744,1000,-0.47278377337274,-0.485698529585464,-0.00834901633223195,-0.0212637725449558,0.0313975163520794,0.0343643791578143,0.0285648878899393,0.0304210342177534,0.0297298742506604,0.0319141242987999,-1.08475757590195,-1.79180086903511,0.173480714073092,0.181427800004386,0.963,0.968,10424135,1e+07
1,"indep",100,100,0,-0.356674943938733,0.0230622606133637,0.0243534625008339,1000,-0.365285476286755,-0.374579527475754,-0.00861053234802217,-0.0179045835370212,0.0251964457850217,0.0268009270063384,0.0238112014306672,0.0249857086821685,0.0242855121217734,0.0255887588948437,5.30412663752835,5.07236453119377,0.152030719330229,0.157002175621764,0.963,0.966,10054971,1e+07
1.5,"indep",100,100,0,0.0544272024560408,0.0119346195608744,0.0121881394832607,1000,0.0516177818063869,0.0494064146853858,-0.00280942064965393,-0.00502078777065501,0.0119456108042934,0.0122448405177403,0.0116544014999783,0.0119054191453095,0.0117802733537196,0.0120656429107695,-1.29326457678492,-1.00504734672161,0.109227184279831,0.110458859552394,0.953,0.953,1e+07,1e+07
2,"indep",100,100,0,0.3440673193682,0.00739501842039438,0.00747818406721387,1000,0.342433634495946,0.342449088120901,-0.00163368487225385,-0.00161823124729926,0.00770941870109897,0.00785464635028455,0.00757201632416239,0.00773564081475393,0.00763904748221096,0.0077813296898658,3.2999114801876,4.05373309786508,0.0859668094571145,0.0864483924403248,0.954,0.957,1e+07,1e+07
3,"indep",100,100,0,0.750926350877081,0.00494805315454378,0.00496932246316596,1000,0.751491419253335,0.752956800607681,0.000565068376253808,0.00203044973059963,0.00479112244663862,0.00489473774282247,0.00476450790239093,0.00486669322566654,0.00477683810287141,0.00488074678110701,-3.46025085674645,-1.78244987552113,0.0703094901393765,0.0704874163720822,0.947,0.946,1e+07,1e+07
4,"indep",100,100,0,1.03909537988909,0.00405612267086716,0.0040661674367433,1000,1.04466395522097,1.04659097341699,0.00556857533187971,0.00749559352789819,0.00378166946869876,0.00388270936769866,0.00377395846587247,0.00387249819963119,0.00377723144493385,0.00387936943602817,-6.87580846448331,-4.59395742111249,0.0638989481871424,0.0641738668902072,0.949,0.949,1e+07,1e+07
5,"indep",100,100,0,1.26246416206874,0.00325903243322757,0.00326371694587032,1000,1.26503152267265,1.26722922619581,0.00256736060390739,0.00476506412706534,0.00333200994339014,0.0034274695619077,0.00332619364261849,0.00342233664636943,0.00332982399562565,0.00342431015057428,2.17216501671842,4.92056165921992,0.0571171142589053,0.0572988574498611,0.944,0.947,1e+07,1e+07
0.2,"indep",3,7,0,NA,0.530415011465601,0.0818679925223936,372,-0.669775959628497,-0.250242159458822,NA,NA,2245.52274119279,0.437131185577371,1.74339641758503,0.46460906716912,6.11961914468927,0.449551069254657,1053.74169516432,449.117005808699,NA,NA,NA,NA,4251184,3720000
0.3,"indep",3,7,0,NA,0.595792731754219,0.0913305967929996,385,-0.654817525815929,-0.233353445353816,NA,NA,1118.19362012424,0.433985343300817,1.58510043783731,0.456970205542618,5.93370202590797,0.446441977852029,895.933939717108,388.819731315111,NA,NA,NA,NA,4384365,3850000
0.4,"indep",3,7,0,NA,0.471882655390396,0.103612160030712,402,-0.541838465185111,-0.203018162050812,NA,NA,174.40656523466,0.42664607786404,1.37301613115521,0.455378058897932,3.63446499848998,0.438244484722378,670.20525271969,322.966266307424,NA,NA,NA,NA,4568134,4020000
0.5,"indep",3,7,0,NA,0.617592056662333,0.0981918036961738,459,-0.641811874448761,-0.226632003211795,NA,NA,1729.27343363128,0.42956821518922,1.4092723590634,0.456924251357234,6.01552568200557,0.442585152491931,874.028991647888,350.735332107131,NA,NA,NA,NA,5219599,4590000
0.6,"indep",3,7,0,NA,0.474561429798075,0.12356055272488,515,-0.486707307935949,-0.175284672025927,NA,NA,81.6752852920886,0.415113701853961,1.06093857454689,0.446658752706447,3.48221912431738,0.429118451461741,633.776262811552,247.294052995389,NA,NA,NA,NA,5911882,5150000
0.7,"indep",3,7,0,-2.48777198714249,0.565963399878417,0.135855238117489,522,-0.463412050949413,-0.149777398353794,2.02435993619308,2.3379945887887,2087.80122047235,0.410906441058948,0.974576521321606,0.445520522189301,2.80760843661901,0.425554947133244,396.075971913051,213.241471606137,2.15937776455846,2.36271263044969,0.46360153256705,0,5983357,5220000
0.8,"indep",3,7,0,-1.25109907344903,0.483188267341065,0.146598683044023,596,-0.372101484920913,-0.118367962192164,0.878997588528117,1.13273111125687,109.306597436903,0.401733306540864,0.759863522461272,0.433886175492708,2.07195396027986,0.415201944032112,328.808830910073,183.223515662436,1.12027421170441,1.18198909976567,0.697986577181208,0.672818791946309,6809310,5960000
0.9,"indep",3,7,0,-0.895165958618435,0.593533584067898,0.16071326266053,642,-0.380549758900735,-0.104394218882852,0.514616199717699,0.790771739735583,45303.6817246796,0.394203129329187,0.694586517721087,0.43091715976651,2.15063416460922,0.407793622711112,262.344140641449,153.739869355077,0.925979972752917,0.864162705623143,0.7601246105919,0.811526479750779,7310740,6420000
1,"indep",3,7,0,-0.669887172742499,0.468032542060463,0.17263917990677,687,-0.281390680892129,-0.0763642218616057,0.38849649185037,0.593522950880893,1023.94393383026,0.388304060507485,0.663989786915128,0.424235304882168,1.32228704910888,0.401460770927665,182.520322900553,132.543256487006,0.786308334029805,0.696452277917568,0.807860262008734,0.863173216885007,7907615,6870000
1.5,"indep",3,7,0,-0.0600088367288999,0.391503875191137,0.199084762874715,876,-0.00112262626389828,0.0947118487434096,0.0588862104650016,0.15472068547231,19.3466582126843,0.335329455710029,0.32587150053949,0.351475939163885,0.557049721174769,0.340291772498817,42.2845995848215,70.9280848946558,0.628111883936383,0.428832961215108,0.894977168949772,0.917808219178082,10164280,8760000
2,"indep",3,7,0,0.283197737460401,0.288122150117848,0.204169114357075,977,0.273189209545594,0.289900762803702,-0.0100085279148066,0.00670302534330086,4.92896863842951,0.283222362626629,0.219509127254014,0.281014329585868,0.297729623622854,0.280623271963374,3.33451402506755,37.4464854035592,0.536588683988558,0.433694649922912,0.905834186284544,0.929375639713408,11422877,9770000
3,"indep",3,7,0,0.724858093778693,0.154992902728638,0.162179186399264,999,0.772291238404728,0.745609775270266,0.0474331446260344,0.0207516814915729,0.164658696954994,0.171966015602051,0.119314198134484,0.14112902248503,0.130433965409884,0.158334514376971,-15.8452012230206,-2.37063220481777,0.396342853962289,0.400533727292255,0.912912912912913,0.925925925925926,11955144,9990000
4,"indep",3,7,0,1.02461388154167,0.105135898430345,0.114797498555562,1000,1.07174995235568,1.05446318285348,0.0471360708140132,0.0298493013118131,0.105458267718272,0.120756204463836,0.0928698266489732,0.107799758114423,0.0972056567649324,0.112035169283627,-7.5428486214601,-2.40626259865581,0.327494384232308,0.339961294628976,0.937,0.947,12073031,1e+07
5,"indep",3,7,0,1.25324864119018,0.0927116497031957,0.0979901085891719,1000,1.33038599072285,1.32315892327325,0.0771373495326619,0.0699102820830704,0.0855672696747744,0.0965319523352331,0.0803837177483629,0.0906804204901748,0.0825401597725103,0.0931209952138274,-10.9711022975517,-4.96898456941053,0.313957176612379,0.320592523340014,0.929,0.947,12093060,1e+07
0.2,"indep",6,14,0,NA,0.433839812167334,0.0683582213989443,365,-1.02994857391788,-0.616223240936592,NA,NA,940.940422814252,0.404650149846088,1.59358806989329,0.421791522606062,5.91081096533332,0.414798512493776,1262.4408824549,506.801206943312,NA,NA,NA,NA,4264583,3650000
0.3,"indep",6,14,0,NA,0.552475144831748,0.0948265110876771,424,-1.00977211847872,-0.580829329343648,NA,NA,5169.94968132152,0.394476220216941,1.69513733774812,0.424051351898377,6.45408247308011,0.408886906119923,1068.21227768457,331.194716994137,NA,NA,NA,NA,5012532,4240000
0.4,"indep",6,14,0,NA,0.44178786427686,0.0985963306042911,479,-0.896597791498909,-0.554923204191025,NA,NA,736.43202462954,0.388055205375802,1.11847940265338,0.411673766002211,3.66282656707361,0.398208070120043,729.091711939417,303.877170356594,NA,NA,NA,NA,5721904,4790000
0.5,"indep",6,14,0,-2.56198198970163,0.48455523403797,0.110741556799886,553,-0.875306761823152,-0.540148523155269,1.68667522787848,2.02183346654636,44612.575512771,0.382697908513966,1.04903627545307,0.412210055879268,3.2347400791857,0.396599643074329,567.568906898283,258.130817856388,1.82443205636638,2.04153485919785,0.537070524412297,0,6601065,5530000
0.6,"indep",6,14,0,-1.39883117989595,0.367126560021856,0.126576354651925,591,-0.711684624077461,-0.484379054639889,0.687146555818487,0.91445212525606,118.406788139609,0.365327790326785,0.735354352279026,0.392217201298269,1.53233234823949,0.376423154577118,317.385314793967,197.388209363631,0.915792418434458,0.959263228301628,0.739424703891709,0.759729272419628,7181587,5910000
0.7,"indep",6,14,0,-1.03592568620658,0.41793479516034,0.137654133614507,695,-0.695476712118119,-0.459088367919833,0.340448974088461,0.576837318286747,61.5215719562227,0.359981404629698,0.675164598035222,0.385059964943669,1.7394991777352,0.37087680765499,316.213054734494,169.426567816417,0.730232123430089,0.652726638515963,0.818705035971223,0.866187050359712,8465860,6950000
0.8,"indep",6,14,0,-0.802343654837751,0.361576003979809,0.150302423349398,729,-0.575528350018203,-0.403595827745239,0.226815304819548,0.398747827092512,34.3291922576815,0.343156898820473,0.481306426342084,0.363705343732395,1.01728379379541,0.352585628509709,181.347153184484,134.584127555999,0.642281244820889,0.508529204039539,0.847736625514403,0.901234567901235,9028040,7290000
0.9,"indep",6,14,0,-0.625964991095738,0.360155213121803,0.151681049259255,792,-0.545307373745354,-0.383186146928893,0.0806576173503843,0.242778844166845,31.7378206596348,0.336493949316114,0.459096627760218,0.361016106301577,0.939094841907784,0.345311074738583,160.747257763609,127.656043009284,0.605149669856751,0.407802673503412,0.886363636363636,0.930555555555556,9837794,7920000
1,"indep",6,14,0,-0.482540448021794,0.33355332040108,0.1691776443263,849,-0.399274266803146,-0.297139460092216,0.0832661812186474,0.185400987929578,622.867300220374,0.309223072560005,0.32228985313864,0.326674303421483,0.526199697533556,0.315802798152668,57.7557965547545,86.6693435827531,0.583175530569901,0.39408888527702,0.877502944640754,0.916372202591284,10751262,8490000
1.5,"indep",6,14,0,0.00296736775990736,0.233092322019746,0.152319557488653,984,-0.0274260626705114,-0.0132973718794844,-0.0303934304304188,-0.0162647396393917,19.0149791477472,0.226752911356746,0.157570165438334,0.212982257863242,0.200223289539699,0.220715706369015,-14.1012935111874,44.9030643261011,0.483507187321964,0.373658739433478,0.922764227642276,0.940040650406504,13186530,9840000
2,"indep",6,14,0,0.315889117091827,0.133513596896439,0.135126524061404,998,0.318423451507857,0.303955764377316,0.00253433441603085,-0.0119333527145102,0.177694427087067,0.149248775608768,0.0924645697035332,0.114437358603162,0.106734580482622,0.135366670831428,-20.0571455164888,0.17771993447786,0.365220807989025,0.364050035203336,0.920841683366733,0.938877755511022,13813438,9980000
3,"indep",6,14,0,0.738633069662809,0.0605529986142531,0.0655224414103599,1000,0.764543148774529,0.76603986992485,0.0259100791117198,0.0274068002620415,0.0599422534932439,0.0724773776023309,0.0544811755072112,0.0647876250264005,0.056416378580433,0.0672109425891912,-6.83140410629717,2.576981477623,0.247313116949373,0.25730925298083,0.926,0.941,14066439,1e+07
4,"indep",6,14,0,1.03222437854685,0.0487667483707839,0.0505580787863273,1000,1.05494989487215,1.06479431526627,0.0227255163252984,0.0325699367194274,0.0448602697555634,0.05359473443015,0.0426921643853574,0.0515375179252175,0.0438094708763733,0.0523588494663619,-10.1652820005947,3.5617862135251,0.221888329379137,0.227086594684602,0.928,0.942,14067807,1e+07
5,"indep",6,14,0,1.25807959664605,0.0425094270317841,0.0434795216233119,1000,1.28073872774752,1.29351806776009,0.0226591311014688,0.0354384711140381,0.038607323942961,0.0466928869817985,0.037613936299316,0.0452441133152775,0.0380232143075177,0.046017088834415,-10.5534537572386,5.83623535025859,0.207317036991719,0.211404653062768,0.936,0.944,14071988,1e+07
0.2,"indep",12,28,0,NA,0.53659622559372,0.067475584715211,396,-1.44935313900021,-0.988600123993773,NA,NA,2340844.44074952,0.386829430146463,2.11218356224661,0.406879964272077,7.54067880726013,0.395752312905816,1305.27988226468,486.511868813198,NA,NA,NA,NA,4747859,3960000
0.3,"indep",12,28,0,NA,0.415688236666932,0.094439191493279,474,-1.2529857356223,-0.922114128372651,NA,NA,538.296665720806,0.369182353904043,1.25489163334737,0.392479872477215,3.68718577628959,0.381666487879274,787.00748567103,304.139935808786,NA,NA,NA,NA,5799183,4740000
0.4,"indep",12,28,0,-1.94424625400898,0.45737761859937,0.106846487772341,565,-1.18254448478025,-0.888150495446423,0.761701769228729,1.05609575856255,112177.510566929,0.358787815547758,0.880299068589397,0.379543436059628,2.54544277712329,0.369860339320345,456.52980679689,246.160502821965,1.01821298652911,1.08966158847911,0.741592920353982,0.684955752212389,6970470,5650000
0.5,"indep",12,28,0,-1.36303435330244,0.417086588146815,0.135116453514072,697,-1.04475868775004,-0.820101387663461,0.318275665552407,0.542932965638983,84.3795563532862,0.338206212987151,0.615944298300852,0.360896493748289,1.58218428016882,0.349189845932315,279.341922069164,158.436213244708,0.719574586032714,0.623626778263944,0.822094691535151,0.862266857962697,8813692,6970000
0.6,"indep",12,28,0,-1.058151567492,0.381422387203631,0.140698185659287,767,-0.978210976361924,-0.786578680978135,0.0799405911300731,0.271572886513862,35.7109512183866,0.329194127052387,0.523245922465046,0.353642440621177,1.32422032337004,0.338929081652016,247.179496483795,140.890868680256,0.622346843862706,0.411597987740224,0.887874837027379,0.93089960886571,9780166,7670000
0.7,"indep",12,28,0,-0.842414379200356,0.30232187365783,0.143569982576883,841,-0.811461336831138,-0.702376868403678,0.0309530423692179,0.140037510796678,32.919893376257,0.304331261161417,0.359031943773793,0.323287356232647,0.62650714134967,0.310625073942868,107.231826718154,116.357951967101,0.550382126752432,0.342870567346919,0.916765755053508,0.953626634958383,11020693,8410000
0.8,"indep",12,28,0,-0.672621910644767,0.307761937577492,0.151800258039271,909,-0.686184309169191,-0.611294428663545,-0.0135623985244245,0.0613274819812218,2527.56767313804,0.277449557147729,0.26244442643418,0.285691960180151,0.436293328739097,0.2808305873763,41.763251223762,85.000072466049,0.554623569858596,0.344506304208821,0.917491749174917,0.93949394939494,12203785,9090000
0.9,"indep",12,28,0,-0.531415775693636,0.331814051034465,0.152229842496321,950,-0.609601039216949,-0.545897048594652,-0.0781852635233131,-0.0144812729010163,232.129995484613,0.256813936086552,0.21601648792415,0.257279207202127,0.330711874917389,0.257443611075061,-0.332166800543809,69.1150741887437,0.581014378925528,0.356930808051382,0.923157894736842,0.948421052631579,12915642,9500000
1,"indep",12,28,0,-0.409949443099545,0.207253211784938,0.148296185049488,969,-0.452602841192757,-0.44262201305677,-0.042653398093212,-0.0326725699572255,2.20565021872825,0.225700128980053,0.168954179632698,0.220333281636575,0.226585834156647,0.223115353830839,9.32802063968465,50.4525242887288,0.45701054752636,0.3567543161347,0.919504643962848,0.943240454076367,13497875,9690000
1.5,"indep",12,28,0,0.0317109132187481,0.0863545634467598,0.0954219759989418,999,0.011879761879028,-0.0114804567842714,-0.0198311513397201,-0.0431913700030195,0.0971522314626098,0.113554462660701,0.0731561298103165,0.0900240134008139,0.0816068613049228,0.102712352222052,-5.49791690483636,7.64014384190781,0.29438307866752,0.309070062472725,0.934934934934935,0.940940940940941,14711157,9990000
2,"indep",12,28,0,0.331466700981724,0.0492492039564581,0.053937537852189,1000,0.329291444235918,0.322462426057166,-0.0021752567458066,-0.00900427492455824,0.0503836596989518,0.0584807808237229,0.0446394866216633,0.0496796605976882,0.0468751056307245,0.0532439013451833,-4.82058213130234,-1.28599957400086,0.221821294050891,0.232302985949931,0.943,0.946,14846926,1e+07
3,"indep",12,28,0,0.745380810400251,0.0309255101638918,0.031932170208215,1000,0.749025364342898,0.754487200400337,0.00364455394264696,0.00910639000008573,0.028139200110598,0.03133630999929,0.0269681406900255,0.0295336840976171,0.0274348905883745,0.0304224421914466,-11.2871851006451,-4.72792173824784,0.175806335002948,0.178838375011742,0.929,0.939,14855432,1e+07
4,"indep",12,28,0,1.03598662353616,0.021629854054595,0.0219701661016696,1000,1.05119258476562,1.06035130095909,0.0152059612294604,0.0243646774229362,0.0209969748989253,0.0236609251063277,0.0206069643663638,0.023188070539578,0.0207740353512794,0.023386626929206,-3.95665500634206,6.44720126821778,0.147781749405846,0.150139380048979,0.951,0.959,14855239,1e+07
5,"indep",12,28,0,1.2604776827778,0.0177431234965146,0.0179289910955215,1000,1.26976251547508,1.28035563666218,0.00928483269728453,0.0198779538843847,0.0182169032574414,0.0208588108651481,0.0179860929368765,0.0204802800029518,0.0180973062352432,0.0206325738005782,1.99616904429627,15.0793911974892,0.133460063281997,0.135300388599056,0.949,0.961,14855726,1e+07
0.2,"indep",60,140,0,-2.40823963982765,0.45653012543479,0.114768547846828,611,-1.9495478193192,-1.68359676110583,0.458691820508446,0.724642878721822,108.609743325538,0.337900567319842,0.803528952688616,0.360817598147424,2.34189929137631,0.347929013629189,412.978040418677,203.157110686405,0.816199195348863,0.776290998774487,0.787234042553192,0.821603927986907,7633177,6110000
0.3,"indep",60,140,0,-1.70418293557038,0.317890440144639,0.135886035606414,848,-1.63947980448032,-1.53370220731336,0.0647031310900639,0.170480728257029,65.2845789781358,0.295090835504502,0.354164143238047,0.307404604888716,0.632954903398012,0.301221602447706,99.1110217438498,121.672227836697,0.56718785645978,0.348609692801144,0.903301886792453,0.951650943396226,11115668,8480000
0.4,"indep",60,140,0,-1.3434239967258,0.235650048870811,0.136424210240777,945,-1.40828863229356,-1.3798943351249,-0.0648646355677573,-0.0364703383991001,3.12366352053053,0.247051309562532,0.205951374983843,0.245283552631282,0.307992226910029,0.247352496433683,30.698987072512,81.3112907138159,0.489497808664215,0.331397709513241,0.937566137566138,0.957671957671958,12926150,9450000
0.5,"indep",60,140,0,-1.08976250011841,0.17278167497024,0.131159400852052,986,-1.13184540918039,-1.1510291031465,-0.0420829090619808,-0.0612666030280926,5.49780541634833,0.179027427556113,0.115199529544041,0.155936552256013,0.146554618767259,0.170798376547054,-15.1793042910939,30.2219859480101,0.417585214346589,0.348783164270029,0.933062880324544,0.948275862068966,13776438,9860000
0.6,"indep",60,140,0,-0.891612283389109,0.123988710975573,0.105123749762969,1000,-0.946669878109912,-0.976875038217368,-0.0550575947208028,-0.0852627548282597,0.249162523552566,0.131659084504454,0.0797164134671018,0.102757464301214,0.0936090818773643,0.119253989847823,-24.5019315542315,13.4415297368239,0.356224733842329,0.335094558854825,0.946,0.959,13741421,1e+07
0.7,"indep",60,140,0,-0.728154080870475,0.0659349547908851,0.0708705465058374,1000,-0.762209597151422,-0.793787773332488,-0.0340555162809474,-0.0656336924620139,0.0779135466921782,0.0890889499679043,0.0581834516521045,0.0688678910587119,0.062859421212456,0.07779913979533,-4.66449637856478,9.77640731036551,0.258899204373548,0.274057398268191,0.96,0.963,13017673,1e+07
0.8,"indep",60,140,0,-0.588673164605307,0.050083345993361,0.0561893208827721,1000,-0.614705256641357,-0.63906393680323,-0.0260320920360501,-0.0503907721979233,0.0523681488213685,0.0620096196775481,0.0436737416845238,0.0492499661089441,0.0469511897172282,0.0544782878943195,-6.25388782240701,-3.04512131766532,0.225190880062095,0.242223783895373,0.95,0.954,11900061,1e+07
0.9,"indep",60,140,0,-0.466851680175666,0.0379302838881095,0.0417777484415407,1000,-0.480759324099515,-0.497967852873746,-0.0139076439238494,-0.03111617269808,0.038592156814704,0.0437398431883449,0.034244992351143,0.037056338351573,0.0357994127823764,0.0394515510379191,-5.61786226546297,-5.56802961001289,0.195155774097857,0.206649913855477,0.948,0.958,10944843,1e+07
1,"indep",60,140,0,-0.358622366069503,0.0304178468999934,0.032834979882716,1000,-0.370261795878395,-0.382733725086498,-0.0116394298088928,-0.0241113590169952,0.030441252284741,0.0332811932450428,0.0275647334095368,0.0292589727333293,0.0286871068312282,0.0306935478772495,-5.68988355571496,-6.52180087551613,0.174708057568532,0.182711528198085,0.952,0.963,10369223,1e+07
1.5,"indep",60,140,0,0.053572318725664,0.0135807579367227,0.0139093131291284,1000,0.054704671828738,0.0515800255545238,0.00113235310307399,-0.00199229317114027,0.0137979742341697,0.0141966717470457,0.0132820887256117,0.0136040833509973,0.0135552470873268,0.0139232104443822,-0.18784554967225,0.0999137421434426,0.11648373020442,0.11789560232714,0.948,0.949,1e+07,1e+07
2,"indep",60,140,0,0.343588506786721,0.00795173068463314,0.00805080878042832,1000,0.346060481151688,0.345555744246196,0.00247197436496671,0.00196723745947486,0.00866884982705822,0.00883549364922777,0.00856657417927994,0.00872548079425659,0.00862286883949639,0.00878143392158174,8.4401519805021,9.07517693041708,0.0891621534688881,0.0897029988064494,0.948,0.95,1e+07,1e+07
3,"indep",60,140,0,0.750714194302349,0.00540802950835499,0.00543978062119552,1000,0.753846484778784,0.755076916441683,0.00313229047643504,0.0043627221393342,0.00520870106940068,0.00531696078920204,0.00517679315677498,0.00527459357130512,0.005189415712932,0.00529356594179555,-4.04239279917482,-2.68787823593943,0.0735692376097197,0.07384696462983,0.945,0.946,1e+07,1e+07
4,"indep",60,140,0,1.03897616906418,0.00415710204376784,0.00417409308121954,1000,1.04347006087773,1.04534055845204,0.00449389181354509,0.00636438938785955,0.00403051645632663,0.00412725936146367,0.0040166608121581,0.00409810367541672,0.0040195866715464,0.00411239836299222,-3.30796239239772,-1.47803887040541,0.0645998452425075,0.0648877834451033,0.948,0.951,1e+07,1e+07
5,"indep",60,140,0,1.26238790477649,0.00360530257639333,0.00361062008720983,1000,1.26626598270577,1.2683615384025,0.00387807792927863,0.00597363362600967,0.00348478498445842,0.00357681282956912,0.00347580333289793,0.00356653378668149,0.00347830601923822,0.00356814180734995,-3.52249372872769,-1.17648156920057,0.0601393112883951,0.0603547327541131,0.95,0.951,10004999,1e+07
0.2,"paired",5,5,0.8,NA,0.452712250114812,0.050093251613393,124,-1.13566674564582,-0.654072693428075,NA,NA,61.9403644116498,0.453509678179884,2.41042648766959,0.471635295166259,9.01771888013186,0.462064845499193,1891.93171332229,822.409367763331,NA,NA,NA,NA,1412646,1240000
0.3,"paired",5,5,0.8,NA,0.458209018071389,0.0607141173478284,191,-1.12213846907871,-0.666887000747437,NA,NA,109.763367351008,0.452099848239129,2.27938644227912,0.466023401134268,6.44543776174463,0.459874127671289,1306.65886255875,657.441840151758,NA,NA,NA,NA,2209665,1910000
0.4,"paired",5,5,0.8,NA,0.513938798016815,0.0871296588729264,264,-0.963845676325156,-0.591008693860443,NA,NA,4056.3746514866,0.43142741685915,1.46345619506985,0.454589626471433,4.15762416907066,0.442517095483699,708.972621859661,407.883424780859,NA,NA,NA,NA,3046202,2640000
0.5,"paired",5,5,0.8,NA,0.466694331030314,0.111647199552758,413,-0.894968507874089,-0.580763304947902,NA,NA,583.476974607429,0.426864478080645,1.14361767215311,0.450049156831337,2.67400937970338,0.436123634332337,472.968043944312,290.626577360995,NA,NA,NA,NA,4811695,4130000
0.6,"paired",5,5,0.8,NA,0.511174034839227,0.143826601097227,497,-0.803158156821634,-0.539811714896849,NA,NA,7416.80383628552,0.409169296028187,0.822528322692136,0.43858530884833,1.94637206174412,0.421400910129275,280.765048513523,192.992330288336,NA,NA,NA,NA,5814996,4970000
0.7,"paired",5,5,0.8,-1.55054639460591,0.497275004455356,0.159796762971497,626,-0.774642819885063,-0.528531034668455,0.775903574720846,1.02201535993745,360.665573060267,0.406325997008969,0.77181242849402,0.439268454833435,1.79759639232746,0.41909549134806,261.489392433124,162.267822923806,1.04809684318924,1.08643256585015,0.73482428115016,0.736421725239617,7347000,6260000
0.8,"paired",5,5,0.8,-1.06013176810005,0.463328292814054,0.173452923118113,721,-0.706604056112924,-0.499187721915892,0.353527711987121,0.560944046184153,79.2129310866309,0.391664516289618,0.645590699302527,0.42307045951946,1.53462812434585,0.401964523317365,231.218306360096,131.742720786346,0.76659475406859,0.679096210590598,0.83495145631068,0.857142857142857,8561113,7210000
0.9,"paired",5,5,0.8,-0.792372649921864,0.457400899173966,0.191598186013626,807,-0.613949241611045,-0.453307971463508,0.17842340831082,0.339064678458356,29.1472760062381,0.374905123693945,0.510182181472632,0.402836891945323,1.01131590882433,0.382210211099411,121.100551103134,99.4852973567452,0.699048653607597,0.527067606452813,0.878562577447336,0.895910780669145,9645438,8070000
1,"paired",5,5,0.8,-0.601986402162968,0.408443569577479,0.212396646792435,882,-0.477094391345581,-0.378173401968239,0.124892010817387,0.223813000194729,29.3657923716166,0.347689038390186,0.391168318107656,0.372856463931388,0.6303186433715,0.352571384460435,54.3220876322141,65.9966811081462,0.65082908355122,0.482802750815496,0.891156462585034,0.905895691609977,10755263,8820000
1.5,"paired",5,5,0.8,-0.0389807707348558,0.222996098616826,0.202454050053114,995,0.0148179191452939,-0.0055365121408358,0.0537986898801498,0.03344425859402,0.506785946563352,0.234638715372472,0.205061590391722,0.208551325316349,0.224623071636647,0.223192628301075,0.729597078115973,10.2435976175929,0.475043451662708,0.445722394236537,0.926633165829146,0.917587939698493,12745230,9950000
2,"paired",5,5,0.8,0.29389333245106,0.170737192326336,0.177920517750626,1000,0.381322139329457,0.364789422562136,0.0874288068783975,0.0708960901110766,0.168429955451862,0.155157325706946,0.152936166655915,0.136941203637913,0.157576979488754,0.144408396491288,-7.70787703503316,-18.8354449970236,0.422149560471392,0.427514739893157,0.926,0.916,13125109,1e+07
3,"paired",5,5,0.8,0.729307511349758,0.131225410799188,0.130910578436157,1000,0.821979874886897,0.822508016468391,0.0926723635371391,0.0932005051186325,0.127614184744766,0.11180292687069,0.128883832601811,0.110799300913254,0.12776275841962,0.110633033970455,-2.63870568853963,-15.4896149019695,0.373741023105503,0.3734514720979,0.92,0.904,13183271,1e+07
4,"paired",5,5,0.8,1.02706186684777,0.129282303441865,0.127150677092876,1000,1.14216574235195,1.14553851910817,0.115103875504179,0.118476652260395,0.115759059247534,0.0995735068073701,0.118060892579657,0.0986622660932957,0.116650481182989,0.0990207124459302,-9.77072802895743,-22.1233305949273,0.377361793633781,0.375579876386653,0.913,0.894,13153330,1e+07
5,"paired",5,5,0.8,1.25479963118919,0.11661906831243,0.114535428335583,1000,1.35391750227358,1.35907575893821,0.0991178710843932,0.104276127749025,0.111833736131983,0.0959712640025204,0.115255017867589,0.0950154419249177,0.113145669896025,0.0952137914312926,-2.97841379344539,-16.8695723105682,0.355424818509371,0.353969495473237,0.916,0.901,13156067,1e+07
0.2,"paired",10,10,0.8,NA,0.393696848378475,0.0463576493575294,147,-1.6271792391244,-1.09883488458614,NA,NA,63.536217540027,0.410996513301099,2.07703443856505,0.422365664387833,10.9006354557642,0.417841037383986,2668.7891078277,801.342158575435,NA,NA,NA,NA,1707803,1470000
0.3,"paired",10,10,0.8,NA,0.470853317668786,0.0722882922585406,285,-1.47858713148087,-1.04583665267257,NA,NA,2190.5851495397,0.393870164522078,1.24797007291928,0.412017899290502,3.93325767671613,0.403954249313824,735.34670546442,458.810059959742,NA,NA,NA,NA,3380066,2850000
0.4,"paired",10,10,0.8,NA,0.4779095388465,0.0928810708546,431,-1.39863582170614,-1.02409499021458,NA,NA,319.90746512598,0.379219469457403,0.878196221372243,0.40132009724277,3.06409339628106,0.390098417192205,541.145059309062,319.997760149516,NA,NA,NA,NA,5213645,4310000
0.5,"paired",10,10,0.8,-1.84443972705697,0.425790192869249,0.120327549096096,605,-1.25165851741625,-0.966398356945603,0.592781209640722,0.878041370111366,49.4692976049832,0.359734309828281,0.611792466511754,0.383724693933923,1.84292211107633,0.370067074813102,332.823992177351,207.549748659436,0.881178738922818,0.926040935810149,0.745454545454545,0.755371900826446,7497944,6050000
0.6,"paired",10,10,0.8,-1.26286432215413,0.379547659897712,0.143328234254916,780,-1.08041765841123,-0.883579944714793,0.182446663742896,0.379284377439335,117.86952793492,0.334167711246607,0.422941373820369,0.357118149903135,0.899884199572134,0.342955164498985,137.093860574625,139.279557361338,0.642143165847503,0.500493490897033,0.865384615384615,0.908974358974359,9908409,7800000
0.7,"paired",10,10,0.8,-0.965510768280782,0.367101058520774,0.169101951998535,881,-0.927891798533205,-0.796487562113031,0.0376189697475762,0.16902320616775,81.3368124771996,0.303582493518857,0.29729842932911,0.319941822450273,0.495926354866997,0.307979867256742,35.0925973532524,82.1267369281525,0.606712088736973,0.40776852027648,0.89216799091941,0.922814982973893,11530650,8810000
0.8,"paired",10,10,0.8,-0.757063866314888,0.28835096036156,0.161035792411798,944,-0.750751585945538,-0.679009715349026,0.00631228036934939,0.0780541509658618,18.8868313570313,0.267780531038952,0.209161601672399,0.268823264401117,0.279447646217078,0.266764841546901,-3.08766585459553,65.6556207484199,0.536735827683615,0.379386605468973,0.921610169491525,0.938559322033898,12751983,9440000
0.9,"paired",10,10,0.8,-0.593721751187363,0.210681959846208,0.146371814494434,987,-0.607128572576731,-0.575357207575589,-0.0134068213893681,0.0183645436117736,1.50378072692552,0.232670495636884,0.160320200810739,0.214146075250915,0.198155527688974,0.226525857915049,-5.94565959343576,54.7605723803223,0.4589643186637,0.372804087521035,0.932117527862209,0.946301925025329,13663793,9870000
1,"paired",10,10,0.8,-0.458145365937078,0.181750590913421,0.145718343647313,998,-0.440476957167835,-0.425800891834091,0.0176684087692424,0.0323444741029864,0.996549588229895,0.191042732855485,0.125704186090965,0.16566887096625,0.142936413064702,0.18013346805709,-21.3557368114464,23.6175649189877,0.426474675404418,0.379733431416583,0.924849699398798,0.93687374749499,14135644,9980000
1.5,"paired",10,10,0.8,0.0123463062951856,0.0763746443634583,0.0779359589885142,1000,0.0403691717090953,0.0579261177577244,0.0280228654139097,0.0455798114625388,0.0820715564623692,0.097534735898605,0.0761343957673848,0.0901831725902826,0.0780464803814585,0.0929399907194057,2.1889935225677,19.2517445420832,0.277639245613982,0.282728743219514,0.953,0.956,14552735,1e+07
2,"paired",10,10,0.8,0.320926943086197,0.0653034436825483,0.0650135607629302,1000,0.361015620434133,0.387825853642213,0.0400886773479359,0.0668989105560157,0.0629529813101486,0.0748671818146025,0.06229318703466,0.074697872344558,0.0624499961148442,0.0744914003734774,-4.36952081972158,14.5782502901323,0.258544468690345,0.263484366586993,0.933,0.939,14563769,1e+07
3,"paired",10,10,0.8,0.740802270462108,0.0602296879613032,0.0588697313868331,1000,0.781531516678924,0.812750772682681,0.0407292462168168,0.0719485022205736,0.0527732000534364,0.0639657676598148,0.0532498484916856,0.0639612246213357,0.0530275707267036,0.064013203023735,-11.9577528597308,8.73703941861765,0.248653030889897,0.25295740476853,0.931,0.938,14563495,1e+07
4,"paired",10,10,0.8,1.03343137973649,0.0534960243173348,0.0522139618772842,1000,1.08440242893179,1.11698626758553,0.0509710491952977,0.0835548878490471,0.0495736596621806,0.0606715622865267,0.0504392756470085,0.061146319674726,0.0500389693430588,0.0609265074303337,-6.46226522137229,16.6862372434525,0.236728908562277,0.24319368248142,0.916,0.923,14562685,1e+07
5,"paired",10,10,0.8,1.2588482363055,0.0498223605739218,0.0484169370807605,1000,1.3123435286417,1.34535292253378,0.053495292336202,0.0865046862282859,0.0480519564502371,0.0591548624971725,0.0489415339701671,0.0594735216888259,0.0484613120702223,0.059289559986297,-2.73180252404966,22.4562385832065,0.229421630443783,0.236329390646051,0.934,0.941,14562136,1e+07
0.2,"paired",20,20,0.8,NA,0.384704789543302,0.0668147133192059,237,-1.95613932586137,-1.50143635259782,NA,NA,767.277894646156,0.360372293297174,1.76291287383284,0.374844948293426,4.74119604656503,0.369499305221103,1132.42449156754,453.020864515017,NA,NA,NA,NA,2793468,2370000
0.3,"paired",20,20,0.8,NA,0.385347026922733,0.0950977659056707,491,-1.74722305157268,-1.42914049260663,NA,NA,780.225249021904,0.336677792343606,0.842251058357818,0.356567157913976,2.06576046182393,0.348355813630323,436.077955063123,266.313351646835,NA,NA,NA,NA,6020338,4910000
0.4,"paired",20,20,0.8,-1.75327894865999,0.390892545967999,0.125503219915156,723,-1.5655663144074,-1.34815926994694,0.18771263425259,0.405119678713053,6175.20594432547,0.308428824163058,0.499399753383057,0.333715500349238,0.998585892655593,0.317922616343589,155.463017383131,153.318294589185,0.652371002908234,0.498039000090368,0.853388658367911,0.914246196403873,9167679,7230000
0.5,"paired",20,20,0.8,-1.29513358272291,0.27295194124606,0.136005544587354,890,-1.28748825914193,-1.1903922731408,0.00764532358097858,0.104741309582117,135.783310956425,0.259545044702768,0.224860279831525,0.263214380487208,0.387804369963114,0.262904072206986,42.077894076422,93.3039369862801,0.522210402658051,0.330539825273983,0.923595505617978,0.950561797752809,11973739,8900000
0.6,"paired",20,20,0.8,-1.02011041426328,0.171271451944302,0.125980062263921,977,-1.04224514664775,-1.02094349039821,-0.0221347323844774,-0.000833076134935107,0.553194728850121,0.205039346277557,0.140757262198065,0.1941990748358,0.181237643788675,0.200841076051216,5.81894514890597,59.4229058487576,0.414229519579641,0.335723301923634,0.934493346980553,0.957011258955988,13774758,9770000
0.7,"paired",20,20,0.8,-0.817377860209195,0.196035132576756,0.125706307607072,994,-0.865039516980526,-0.851069951266414,-0.0476616567713304,-0.0336920910572194,902.992067668089,0.158747937727989,0.0957532808479829,0.129757610295725,0.115321054466973,0.148275485118279,-41.1732718767538,17.9538942323824,0.445094987232734,0.347740842720257,0.940643863179074,0.955734406438632,14405722,9940000
0.8,"paired",20,20,0.8,-0.654666659991881,0.10409197610877,0.0953564987972411,999,-0.672372379860205,-0.675129865929509,-0.017705719868324,-0.0204632059376275,0.707497039927218,0.115534598389265,0.0748044117605322,0.0951043437722402,0.0805549727394298,0.104856767544172,-22.6117365134322,9.9628959397212,0.322957075247693,0.307758439490475,0.945945945945946,0.952952952952953,14798768,9990000
0.9,"paired",20,20,0.8,-0.51781874475336,0.0683940964191904,0.0719198014724496,1000,-0.517731157641359,-0.517001448353859,8.75871120016303e-05,0.000817296399501899,0.0706757391114009,0.0857010756424212,0.059531901543852,0.0716301527703891,0.06252122765356,0.0771424457557615,-8.58680657119187,7.26176126238691,0.261391870558886,0.268045797662231,0.951,0.957,14921539,1e+07
1,"paired",20,20,0.8,-0.399253848108886,0.0556015045359482,0.0587176293533952,1000,-0.388966654058982,-0.382123831214731,0.0102871940499037,0.0171300168941547,0.0550386246972584,0.0672788010698529,0.0510400786606773,0.0603423235123667,0.052179940092914,0.0625562387800518,-6.15372636332547,6.53740532260538,0.235906187695093,0.242801048603246,0.95,0.963,14962631,1e+07
1.5,"paired",20,20,0.8,0.0361603307898131,0.0335183100629002,0.033500255384386,1000,0.0516728568494819,0.0701583085767853,0.0155125260596688,0.0339979777869722,0.0339465946447536,0.040793575939306,0.0333335717674118,0.040405067857419,0.0336105363220925,0.0405080122233395,0.275151876748003,20.9185176606733,0.183644848056212,0.186071538991338,0.94,0.956,14971008,1e+07
2,"paired",20,20,0.8,0.333914686287828,0.0288000785589774,0.0284736769506382,1000,0.356809415450967,0.377753895303056,0.0228947291631392,0.0438392090152283,0.0281168461071618,0.0344336714939788,0.0280334747423341,0.0346151210784354,0.0280793205800442,0.0344691996889927,-2.5026250447797,21.0563698841858,0.17115912801797,0.174261526220702,0.938,0.951,14971421,1e+07
3,"paired",20,20,0.8,0.746452048089074,0.0257390004457976,0.0253595366479722,1000,0.76902137421269,0.791653117533874,0.022569326123616,0.0452010694447993,0.0243858494519549,0.0305819308041727,0.0245805034595792,0.0308056318686272,0.0244781751857766,0.0306711422089774,-4.89850125561844,20.9451995702369,0.161934048078303,0.165460913179753,0.925,0.942,14971022,1e+07
4,"paired",20,20,0.8,1.03658596433312,0.0232269638260556,0.0228470299505645,1000,1.06116971915945,1.0844425185985,0.0245837548263308,0.0478565542653755,0.0231713986632519,0.0294093707527368,0.0233520562705489,0.0296305494363494,0.0232746319963858,0.0295092150264499,0.205227728803337,29.1599612304129,0.154298729299987,0.158475337850306,0.944,0.963,14971607,1e+07
5,"paired",20,20,0.8,1.26086031145536,0.022976796277028,0.0225506246760265,1000,1.278035948456,1.3016734928823,0.0171756370006448,0.0408131814269415,0.0226668589447533,0.0288916005206906,0.0229110770543466,0.029119653251559,0.0228068073710431,0.0290410357576968,-0.739828581562652,28.7815134831731,0.152475643914459,0.155543530336491,0.939,0.956,14971412,1e+07
0.2,"paired",100,100,0.8,-2.30258509299405,0.281843879460889,0.118026335177855,800,-2.28640378400855,-2.16187973554835,0.0161813089854972,0.140705357445694,17.9128487704377,0.255233276893053,0.307220984067283,0.270320535305701,0.6136191759292,0.262305792383787,117.715984148008,122.243444218205,0.530804492607256,0.311110558735503,0.89875,0.94,10372159,8e+06
0.3,"paired",100,100,0.8,-1.67620360874636,0.104975703031089,0.0910754876748619,994,-1.70899507088691,-1.73531628177093,-0.0327914621405523,-0.0591126730245672,0.232564533799474,0.131770973408957,0.0800065371280279,0.10994036944619,0.0937898704605012,0.123247721611195,-10.6556395885965,35.3248000726474,0.325492509378048,0.299192010450115,0.946680080482897,0.95271629778672,13925696,9940000
0.4,"paired",100,100,0.8,-1.32963001846639,0.0423404225743925,0.0472585366844616,1000,-1.35342676122403,-1.37345515980451,-0.0237967427576433,-0.0438251413381194,0.0456292275041277,0.0550424460520062,0.0382612467473787,0.0429319121721331,0.0408109752945932,0.0480380801702122,-3.61226267194671,1.64952946164088,0.20703711531436,0.22165721545008,0.962,0.968,12121627,1e+07
0.5,"paired",100,100,0.8,-1.08141157530944,0.0270219150607975,0.0286937112784471,1000,-1.09155700361784,-1.09932562971509,-0.0101454283083915,-0.0179140544056455,0.0258244472687067,0.0280299786056553,0.0237403882385022,0.0250901386121245,0.0246508028851226,0.0262751593798821,-8.77477473502516,-8.42885702408832,0.164614163610843,0.170252550384472,0.951,0.956,10263947,1e+07
0.6,"paired",100,100,0.8,-0.885978420965938,0.0171329893175979,0.0176163931404158,1000,-0.883407105807022,-0.886331608767688,0.00257131515891629,-0.000353187801749977,0.0178000019324411,0.0185522267548611,0.0171266506971653,0.0177094962040689,0.0173998641577192,0.018071603687197,1.55766652960649,2.58401673459991,0.130852848612198,0.132660851380121,0.957,0.959,10004999,1e+07
0.7,"paired",100,100,0.8,-0.724084882418989,0.0126744264214508,0.0128894606894424,1000,-0.718432904956713,-0.718936636109133,0.00565197746227675,0.005148246309856,0.0135880598437639,0.0140262035992085,0.0132271198324787,0.0135922711440652,0.0133457007181811,0.0137574587942679,5.29628934997928,6.73416930109767,0.112666307493693,0.113591705986044,0.954,0.956,1e+07,1e+07
0.8,"paired",100,100,0.8,-0.585591490751473,0.0114010882640904,0.0115313335375428,1000,-0.586883636944111,-0.586258146599011,-0.00129214619263807,-0.000666655847538444,0.0113031970636169,0.0116149840755814,0.0111288772719856,0.0113864132011066,0.011178387076642,0.0114767396266611,-1.95333271956005,-0.473439699788591,0.106730299435584,0.107332411852265,0.948,0.951,1e+07,1e+07
0.9,"paired",100,100,0.8,-0.464434757040508,0.00998344172457577,0.0100485243178167,1000,-0.467159202609417,-0.4656144098972,-0.002724445568909,-0.00117965285669247,0.0096902008306192,0.0099490384398071,0.00951168641454677,0.00978974517874384,0.00960664271753085,0.0098627569871712,-3.77423956026485,-1.84870260318837,0.0999043586962508,0.100199138590914,0.948,0.95,1e+07,1e+07
1,"paired",100,100,0.8,-0.356674943938733,0.00892475535347057,0.0089656769785309,1000,-0.353994814980055,-0.351888817572835,0.0026801289586772,0.00478612636589759,0.00856907883308948,0.00880165108230274,0.00849234181228442,0.00871681123165938,0.00852178197122991,0.00875216710535972,-4.51523169297815,-2.38141384841831,0.0944617048827314,0.094760847965511,0.954,0.955,1e+07,1e+07
1.5,"paired",100,100,0.8,0.0544272024560408,0.00606823325915237,0.00606178447970922,1000,0.061290091539755,0.0646431151155425,0.00686288908371421,0.0102159126595016,0.00603027367412672,0.00622551411258,0.00600996579311502,0.00620322148845279,0.00601859776493725,0.00621620545629566,-0.817956266599651,2.54745078950487,0.0781617826848172,0.0784862253309208,0.955,0.955,1e+07,1e+07
2,"paired",100,100,0.8,0.3440673193682,0.00544168172790084,0.00543152846915362,1000,0.347886704035551,0.351655908277903,0.00381938466735043,0.00758858890970249,0.00519678148048369,0.00538731426454139,0.00519571802042118,0.00538968526623217,0.00519739926962288,0.00538919562817632,-4.48909860026277,-0.779390943409641,0.0738297212876367,0.0740518981682773,0.937,0.939,1e+07,1e+07
3,"paired",100,100,0.8,0.750926350877081,0.00450476260784992,0.00449414316129433,1000,0.752705974729028,0.756739056713431,0.00177962385194708,0.00581270583634963,0.00461026471099319,0.00479765554394364,0.00461996426189326,0.00480263313330717,0.00461560917339206,0.00480156252937186,2.46065276223402,6.84044448617409,0.06710756221393,0.06725649832747,0.956,0.957,1e+07,1e+07
4,"paired",100,100,0.8,1.03909537988909,0.00459597085425339,0.00458236971341847,1000,1.04075333552126,1.0448841251515,0.00165795563216453,0.0057887452624108,0.00440224265089968,0.00458691287235865,0.00441022821537356,0.00459419508215573,0.00440675124357911,0.00459105903522211,-4.11707594923415,0.189625070587285,0.0677799653310428,0.067906530727303,0.938,0.941,1e+07,1e+07
5,"paired",100,100,0.8,1.26246416206874,0.00450567945807774,0.00449160250681198,1000,1.26698768706548,1.27115052244899,0.00452352499674058,0.00868636038024295,0.00431093518093561,0.00449338842417315,0.00431653547943991,0.00449701027246489,0.00431392711348594,0.0044950295079909,-4.25579197046576,0.0762979621130366,0.0672431115952838,0.0675467524086882,0.946,0.946,1e+07,1e+07
