"","theta","design","n1","n2","true_lnM","delta_mean","safe_mean","delta_bias","safe_bias","mean_var_delta","mean_var_safe","relbias_delta","relbias_safe","rmse_delta","rmse_safe","cover_delta","cover_safe","boot_keep","boot_total","mcse_bias_delta","mcse_bias_safe","mcse_varbar_delta","mcse_varbar_safe","mcse_cover_delta","mcse_cover_safe","facet_label"
"1",0.2,"indep",5,5,NA,-0.748893946164129,-1.16851757967361,NA,NA,5.79771580261387,0.434823559083881,276.649274040597,-71.7516374654213,NA,NA,NA,NA,3764889073,3709100000,NA,NA,0.0380937253938704,0.000396310724107968,NA,NA,"indep n1=5 n2=5"
"2",0.3,"indep",5,5,NA,-0.708317332219354,-1.10243109556294,NA,NA,5.4979380839867,0.430446895787093,271.76021522239,-70.893991861112,NA,NA,NA,NA,3989143953,3929900000,NA,NA,0.03631872915349,0.000401233237079784,NA,NA,"indep n1=5 n2=5"
"3",0.4,"indep",5,5,NA,-0.657249659520275,-1.02006066077219,NA,NA,5.04713320681772,0.424928775479395,252.835978277184,-70.2939958089731,NA,NA,NA,NA,4390703598,4324400000,NA,NA,0.0333893976834811,0.000400573781182237,NA,NA,"indep n1=5 n2=5"
"4",0.5,"indep",5,5,NA,-0.610129705055215,-0.947182158665771,NA,NA,4.73618984647712,0.418817996189953,239.982784430441,-69.9355572454192,NA,NA,NA,NA,4833567075,4759500000,NA,NA,0.0311553268951701,0.000401132506304782,NA,NA,"indep n1=5 n2=5"
"5",0.6,"indep",5,5,NA,-0.55921671415673,-0.867972758824487,NA,NA,4.34848264224293,0.412243578943603,218.723274161349,-69.7844894316684,NA,NA,NA,NA,5313618308,5231700000,NA,NA,0.0287232327761287,0.000398050892952586,NA,NA,"indep n1=5 n2=5"
"6",0.7,"indep",5,5,-1.55054639460591,-0.501223164860914,-0.779926527028918,1.049323229745,0.770619867576991,3.99338864757997,0.404036007655289,204.756563900773,-69.1658798449704,1.26414211569547,1.37992238421051,0.657650601361113,0.543418098271631,5836931583,5745300000,0.0029411363132894,0.00477570948317512,0.026516862505683,0.000399612622989901,0.00197959359491056,0.00207811721470014,"indep n1=5 n2=5"
"7",0.8,"indep",5,5,-1.06013176810005,-0.436917532270691,-0.681061554090841,0.623214235829354,0.379070214009204,3.53125428918456,0.395499706250834,186.483379281925,-67.9139243246308,0.932413238473439,1.17315625986096,0.754535327816677,0.675922978994271,6385648693,6.284e+09,0.00276666905111759,0.00442890834446422,0.0239302670163452,0.0003971083245656,0.00171678614304071,0.00186704435891516,"indep n1=5 n2=5"
"8",0.9,"indep",5,5,-0.792372649921864,-0.37891461734654,-0.59453868778726,0.413458032575324,0.197833962134604,3.1802448221677,0.387036138688338,173.882802792114,-66.6684332895016,0.799355354192508,1.09557798517939,0.804211674206811,0.729114782121752,6896467688,6785900000,0.00262622750471621,0.00413660609582069,0.0219295057764296,0.000396515915854637,0.00152326286679692,0.00170603083778957,"indep n1=5 n2=5"
"9",1,"indep",5,5,-0.601986402162968,-0.320451987431113,-0.50955016945788,0.281534414731855,0.092436232705088,2.84467477305789,0.377556999927334,156.277524708967,-65.985787094421,0.733962102917719,1.057604383437,0.834634900228401,0.756828097432882,7431977938,7311700000,0.00250673020952762,0.00389629533411659,0.019984561639342,0.000395558801207434,0.00137391864434573,0.00158652214290763,"indep n1=5 n2=5"
"10",1.2,"indep",5,5,-0.326963233703332,-0.20351053423245,-0.342371748137991,0.123452699470882,-0.015408514434659,2.24878845714575,0.358017484811726,134.350829169292,-62.6902681058655,0.664742169152274,0.979697789577562,0.871229670088513,0.791641266977152,8339971056,8202200000,0.002280704717119,0.00342039196135279,0.0167538439582071,0.00039534715327843,0.00116952377611151,0.00141809357438968,"indep n1=5 n2=5"
"11",1.4,"indep",5,5,-0.12423067964925,-0.0703906049197238,-0.159330715960702,0.053840074729526,-0.0351000363114519,1.65655697554972,0.333601762306909,107.322227312584,-58.2489093839223,0.624645680103986,0.89456597485114,0.890174581555813,0.818068234261208,9036461618,8884100000,0.00208790246311258,0.0029989797732667,0.0136138035914542,0.000396180790389898,0.00104901647442833,0.00129432193939844,"indep n1=5 n2=5"
"12",1.6,"indep",5,5,0.0384805205680643,0.0519651809682842,0.0017226478554371,0.01348466040022,-0.0367578727126272,1.21905820420989,0.309410540926659,87.0857452867946,-52.5155554927976,0.58825236922564,0.808052087934681,0.903849032396023,0.842050678926548,9515602206,9.353e+09,0.00192298724641956,0.00263946802016904,0.0110813792862956,0.000392759615209135,0.000963938465827466,0.00119248391511144,"indep n1=5 n2=5"
"13",1.8,"indep",5,5,0.175328435806585,0.176678278511559,0.158427055048994,0.00134984270497451,-0.0169013807575909,0.850013997944042,0.28290891550036,67.4944626587962,-44.2530630110459,0.5490338732378,0.712578575451598,0.910333481639368,0.863161815679742,9833604540,9664700000,0.00176606175162116,0.00229149346495939,0.0086228923243596,0.000386464842732825,0.000919012085671059,0.00110549191972479,"indep n1=5 n2=5"
"14",2,"indep",5,5,0.29389333245106,0.296206792244268,0.299971343159091,0.00231345979320885,0.00607801070803182,0.594215265356825,0.255846131305049,47.6148525858049,-36.4427486820546,0.514825787365847,0.634489723621673,0.914274091024663,0.879237223493516,10005866703,9832500000,0.00164182225546656,0.00202336808821313,0.00666386144675602,0.000373640788370836,0.000892816644786101,0.00103917239223696,"indep n1=5 n2=5"
"15",2.5,"indep",5,5,0.53664724034191,0.556351825997513,0.586491043802481,0.0197045856556028,0.0498438034605713,0.243875392121387,0.195871333011576,21.2607316064901,-2.6080453008557,0.425844178921056,0.451219384581559,0.921118292499624,0.909334134976702,10156009322,9979500000,0.00134658282626259,0.00141961149410094,0.00271530911379278,0.000312873613296618,0.000853279798408161,0.000908927535848082,"indep n1=5 n2=5"
"16",3,"indep",5,5,0.729307511349758,0.763520092083184,0.793008584269484,0.0342125807334253,0.0637010729197254,0.142096283908894,0.151314866425674,9.24739200373736,16.3348827545519,0.37223525708918,0.366230636688025,0.925411049325919,0.92220066407969,10177792904,9998800000,0.00117220496833168,0.00114054356985187,0.000849351715338425,0.000235959509366993,0.000830865351053944,0.000847084469671438,"indep n1=5 n2=5"
"17",4,"indep",5,5,1.02706186684777,1.08043983988848,1.09628846977317,0.0533779730407118,0.0692266029254012,0.0959310019561566,0.104480205077543,0.261625951720523,9.19676670979901,0.325163767232862,0.31697325158685,0.92811,0.9284,10184440735,1e+10,0.00101431403592821,0.000978164998738528,7.85438499081162e-05,0.000115251329017373,0.000816834303270865,0.000815312455442697,"indep n1=5 n2=5"
"18",5,"indep",5,5,1.25479963118919,1.3102677310184,1.31863378940489,0.0554680998292185,0.0638341582156994,0.0825782527742204,0.0877414870435155,-5.32681687374251,0.59265716547261,0.306563009232139,0.30215637017936,0.9295,0.9314,10186337553,1e+10,0.00095344154294627,0.000933940814668177,4.0175180136068e-05,7.17141464433381e-05,0.000809504478060498,0.00079933747566344,"indep n1=5 n2=5"
"19",0.2,"indep",10,10,NA,-1.13873771338895,-1.58432220808041,NA,NA,5.90300116647217,0.406595368508729,296.279829868864,-72.7044703339605,NA,NA,NA,NA,3836078512,3.771e+09,NA,NA,0.0380702821760325,0.000336892761588418,NA,NA,"indep n1=10 n2=10"
"20",0.3,"indep",10,10,NA,-1.06584020711954,-1.46406434122934,NA,NA,5.28322839463396,0.39945249655988,280.505766186919,-71.2308522544338,NA,NA,NA,NA,4358178615,4.283e+09,NA,NA,0.034221067173601,0.000339962104496856,NA,NA,"indep n1=10 n2=10"
"21",0.4,"indep",10,10,NA,-0.980320720193389,-1.3287287817772,NA,NA,4.58983899907226,0.389126006278452,244.730822934803,-70.7737616947308,NA,NA,NA,NA,5034896603,4.946e+09,NA,NA,0.0302166941982078,0.00034855539242195,NA,NA,"indep n1=10 n2=10"
"22",0.5,"indep",10,10,-1.84443972705697,-0.897466394526806,-1.1996976356698,0.946973332530162,0.644742091387164,4.03502534594296,0.378295413873668,224.081939696014,-69.6163713991158,1.16276666095838,1.28869462761646,0.682785231956503,0.570481452249408,5806186209,5701500000,0.00282580844698429,0.00467305781829822,0.0267804164180296,0.000349536298154047,0.00194905544699637,0.00207308524910005,"indep n1=10 n2=10"
"23",0.6,"indep",10,10,-1.26286432215413,-0.810779056645356,-1.06654183315226,0.452085265508772,0.196322489001864,3.44243424368311,0.366484254439191,203.421938790638,-67.6974619857352,0.798436393729464,1.08307987202777,0.799217832189452,0.7220367278798,6589226106,6469200000,0.0025875096618859,0.00418778182913501,0.023410733558938,0.000351392605535478,0.00157496121451944,0.00176135973266131,"indep n1=10 n2=10"
"24",0.7,"indep",10,10,-0.965510768280782,-0.728673113823545,-0.944839361824784,0.236837654457237,0.0206714064559976,2.93285378757705,0.353874233699324,175.177347509887,-66.797467574433,0.690950759524837,1.0325780593357,0.850025701940844,0.773822920574056,7333188451,7197900000,0.00241939401791444,0.00384800796085978,0.0205859552264033,0.000353323149547457,0.00133082681631224,0.00155934490721632,"indep n1=10 n2=10"
"25",0.8,"indep",10,10,-0.757063866314888,-0.637689464670567,-0.812128911146782,0.11937440164432,-0.055065044831894,2.42309331158246,0.339051745286275,155.897939930523,-64.1934370691059,0.639427261594871,0.974637624620517,0.875778520431414,0.800749405033166,8048817115,7899600000,0.00223505430637031,0.00346217586057083,0.0178267592668932,0.000356299205168083,0.0011735266132109,0.0014211685076863,"indep n1=10 n2=10"
"26",0.9,"indep",10,10,-0.593721751187363,-0.547985940762262,-0.684918892848074,0.0457358104251011,-0.0911971416607108,1.97665868220799,0.323384104031519,136.082554541292,-61.3765663920654,0.607891738577668,0.91955497895929,0.89600303087706,0.823711877249479,8607968248,8446400000,0.00208574072125346,0.00314845921575732,0.0155141562074326,0.000358661039736592,0.00105033843588349,0.00131118317667055,"indep n1=10 n2=10"
"27",1,"indep",10,10,-0.458145365937078,-0.45542805788852,-0.558337678451751,0.0027173080485573,-0.100192312514674,1.58414733030138,0.305685120581118,117.809155227245,-57.9704383514347,0.582519466141527,0.858685122755806,0.906082430279778,0.841208409055215,9084735093,8914200000,0.00195104356449933,0.00285639676611036,0.0133965912603299,0.000361503754508395,0.000977048428769372,0.00122412104911696,"indep n1=10 n2=10"
"28",1.2,"indep",10,10,-0.2390179004715,-0.273586948476109,-0.321168624739231,-0.034569048004609,-0.0821507242677313,0.946699752048637,0.267911882217142,84.8083871794976,-47.7000360973688,0.526363735390118,0.720419000235063,0.919887996308493,0.876764477630723,9714773299,9535400000,0.00170090535014155,0.00231779934192194,0.00950888725341649,0.000360308317211867,0.00087911727648436,0.00106448603950515,"indep n1=10 n2=10"
"29",1.4,"indep",10,10,-0.0639166857549427,-0.103340191972443,-0.116002686430265,-0.0394235062174998,-0.0520860006753226,0.545783566778706,0.228507285111803,56.0233744341757,-34.6765277006013,0.470240592178384,0.593732464638749,0.928492950009156,0.904901422205945,10007120300,9829800000,0.00149457718641478,0.00188644024724074,0.006530377044239,0.00034578372810884,0.000821847796870745,0.000935654058245055,"indep n1=10 n2=10"
"30",1.6,"indep",10,10,0.0827572192387867,0.0559448350127583,0.0632058578214855,-0.0268123842260283,-0.0195513614173011,0.298491375631053,0.189920334836803,39.3001012739268,-11.3678851832378,0.40656570004185,0.463313573739341,0.931851330282151,0.926540260524066,10110859289,9941500000,0.00128665018227913,0.00146812900627427,0.00397356748623011,0.00031501752222804,0.000799237858895999,0.000827429272412795,"indep n1=10 n2=10"
"31",1.8,"indep",10,10,0.209355167429093,0.19496179735363,0.208481086470579,-0.0143933700754626,-0.000874080958513351,0.174348462266602,0.156115975089166,25.9884531684227,12.813213037049,0.3552199507772,0.371999805744556,0.936292083074643,0.941839738839599,10145798809,9986200000,0.00112316246368404,0.00117718185381751,0.0022031069656842,0.000271507281090122,0.000772862522836495,0.000740630426023754,"indep n1=10 n2=10"
"32",2,"indep",10,10,0.320926943086197,0.317622603967087,0.329777591490238,-0.00330433911911032,0.00885064840404054,0.11782148301023,0.128493192470003,19.2923635645243,30.0972983879947,0.318803354543195,0.314395199266453,0.937617523504701,0.949789957991598,10150495418,9.998e+09,0.00100819643855854,0.000993915250726435,0.00114588224216692,0.000224745995332625,0.00076486994739198,0.000690641248381499,"indep n1=10 n2=10"
"33",2.5,"indep",10,10,0.553455545741402,0.562814201443453,0.56399180537792,0.00935865570205019,0.0105362596365181,0.0706129359316035,0.0853158087392655,11.5408402827791,34.7656328211596,0.263984453640388,0.251827677254975,0.94051,0.95766,10145718658,1e+10,0.000834271558524552,0.000795655700240375,0.000143080927518658,0.000121138046540881,0.000748003608948513,0.000636767810116058,"indep n1=10 n2=10"
"34",3,"indep",10,10,0.740802270462108,0.75743009256871,0.75047321854315,0.0166278221066026,0.00967094808104196,0.0548920136674248,0.0652188233793946,5.83109268944311,25.7410483058516,0.235829560047341,0.227948626403266,0.94239,0.96173,10146679002,1e+10,0.000743906246247583,0.000720191417041518,4.6747681733227e-05,6.23122471594243e-05,0.000736824863179847,0.000606674600589146,"indep n1=10 n2=10"
"35",4,"indep",10,10,1.03343137973649,1.05456159250272,1.04059530960531,0.0211302127662332,0.00716392986881886,0.0420429478183189,0.0500903728155985,0.00156744633319494,19.1428302595968,0.209161433809331,0.20516625038315,0.94161,0.96504,10147124403,1e+10,0.000658045990232855,0.00064840025314619,1.97188766513365e-05,2.73308562795676e-05,0.000741489095671676,0.000580842477785501,"indep n1=10 n2=10"
"36",5,"indep",10,10,1.2588482363055,1.28508988905158,1.26829705744883,0.0262416527460811,0.00944882114333234,0.0366034985091018,0.0442805411752856,-3.10025802060931,17.2230302938399,0.197755247464175,0.194585485904343,0.93974,0.96391,10147110438,1e+10,0.000619829797200399,0.000614610517724185,1.11083668367625e-05,2.01773630852119e-05,0.000752520646892828,0.000589809392092055,"indep n1=10 n2=10"
"37",0.2,"indep",20,20,NA,-1.44228847204589,-1.84045421613931,NA,NA,5.39234321709577,0.382353755230164,299.000630559,-71.7081455516841,NA,NA,NA,NA,4198033371,4122400000,NA,NA,0.035133136100806,0.000318803422005116,NA,NA,"indep n1=20 n2=20"
"38",0.3,"indep",20,20,NA,-1.3348723151617,-1.67091155578616,NA,NA,4.55849087426431,0.369252082119166,252.113980733757,-71.4776613323392,NA,NA,NA,NA,5210257725,5112500000,NA,NA,0.0297465843013194,0.000326165251625518,NA,NA,"indep n1=20 n2=20"
"39",0.4,"indep",20,20,-1.75327894865999,-1.21238439899773,-1.4778137260041,0.540894549662261,0.275465222655896,3.64493438544133,0.354160920854647,220.392899158939,-68.868947365789,0.844170798093672,1.10159334917601,0.78514811526354,0.694454758253289,6319263711,6194500000,0.00260408231685612,0.00428548804178648,0.0244835481387954,0.0003267257099981,0.00165022153974028,0.00185078773477853,"indep n1=20 n2=20"
"40",0.5,"indep",20,20,-1.29513358272291,-1.08966283385625,-1.29416196876397,0.205470748866667,0.000971613958944184,2.88038967884323,0.33572821940935,184.736581977987,-66.8120926934564,0.662445669006354,1.00577585702762,0.860189182500619,0.779360409162153,7429520897,7273400000,0.00233517473961073,0.00372936811340984,0.0202948312141868,0.00033363735852975,0.00128587466528354,0.00153759569981864,"indep n1=20 n2=20"
"41",0.6,"indep",20,20,-1.02011041426328,-0.960583298994685,-1.10696319346442,0.0595271152685928,-0.0868527792011391,2.19494773846872,0.314268794745458,154.904274349291,-63.5032499083082,0.604249133322954,0.931997812142803,0.894841950502328,0.816968880176427,8351052528,8.162e+09,0.00210476049866772,0.00324806893516655,0.0167486588571749,0.000339647576196397,0.00107373258671403,0.00135352702068806,"indep n1=20 n2=20"
"42",0.7,"indep",20,20,-0.817377860209195,-0.83210450575005,-0.928627866403846,-0.014726645540855,-0.111250006194651,1.5894836251484,0.290478460504098,125.696614318553,-58.753897158192,0.567331736468516,0.846537273068862,0.912399363150823,0.8430686193697,9078273698,8856100000,0.00190577625131957,0.00281996846055497,0.0134534868331541,0.000346005380554986,0.000950002750243074,0.00122226423526849,"indep n1=20 n2=20"
"43",0.8,"indep",20,20,-0.654666659991881,-0.700983405116549,-0.756164218792661,-0.0463167451246682,-0.10149755880078,1.12027547193746,0.263220535346514,99.1646820307825,-53.2041577813038,0.532595402297359,0.756824131011778,0.922598339487333,0.866326595949032,9627337115,9370600000,0.00173327531990936,0.00245003647620689,0.0107519212849359,0.000347690525927419,0.000872966892660711,0.00111167957822732,"indep n1=20 n2=20"
"44",0.9,"indep",20,20,-0.51781874475336,-0.57326844577153,-0.595271772045465,-0.0554497010181695,-0.0774530272921048,0.751537064853628,0.23481727148601,81.8317268225938,-43.1867941597973,0.485983616129736,0.647540957742121,0.930609416850226,0.88998852108088,9960993041,9669900000,0.00155262804563731,0.00206742316967346,0.008271630382684,0.000342925125424981,0.000817189915507339,0.00100623683809038,"indep n1=20 n2=20"
"45",1,"indep",20,20,-0.399253848108886,-0.451666111475993,-0.451272553486071,-0.0524122633671076,-0.0520187053771858,0.483575629973498,0.205793179340362,59.5819688918267,-32.0873950049062,0.441891728346339,0.552927981194951,0.935090392037376,0.908744667885436,10171528135,9.846e+09,0.00139833629699464,0.00175432631515027,0.00606374010179859,0.000330739797910185,0.000785147721459555,0.000917741027243399,"indep n1=20 n2=20"
"46",1.2,"indep",20,20,-0.200238783298563,-0.236704447516581,-0.216709649859634,-0.0364656642180189,-0.0164708665610719,0.205051659149557,0.152166330172394,33.256030453876,-1.11232841711503,0.358257112543346,0.3926164860879,0.940928777670837,0.935143968559512,10362424725,9974400000,0.00112847548688765,0.00124206641146176,0.00295554361618159,0.000282181235696781,0.000746488229370752,0.000779778099337465,"indep n1=20 n2=20"
"47",1.4,"indep",20,20,-0.0362853464174178,-0.0577077346703452,-0.0378035196833827,-0.0214223882529275,-0.00151817326596491,0.104725160052481,0.109713935482145,23.353575517459,29.2297497471686,0.294194839186434,0.291375725638404,0.945580953333667,0.950112539388786,10431127216,9996500000,0.000928023107758959,0.000921564337151951,0.00124198142034824,0.000214263514969359,0.000717465194256381,0.000688587664999978,"indep n1=20 n2=20"
"48",1.6,"indep",20,20,0.103507084692163,0.0942112283473545,0.107336132348316,-0.0092958563448088,0.00382904765615241,0.0686273033917757,0.0801195214866905,17.2927842500357,36.9344456725466,0.253893807308917,0.241916257609361,0.945356721403284,0.953817229033742,10460923670,9999400000,0.000802372476196492,0.0007649373176507,0.000492279693783714,0.000149448634726424,0.000718752324033372,0.000663721069321167,"indep n1=20 n2=20"
"49",1.8,"indep",20,20,0.225537809680109,0.220601282964634,0.227230814183595,-0.00493652671547423,0.00169300450348675,0.0528963973065718,0.0616552811708539,12.360080246512,30.9652961775097,0.227595332873689,0.216979186003121,0.94759,0.95859,10473100456,1e+10,0.000719553917421852,0.000686130976345224,0.000223457105012932,9.94278814934419e-05,0.000704721164007439,0.000630041362927863,"indep n1=20 n2=20"
"50",2,"indep",20,20,0.333914686287828,0.333026997576104,0.334729956109718,-0.000887688711724177,0.000815269821890563,0.0434731080537872,0.0498030919540196,9.18771026176062,25.08619277203,0.20755187696404,0.199537680508621,0.94874,0.96081,10477094674,1e+10,0.000656333942549763,0.000630991437565298,4.91721663661709e-05,6.41811269079854e-05,0.000697369431506716,0.000613629724671157,"indep n1=20 n2=20"
"51",2.5,"indep",20,20,0.561652450629241,0.566176195915467,0.561069972941038,0.00452374528622579,-0.000582477688203187,0.0312978695422865,0.0351005539367738,3.58281058688663,16.1680997173083,0.177543418693584,0.173825628913595,0.94707,0.96461,10478419157,1e+10,0.000561262115817141,0.000549684565365184,2.23559889904616e-05,2.59624277275992e-05,0.000708014230789184,0.000584273462515627,"indep n1=20 n2=20"
"52",3,"indep",20,20,0.746452048089074,0.754679431449249,0.746406902298507,0.00822738336017415,-4.5145790567358e-05,0.0253223401129517,0.0285343021141751,2.19396821023912,15.1565593918348,0.159679829944827,0.157411745089259,0.94759,0.96497,10478436328,1e+10,0.000504283774836941,0.000497782113388339,1.29402981000483e-05,1.44352962514097e-05,0.000704721164007439,0.000581402606633304,"indep n1=20 n2=20"
"53",4,"indep",20,20,1.03658596433312,1.04756537881142,1.03647586197593,0.0109794144782975,-0.000110102357186115,0.0197975690188441,0.0227204990776709,-0.503487798462987,14.1862625433836,0.142425832184553,0.141058728606888,0.94444,0.96305,10478440107,1e+10,0.000449052021250256,0.000446068960713256,6.08475801704781e-06,7.38989707819531e-06,0.000724383092016925,0.000596529106582403,"indep n1=20 n2=20"
"54",5,"indep",20,20,1.26086031145536,1.27197256371736,1.2596591265125,0.0111122522620011,-0.00120118494285504,0.0173588038769614,0.020215881520101,-0.736340123805945,15.6014205547902,0.133248685239641,0.132245377442772,0.94642,0.96469,10478441131,1e+10,0.000419903635216719,0.000418181442503529,3.55127543444001e-06,5.28787129736797e-06,0.000712103809847974,0.000583636906817929,"indep n1=20 n2=20"
"55",0.2,"indep",100,100,-2.30258509299405,-1.97188266861764,-2.19378130597282,0.33070242437641,0.108803787021229,3.28823737935489,0.333525016277149,215.177255986644,-68.0316572966652,0.709239560645067,1.02719056182569,0.833874612748253,0.743658051094781,6820203380,6681700000,0.00242727266939328,0.0039514879296465,0.0225355022922085,0.000317595390355586,0.00143987533696831,0.00168909080114394,"indep n1=100 n2=100"
"56",0.3,"indep",100,100,-1.67620360874636,-1.6870426545384,-1.78253872106477,-0.0108390457920351,-0.106335112318407,1.73583640231751,0.285623485231872,135.838025110258,-61.1939935167507,0.567720747269108,0.864481209537333,0.914940547992418,0.837831006950428,8917483707,8704500000,0.001923916318317,0.00290787387943989,0.0143261704827238,0.000331726286551698,0.000945552860671527,0.00124936751529277,"indep n1=100 n2=100"
"57",0.4,"indep",100,100,-1.32963001846639,-1.3977282823138,-1.40627228825394,-0.0680982638474148,-0.0766422697875495,0.745635913866294,0.223974060756938,84.1799526265626,-44.6760394280192,0.477056372016819,0.640867242436482,0.936571990273682,0.890837601531378,9956015567,9664500000,0.00151883927207405,0.00204669220371789,0.00832905524451788,0.000333335374905331,0.00078400968843609,0.00100310433994742,"indep n1=100 n2=100"
"58",0.5,"indep",100,100,-1.08141157530944,-1.13477264368035,-1.10501167207147,-0.0533610683709069,-0.0236000967620291,0.268210693904573,0.158780739926454,44.6715366455698,-14.3544453784772,0.373594473557775,0.43121683241067,0.945388544767114,0.926866301986968,10303367021,9944800000,0.00117254306148641,0.00136536407277489,0.0039303307026077,0.000295369041824136,0.000720524936444404,0.000825599244294066,"indep n1=100 n2=100"
"59",0.6,"indep",100,100,-0.885978420965938,-0.921071664461086,-0.887150834485154,-0.0350932434951483,-0.00117241351921582,0.11012542609135,0.10566094660549,26.3801542071191,21.2567088239471,0.291725213031735,0.295192699776406,0.949510211024505,0.944046987722756,10366996161,9994100000,0.000916091794690786,0.000933754085663745,0.00158839804561042,0.000224399690228545,0.000692595638298991,0.00072700382552999,"indep n1=100 n2=100"
"60",0.7,"indep",100,100,-0.724084882418989,-0.746818028082231,-0.720246991681897,-0.0227331456632416,0.00383789073709273,0.0597579647429945,0.069258227626176,21.400183151296,40.7002657254586,0.234059007996064,0.22189679260875,0.953469069381388,0.95194903898078,10309546102,9999800000,0.000736671238517537,0.000701604831174631,0.000419817855450156,0.000146686291080928,0.0006660832564191,0.000676335575169384,"indep n1=100 n2=100"
"61",0.8,"indep",100,100,-0.585591490751473,-0.600625394364559,-0.58199632311071,-0.0150339036130859,0.00359516764076284,0.0414839670170175,0.0473678059967228,16.2931610913988,32.7874909133762,0.19956496779704,0.188903301280067,0.95492,0.95424,10193419289,1e+10,0.000629289711655348,0.00059725948065334,8.20898166910464e-05,8.83655884693976e-05,0.000656108174007915,0.000660802711858842,"indep n1=100 n2=100"
"62",0.9,"indep",100,100,-0.464434757040508,-0.476003387421558,-0.4628988736348,-0.01156863038105,0.00153588340570743,0.0316554374413355,0.0347192254177228,12.025975061112,22.8684673208183,0.175350283854017,0.168105045650598,0.95564,0.95733,10089627828,1e+10,0.00055330095771416,0.000531575300476367,4.00171737972281e-05,5.19193594274586e-05,0.000651092853593095,0.000639134345032404,"indep n1=100 n2=100"
"63",1,"indep",100,100,-0.356674943938733,-0.365952344609812,-0.356488914388927,-0.00927740067107885,0.000186029549805566,0.0253391233903877,0.0270183822304734,8.48983591862895,15.6796077674415,0.157654141591659,0.152826763975329,0.95316,0.95798,10029047490,1e+10,0.000497684698256335,0.000483282719972118,2.63570772678563e-05,3.19530197151758e-05,0.000668176731112361,0.000634462919326259,"indep n1=100 n2=100"
"64",1.2,"indep",100,100,-0.171245154473388,-0.176911339561762,-0.171666588995817,-0.00566618508837383,-0.000421434522428654,0.0177204378286848,0.0184038934791326,4.93022858353309,8.97725938048723,0.132389920085523,0.129953214553992,0.95225,0.95707,10001008922,1e+10,0.000418272163051739,0.000410948041048395,1.39271522518634e-05,1.53088378593303e-05,0.000674314003265541,0.000640991537385635,"indep n1=100 n2=100"
"65",1.4,"indep",100,100,-0.0152296037423545,-0.0183102645835565,-0.0153493716856732,-0.00308066084120202,-0.000119767943318706,0.0134175707863497,0.0137918576772636,3.29746982345589,6.1789816436751,0.115386989999611,0.113969901752431,0.95113,0.95483,1e+10,1e+10,0.000364757454179519,0.000360406077274495,8.45001595707822e-06,8.95299827378486e-06,0.000681775058945397,0.000656731841012753,"indep n1=100 n2=100"
"66",1.6,"indep",100,100,0.11950845023525,0.11819286328742,0.11975795856939,-0.00131558694783,0.000249508334140308,0.0107343131600629,0.0109802252013964,3.04783827653077,5.40855795069344,0.102971416340525,0.10206264380924,0.95102,0.95477,1e+10,1e+10,0.000325599260273035,0.000322751067777856,5.58791625501235e-06,5.81801153524864e-06,0.00068250245127765,0.000657147221709108,"indep n1=100 n2=100"
"67",1.8,"indep",100,100,0.238117089498186,0.237607479707881,0.238258304036543,-0.000509609790304955,0.000141214538356971,0.00895036085823379,0.00913484371250339,1.50419403967557,3.59637599003215,0.0945402438159019,0.0939023797686061,0.94935,0.9531,1e+10,1e+10,0.000298959652386495,0.000296946546737175,3.97207251770584e-06,4.09665301329041e-06,0.000693430439914488,0.000668583502638227,"indep n1=100 n2=100"
"68",2,"indep",100,100,0.3440673193682,0.344589602087704,0.344596154191132,0.000522282719503941,0.000528834822931756,0.00768893230580821,0.00784030245990454,1.72958149228344,3.73230720427988,0.0874048486249574,0.0869391226165164,0.94981,0.95285,1e+10,1e+10,0.000276394847600755,0.000274921933594416,2.92818220916636e-06,3.0019902512948e-06,0.000690441626062623,0.000670275148726253,"indep n1=100 n2=100"
"69",2.5,"indep",100,100,0.568114576119708,0.568755341168624,0.567805464876954,0.000640765048916192,-0.00030911124275379,0.00580157470981625,0.00591789080190015,0.436412926674445,2.45006812183897,0.0762576206601528,0.0760026557985166,0.94866,0.95212,1e+10,1e+10,0.000241140462751954,0.000240340714451931,1.60332672798514e-06,1.63263312764994e-06,0.0006978839760304,0.000675185201259625,"indep n1=100 n2=100"
"70",3,"indep",100,100,0.750926350877081,0.752477716709643,0.751016078701648,0.00155136583256188,8.97278245669542e-05,0.00478596272333249,0.00489003469303247,0.159898225330624,2.33790054081915,0.069298336042064,0.0691251223411627,0.94956,0.9533,1e+10,1e+10,0.000219086755447671,0.000218593738950155,9.99126994893977e-07,1.01830594844764e-06,0.000692067961980614,0.000667226423337685,"indep n1=100 n2=100"
"71",4,"indep",100,100,1.03909537988909,1.04086584090766,1.03890718378234,0.00177046101856404,-0.000188196106746474,0.00379066603293988,0.00388714805162988,-0.169804334732326,2.37112612981003,0.0617237546647019,0.0616207038521066,0.94954,0.95335,1e+10,1e+10,0.000195108314147407,0.000194861840712629,4.95524003666665e-07,5.14825249487633e-07,0.000692197864775672,0.000666886628295994,"indep n1=100 n2=100"
"72",5,"indep",100,100,1.26246416206874,1.26436921783546,1.26218046079657,0.0019050557667204,-0.000283701272168591,0.00333324914082594,0.00342802825532868,-0.587184361231241,2.23956462703421,0.0579818217845535,0.057904956782148,0.9488,0.95276,1e+10,1e+10,0.000183256541573321,0.000183110269043034,2.9656005603952e-07,3.24423692343274e-07,0.000696983213571174,0.000670882869061358,"indep n1=100 n2=100"
"73",0.2,"indep",3,7,NA,-0.668022422455333,-1.08467283971345,NA,NA,5.7295049254045,0.437171228774423,276.187344307621,-71.2962488554386,NA,NA,NA,NA,3708718503,3656400000,NA,NA,0.0383799837935621,0.0004290569804124,NA,NA,"indep n1=3 n2=7"
"74",0.3,"indep",3,7,NA,-0.632852206230216,-1.02844916396446,NA,NA,5.48381436602859,0.433084510410542,269.209681377788,-70.841647177395,NA,NA,NA,NA,3934272096,3878100000,NA,NA,0.0367571700023803,0.000432276055580314,NA,NA,"indep n1=3 n2=7"
"75",0.4,"indep",3,7,NA,-0.587516367137978,-0.956530329606505,NA,NA,5.09003841638728,0.428158626817444,246.14050297764,-70.8837084679619,NA,NA,NA,NA,4256486504,4195300000,NA,NA,0.0343354966115354,0.000429939935489833,NA,NA,"indep n1=3 n2=7"
"76",0.5,"indep",3,7,NA,-0.549567169167533,-0.898288761950977,NA,NA,4.82590160710285,0.422629355519662,234.392969558086,-70.7154648560103,NA,NA,NA,NA,4638620166,4571600000,NA,NA,0.0322904685023657,0.000430904873314086,NA,NA,"indep n1=3 n2=7"
"77",0.6,"indep",3,7,NA,-0.494050441455965,-0.810694159166226,NA,NA,4.43561413420387,0.415621195570659,221.742828108823,-69.8523958940185,NA,NA,NA,NA,5088936287,5014700000,NA,NA,0.0298301328620471,0.00042561235161394,NA,NA,"indep n1=3 n2=7"
"78",0.7,"indep",3,7,-2.48777198714249,-0.444897413250125,-0.735492694967799,2.04287457389237,1.7522792921747,4.09318379763046,0.408850473395735,208.787464615596,-69.1565521294597,2.16205782853535,2.09667000697061,0.457878143558912,0.263307427230735,5536709391,5455600000,0.00303088773095162,0.00492923509636603,0.0275875482144629,0.00042439944727122,0.00213305549620044,0.00188561680539334,"indep n1=3 n2=7"
"79",0.8,"indep",3,7,-1.25109907344903,-0.39002816614957,-0.65226391279039,0.86107090729946,0.59883516065864,3.72147068072717,0.401452717459385,195.827180290653,-68.0877170305089,1.10925529658411,1.27144422724119,0.687266043907868,0.60413786126193,6019579896,5930600000,0.00287151204270297,0.00460562895982409,0.0253151343135951,0.000423922382338578,0.00190370936456674,0.00200812477215086,"indep n1=3 n2=7"
"80",0.9,"indep",3,7,-0.895165958618435,-0.336356982340757,-0.572928328917622,0.558808976277678,0.322237629700812,3.41260034022958,0.393285886601976,180.901978449573,-67.6273889032791,0.891893823667725,1.14834247045587,0.756950840657539,0.688964515977957,6502810607,6405700000,0.00274654522801349,0.00435493841821847,0.0234513787605407,0.000420854673401243,0.0016947186226002,0.00182902692430931,"indep n1=3 n2=7"
"81",1,"indep",3,7,-0.669887172742499,-0.283275642079063,-0.49402173529441,0.386611530663436,0.175865437448089,3.07517391176204,0.385289234269673,167.974249577669,-66.4254457190647,0.786990962090859,1.08557594950169,0.800370170657417,0.733710305026451,6966204547,6861700000,0.00261687930300657,0.00408952103080445,0.0215560690005037,0.000418423877689067,0.00152595702092024,0.0016874216866023,"indep n1=3 n2=7"
"82",1.2,"indep",3,7,-0.365004386932052,-0.173311910051497,-0.336821333778834,0.191692476880554,0.0281830531532173,2.49143832719742,0.367009432304154,141.260650042284,-64.4603146532819,0.696617435317977,1.01659036290583,0.847201502134883,0.776390246411853,7895082257,7775600000,0.00240177052320782,0.00364430626980351,0.0182601099742477,0.000414915175168886,0.0012902858821752,0.00149423343986896,"indep n1=3 n2=7"
"83",1.4,"indep",3,7,-0.14926719864041,-0.0628735436906642,-0.182282070559007,0.0863936549497463,-0.0330148719185962,1.97871880331533,0.347479180248397,122.634255459097,-60.9036066910963,0.649401743206819,0.943321288108228,0.876120369825099,0.806053824863082,8621022164,8490500000,0.00220887823059604,0.00323541067040076,0.0154899013423508,0.000411494453402547,0.00113061620490721,0.0013569254811956,"indep n1=3 n2=7"
"84",1.6,"indep",3,7,0.0205252699151788,0.0531967511933983,-0.0267737756930571,0.0326714812782195,-0.0472990456082359,1.51406512988883,0.325835400795414,102.038680374024,-56.5201304116421,0.61470922670521,0.866961715842059,0.8927778575452,0.83198771827128,9191857644,9054100000,0.00204002366968363,0.00287695039445013,0.0129449287126618,0.00040853229954349,0.00102823244186224,0.00124252841476545,"indep n1=3 n2=7"
"85",1.8,"indep",3,7,0.161731404866309,0.168049394956072,0.121107544176741,0.00631799008976228,-0.0406238606895686,1.12322308853135,0.302551569142079,81.4491862965191,-51.1248151911247,0.581950662950685,0.787827869276575,0.902263037061332,0.853722531977698,9593546614,9451900000,0.00189279382285797,0.0025591511633554,0.0105830804186286,0.000403063749341363,0.000965909513938788,0.0011494432385666,"indep n1=3 n2=7"
"86",2,"indep",3,7,0.283197737460401,0.28017750870756,0.260506421649728,-0.0030202287528408,-0.0226913158106726,0.793115933279867,0.279155623097766,61.7228677171797,-43.0778704444256,0.545342324401618,0.700661489787744,0.909330168232016,0.874868407472391,9829922683,9.689e+09,0.00175196452368367,0.00224979601153367,0.00821493560633385,0.00039407301655212,0.000922471010240836,0.00106295621341767,"indep n1=3 n2=7"
"87",2.5,"indep",3,7,0.530092455767112,0.543282774134244,0.560498940517212,0.0131903183671321,0.0304064847500997,0.346702535409497,0.220392972887883,28.6680850991627,-18.2078615107272,0.461494275822875,0.519977697234204,0.916256405103989,0.905887672058676,10081315544,9.953e+09,0.0014622244265073,0.0016453795223382,0.00420449971656482,0.000347757964376858,0.000878025865436094,0.000925514933863343,"indep n1=3 n2=7"
"88",3,"indep",3,7,0.724858093778693,0.75512656255545,0.780476711978092,0.0302684687767567,0.0556186181993985,0.179601992063979,0.174464007360893,13.6912099058818,10.438775505468,0.393935913500563,0.401329487839624,0.922315818960343,0.924586818200008,10105337823,9995600000,0.00124233158292269,0.00125715172708041,0.00175828023813761,0.00027912245144774,0.000846645667601623,0.000835204925575588,"indep n1=3 n2=7"
"89",4,"indep",3,7,1.02461388154167,1.0718364151258,1.08760457788009,0.0472225335841316,0.0629906963384175,0.104605491867299,0.121504979584055,1.70978715478145,18.1414607506253,0.334974463649385,0.326823845476515,0.9269,0.93342,10085428233,1e+10,0.00104870884142989,0.00101413523071198,0.000137250838218498,0.000155891432701413,0.00082314269722813,0.000788334342775957,"indep n1=3 n2=7"
"90",5,"indep",3,7,1.25324864119018,1.30863410064412,1.3156821778115,0.0553854594539367,0.0624335366213178,0.0869247122735474,0.0992581145144189,-5.04962814215791,8.42250306671881,0.313467790498422,0.308941018176934,0.92681,0.93531,10079409860,1e+10,0.00097568160029604,0.000956804691106673,6.49606061414356e-05,9.26581017166998e-05,0.000823609275688418,0.000777850910522062,"indep n1=3 n2=7"
"91",0.2,"indep",6,14,NA,-1.05432235963613,-1.49102268067952,NA,NA,5.86187553707777,0.405400088028329,307.553571737463,-71.814097243526,NA,NA,NA,NA,3732900818,3.671e+09,NA,NA,0.0384355606065438,0.000361651947323318,NA,NA,"indep n1=6 n2=14"
"92",0.3,"indep",6,14,NA,-0.992278093428612,-1.39078970109104,NA,NA,5.36023353935711,0.398560047518893,286.080115434119,-71.2930214656323,NA,NA,NA,NA,4214697583,4143400000,NA,NA,0.0351011109644464,0.00036448751383085,NA,NA,"indep n1=6 n2=14"
"93",0.4,"indep",6,14,NA,-0.917063393422821,-1.27045241825293,NA,NA,4.72878650904498,0.389882878526821,256.200270714923,-70.6317071805354,NA,NA,NA,NA,4783028222,4700400000,NA,NA,0.0314183803642498,0.000368285843172971,NA,NA,"indep n1=6 n2=14"
"94",0.5,"indep",6,14,-2.56198198970163,-0.842794296139727,-1.15546978712354,1.7191876935619,1.40651220257808,4.20084860743637,0.380147872766429,230.572658294408,-70.0854506818201,1.84811373625119,1.80250720436862,0.518522638780732,0.328531167723514,5490400415,5393400000,0.0029202023153857,0.00485404429083738,0.0280180873598233,0.000369356818677802,0.00215149569627499,0.00202241325324178,"indep n1=6 n2=14"
"95",0.6,"indep",6,14,-1.39883117989595,-0.767191797798724,-1.03995526789948,0.631639382097225,0.358875911996468,3.69334025170628,0.36949751410074,209.896573175285,-68.996624840155,0.9203051119664,1.14916059427668,0.748642218393634,0.664812535893018,6206563077,6094500000,0.00271125414220378,0.00442213739578512,0.0249553883163365,0.000370601622272697,0.00175717203958665,0.0019121609429805,"indep n1=6 n2=14"
"96",0.7,"indep",6,14,-1.03592568620658,-0.688571283692643,-0.920053137948391,0.347354402513937,0.115872548258189,3.15618263420872,0.358410597883947,188.574081359781,-67.2300303813375,0.739370674223476,1.05220100446081,0.819571775439629,0.748421749687293,6923754283,6795500000,0.00250382734651726,0.00401182235143308,0.0218912883636307,0.00036862595076954,0.00147514606883403,0.0016645584039146,"indep n1=6 n2=14"
"97",0.8,"indep",6,14,-0.802343654837751,-0.608502178561433,-0.802660503258695,0.193841476276318,-0.000316848420944149,2.70528785306599,0.345883034256894,171.199899941373,-65.3258915957583,0.666080573115254,0.998755265605973,0.85524388113063,0.783430330237497,7584091713,7440100000,0.00233627544532005,0.00366161427357905,0.0194182800637492,0.000370936533379313,0.00128995353410483,0.00151011360863988,"indep n1=6 n2=14"
"98",0.9,"indep",6,14,-0.625964991095738,-0.530663389655378,-0.691204482375031,0.09530160144036,-0.0652394912792934,2.32197616091198,0.332795633164144,156.459031693543,-63.2431860111801,0.628153963456036,0.953752288366937,0.878419641527233,0.803224765403903,8216269576,8056400000,0.00218746726895437,0.00335235011015186,0.0173578575090491,0.000371165096052052,0.00115136286606873,0.00140066170272242,"indep n1=6 n2=14"
"99",1,"indep",6,14,-0.482540448021794,-0.443956219888035,-0.570355586745789,0.0385842281337583,-0.0878151387239956,1.89656769025665,0.316913709970512,133.69591530612,-60.949751540587,0.603770656804697,0.905127414687712,0.892414244934251,0.823938883429267,8722505432,8547600000,0.00206093276291671,0.00308131797813289,0.0151419073784884,0.000374238445574541,0.00105983568412481,0.00130273814580076,"indep n1=6 n2=14"
"100",1.2,"indep",6,14,-0.254619790305178,-0.275886909512953,-0.344598076888247,-0.0212671192077752,-0.0899782865830693,1.22716494529764,0.284347505510039,105.044691806702,-52.488907985251,0.55115390997805,0.778830030105182,0.912255187124297,0.859522116648353,9483812897,9282600000,0.00180766045698965,0.00253917355776388,0.0113528680705974,0.000373989673568926,0.000928611544563775,0.00114050629647221,"indep n1=6 n2=14"
"101",1.4,"indep",6,14,-0.0748580413796963,-0.117627018596887,-0.146563922824733,-0.0427689772171906,-0.0717058814450363,0.75910536943689,0.249579739186044,74.5270343650935,-42.6187542974887,0.503330779679763,0.663390734275,0.922538189394643,0.888665408299038,9919160315,9695100000,0.00161066804651624,0.00211808571237636,0.00821586510309774,0.00036697566656414,0.000858538651990781,0.00101020159898802,"indep n1=6 n2=14"
"102",1.6,"indep",6,14,0.0746203431648513,0.038379410368648,0.0363655637102367,-0.0362409327962033,-0.0382547794546146,0.444346561496203,0.213182617752251,52.6295655614651,-26.7734395800878,0.446356962952513,0.540913978624335,0.927934034803723,0.91280857952246,10127410774,9.884e+09,0.00141508299791815,0.00171622889452147,0.00558818600902997,0.000346791331595363,0.000822540493705918,0.000897346895890677,"indep n1=6 n2=14"
"103",1.8,"indep",6,14,0.203049913633128,0.178813917389622,0.189919297851882,-0.0242359962435054,-0.0131306157812461,0.267506272498587,0.17949653371551,37.7165765791783,-7.59226727567801,0.394699109846993,0.440924625790886,0.931712114977368,0.93007617652077,10225324883,9963700000,0.00124806648726865,0.00139625118399335,0.00371375506094674,0.000314371478609495,0.00079910230065064,0.000807907282027407,"indep n1=6 n2=14"
"104",2,"indep",6,14,0.315889117091827,0.303777683699194,0.319127880015796,-0.0121114333926323,0.00323876292396924,0.165433763437657,0.15038679990724,25.8672435923443,14.4190374665022,0.349583190031668,0.362552470992874,0.934208418438864,0.942468661139813,10264225416,9987600000,0.00110550661709438,0.00114716303338238,0.00215390684100412,0.000273802273682308,0.000784470255401311,0.000736809351349793,"indep n1=6 n2=14"
"105",2.5,"indep",6,14,0.55029722493605,0.554897627237027,0.56323802110639,0.00460040230097614,0.0129407961703392,0.0830382110058142,0.0999275622202774,14.1806048738002,37.404086139051,0.281412571921096,0.269985291414353,0.939688793775876,0.95559911198224,10303792240,9999800000,0.000889799118685391,0.000852799948275243,0.000330946357746552,0.000168687419654832,0.00075282732499477,0.000651385429426772,"indep n1=6 n2=14"
"106",3,"indep",6,14,0.738633069662809,0.751634385171818,0.750943993260104,0.0130013155090093,0.012310923597295,0.0613599210262041,0.0740693260910978,7.94821230430507,30.3073929104967,0.248108282394103,0.238732043809433,0.94061,0.95991,10314799547,1e+10,0.000783513238436866,0.00075393632570393,7.75956235135369e-05,9.53427857292478e-05,0.000747414395767168,0.00062034499997985,"indep n1=6 n2=14"
"107",4,"indep",6,14,1.03222437854685,1.05198639467949,1.04241931826977,0.0197620161326388,0.0101949397229204,0.0450837765413505,0.0539141612065386,1.18465036761763,21.0032958650534,0.215810805748955,0.211327791875417,0.93997,0.96274,10317824277,1e+10,0.000679589791261399,0.000667502392373455,3.06525740717033e-05,3.66747405508896e-05,0.00075117507346823,0.00059892981558777,"indep n1=6 n2=14"
"108",5,"indep",6,14,1.25807959664605,1.2813816286564,1.26824241746665,0.0233020320103445,0.0101628208205964,0.0384070833135573,0.0465023705916715,-0.794151472254123,20.1160498295379,0.200043182198162,0.197021397690255,0.94166,0.96458,10317856020,1e+10,0.000628288825262744,0.00062221005589868,1.71292146493479e-05,2.20510441045089e-05,0.000741191233083608,0.000584511963949413,"indep n1=6 n2=14"
"109",0.2,"indep",12,28,NA,-1.37179254586283,-1.77578556009224,NA,NA,5.49331269229227,0.382323366482,304.405424901888,-71.85420671774,NA,NA,NA,NA,4089844494,4017300000,NA,NA,0.035829069123939,0.000333466962975086,NA,NA,"indep n1=12 n2=28"
"110",0.3,"indep",12,28,NA,-1.26646061866664,-1.60804989317848,NA,NA,4.66396450126322,0.370089229740928,261.417084506191,-71.3212717669956,NA,NA,NA,NA,4903117539,4812700000,NA,NA,0.0309221182658462,0.000342297587715516,NA,NA,"indep n1=12 n2=28"
"111",0.4,"indep",12,28,-1.94424625400898,-1.16451756225833,-1.44893854097162,0.779728691750648,0.495307713037356,3.91866715807811,0.35693394295687,227.507444239037,-70.1688051818877,1.02117431149028,1.20075877934125,0.721226746076569,0.61123376289983,5956503517,5843100000,0.00272795299931351,0.0045251912751681,0.0261056703514075,0.000340391972255722,0.00185498244768888,0.00201663025618695,"indep n1=12 n2=28"
"112",0.5,"indep",12,28,-1.36303435330244,-1.05085416975457,-1.27564330562403,0.312180183547873,0.0873910476784174,3.16725287944834,0.341102668074344,198.926014460869,-67.8066561242838,0.710285245758843,1.03303715359364,0.83223294148648,0.750720988449545,6968961923,6830900000,0.00244111017873155,0.00393840659621456,0.0219329507891695,0.00034378965470517,0.00142967338465266,0.00165517215710313,"indep n1=12 n2=28"
"113",0.6,"indep",12,28,-1.058151567492,-0.937270647242809,-1.10892802776018,0.120880920249189,-0.0507764602681782,2.50813595726728,0.323004208794445,169.676209990137,-65.2704030711896,0.627450313708805,0.965722949502448,0.877151718790385,0.797286120444559,7901925928,7.738e+09,0.0022133742490319,0.00346688835734741,0.0183920659283954,0.000348232165520517,0.00118006937281269,0.00144522172644961,"indep n1=12 n2=28"
"114",0.7,"indep",12,28,-0.842414379200356,-0.820715562734294,-0.944050650100745,0.0216988164660619,-0.10163627090039,1.9265885349144,0.30252953323056,140.364655094926,-62.2558706266653,0.590540241816742,0.901026016534791,0.900834520180322,0.824656599065432,8686120531,8495900000,0.00202466877024186,0.00307152805593403,0.0153395255777117,0.000352546346520635,0.00102541123818297,0.00130459763306826,"indep n1=12 n2=28"
"115",0.8,"indep",12,28,-0.672621910644767,-0.699643897902643,-0.779578879522009,-0.0270219872578767,-0.106956968877243,1.42953290916726,0.279056172097454,118.086812482533,-57.4277229394022,0.556712993379044,0.81665205333739,0.914719535996648,0.848482175346514,9283778122,9068900000,0.00184647846540419,0.00268846922715108,0.0126232374808758,0.000355813196400912,0.000927452012757671,0.00119062752486344,"indep n1=12 n2=28"
"116",0.9,"indep",12,28,-0.531415775693636,-0.582779892858814,-0.627299502355387,-0.0513641171651783,-0.095883726661751,1.01168664624525,0.254698077050666,93.4886804466452,-51.2880840883563,0.52102272166956,0.729420474037608,0.92381244188995,0.872231848533514,9703240121,9464800000,0.00168532062181526,0.00235038770531173,0.0100876649567017,0.000354861983299646,0.000862339361508589,0.00108510447687517,"indep n1=12 n2=28"
"117",1,"indep",12,28,-0.409949443099545,-0.466191235307398,-0.48355318984419,-0.0562417922078539,-0.0736037467446453,0.705291303716011,0.228119002261597,74.276140175041,-43.6322282647337,0.48312778704341,0.640399024788165,0.929527538770673,0.890421969189551,9964871619,9704500000,0.00154033375613217,0.00204210804358711,0.00799887715769776,0.000349118010845864,0.00082158834165221,0.00100270480702136,"indep n1=12 n2=28"
"118",1.2,"indep",12,28,-0.207397101698341,-0.252523865557641,-0.238148355548198,-0.0451267638593,-0.0307512538498563,0.314531895346845,0.176372581562259,45.987806362068,-18.1378846927569,0.398173513638295,0.465181975297285,0.937928396726822,0.923072277636307,10240496147,9935300000,0.00125509558929448,0.00147259581499335,0.00439612454322048,0.000316165752225619,0.000765492308341744,0.000845412760166336,"indep n1=12 n2=28"
"119",1.4,"indep",12,28,-0.0414320722515917,-0.0694081612543319,-0.0468082920809272,-0.0279760890027402,-0.00537621982933542,0.14755448757634,0.131624898343718,28.1106875626748,14.2801991600335,0.326406948092317,0.339418760318021,0.94118294856136,0.941233005626414,10331415767,9988600000,0.00102898297796163,0.00107381933411461,0.00204273512251508,0.00025987996699106,0.000744451379166443,0.000744154312148184,"indep n1=12 n2=28"
"120",1.6,"indep",12,28,0.0996205513262785,0.0831369290052865,0.102082414446202,-0.016483622320992,0.0024618631199238,0.0884382780557452,0.0980019788790308,19.2998224641094,32.2008856168616,0.279277225146017,0.27228004980408,0.943461519227884,0.949942491373706,10368839086,9998500000,0.00088168302989159,0.000861058810463563,0.000887616032516404,0.000197974636993267,0.000730410045430742,0.000689629525830108,"indep n1=12 n2=28"
"121",1.8,"indep",12,28,0.22249551249365,0.214444677838849,0.227069496772443,-0.00805083465480125,0.00457398427879277,0.0636024547043656,0.074454024264134,17.1346136069161,37.1196033894693,0.244996997373712,0.233064321226713,0.945809458094581,0.95429954299543,10386645635,9999900000,0.000774337858959094,0.000736879518507168,0.000350330953214288,0.000141198445490193,0.000715922060128142,0.000660396557817779,"indep n1=12 n2=28"
"122",2,"indep",12,28,0.331466700981724,0.326929096044899,0.333994426712128,-0.00453760493682531,0.00252772573040327,0.0507841802399044,0.0591805985688922,12.477735500918,31.0742770912629,0.222858507481227,0.212500275317976,0.94643,0.95718,10394564401,1e+10,0.000704597906301223,0.000671940690218552,7.63431780879371e-05,9.75802414787678e-05,0.000712041116088109,0.00064020658853217,"indep n1=12 n2=28"
"123",2.5,"indep",12,28,0.560101460630239,0.563659155525226,0.562029927068592,0.00355769489498714,0.00192846643835332,0.0351705479106995,0.0393740157909717,5.95324657926926,18.6164291358037,0.187141003533409,0.182202607759439,0.94603,0.96173,10398758358,1e+10,0.000591687823983275,0.000576145842956183,3.31561106461037e-05,4.039717025825e-05,0.00071454348433108,0.000606674600589146,"indep n1=12 n2=28"
"124",3,"indep",12,28,0.745380810400251,0.752025398485581,0.746406305577615,0.00664458808532953,0.00102549517736383,0.02785326319339,0.0310261395897095,3.39341627690588,15.1713730556895,0.166926020638267,0.164133754590306,0.94628,0.96228,10398920602,1e+10,0.000527450699303204,0.000519028969775516,1.92537754274044e-05,2.14995983774301e-05,0.00071298079637533,0.000602471589371648,"indep n1=12 n2=28"
"125",4,"indep",12,28,1.03598662353616,1.04488913900466,1.03578618038149,0.00890251546850296,-0.00020044315466583,0.0211331479009718,0.0238439364297356,-0.0173960928920636,12.807560085778,0.146827545246516,0.145384502928862,0.94566,0.96225,10398920078,1e+10,0.000463457528305792,0.000459748027539682,9.23317661608874e-06,1.02214497456703e-05,0.000716848410753627,0.000602701729713794,"indep n1=12 n2=28"
"126",5,"indep",12,28,1.2604776827778,1.27166738767373,1.26108612747156,0.0111897048959348,0.000608444693764421,0.0181852984574553,0.0207920291404844,-1.39746470628167,12.7364938193877,0.136937470947294,0.135805813990969,0.94568,0.9629,10398936111,1e+10,0.000431588319145222,0.000429453528791387,5.48246978378559e-06,6.60263729681625e-06,0.00071672405847718,0.000597692144837123,"indep n1=12 n2=28"
"127",0.2,"indep",60,140,-2.40823963982765,-1.93195375186618,-2.17789639685736,0.476285887961466,0.230343242970291,3.57707247071712,0.340023994862814,226.07821670425,-69.0041454879181,0.79442094727738,1.07239865714224,0.801108569976494,0.703798996251826,6424488858,6296400000,0.00253387824447622,0.00417404205807257,0.0241092065941354,0.000316771153979719,0.00159077064748063,0.00181958115120686,"indep n1=60 n2=140"
"128",0.3,"indep",60,140,-1.70418293557038,-1.67488353555452,-1.80018608103473,0.0292994000158646,-0.0960031454643417,2.08567613548823,0.298961477859858,155.010340492851,-63.4467370239906,0.587423415786962,0.909442557756505,0.904001836591673,0.822406418404582,8469142125,8276200000,0.00203937691134016,0.00314361282449958,0.0161755052624857,0.000331773992660933,0.00102400158775093,0.00132843830531034,"indep n1=60 n2=140"
"129",0.4,"indep",60,140,-1.3434239967258,-1.40579470689597,-1.43878080616065,-0.0623707101701658,-0.0953568094348429,1.02389731433101,0.244999951186112,98.7842982264861,-52.4345433078167,0.513087715567647,0.723993807163862,0.931899147546546,0.873584545570211,9697042026,9431600000,0.0016583208616397,0.00233692339629361,0.0102237932846771,0.000338764617616053,0.000820291184795269,0.00108208124409042,"indep n1=60 n2=140"
"130",0.5,"indep",60,140,-1.08976250011841,-1.15486977158359,-1.13643558714675,-0.0651072714651793,-0.0466730870283383,0.421280516449206,0.185596546431809,58.6524048357408,-30.1051502006386,0.41914934345387,0.517409399064592,0.942019445007089,0.913641887786105,10207629765,9.874e+09,0.00131771307595241,0.00163989407180553,0.00563542454521675,0.000318650340981249,0.000743745851613868,0.000893908382532366,"indep n1=60 n2=140"
"131",0.6,"indep",60,140,-0.891612283389109,-0.937767459532498,-0.903465845714493,-0.0461551761433897,-0.0118535623253847,0.169189887591759,0.13079884834073,34.0491138926304,3.63190121952326,0.330911787883592,0.355463207858133,0.946201009858139,0.935741764847319,10353286094,9981600000,0.00103716593664569,0.00112448883098156,0.00262606134260736,0.000264887507587043,0.00071413231291043,0.000776144032294103,"indep n1=60 n2=140"
"132",0.7,"indep",60,140,-0.728154080870475,-0.757988096662335,-0.726604405759303,-0.0298340157918602,0.00154967511117154,0.0825579948373373,0.0885710525278044,23.8485458091482,32.8689738403541,0.264781524563833,0.258190205555151,0.950280553305128,0.947179964193197,10352357012,9998100000,0.000832063902947667,0.000816536070083473,0.00101512495885701,0.000192383459572621,0.000687432920593812,0.000707386649193558,"indep n1=60 n2=140"
"133",0.8,"indep",60,140,-0.588673164605307,-0.607977288316693,-0.584238986300869,-0.0193041237113858,0.00443417830443771,0.0518701573973535,0.0607360259564986,18.8333041081307,39.1447993403653,0.22183197149401,0.208970661779223,0.951029020580412,0.950039000780016,10272587576,9999800000,0.000698843612919517,0.000660684380462888,0.000155968962052871,0.000126540910540758,0.000682449661655393,0.000688954621828369,"indep n1=60 n2=140"
"134",0.9,"indep",60,140,-0.466851680175666,-0.481060291377015,-0.463995901866978,-0.014208611201349,0.00285577830868783,0.0386267570791634,0.043693924631783,14.3895683338281,29.3955163566305,0.193578719659045,0.183781241496277,0.954689546895469,0.954439544395444,10166170190,9999900000,0.000610504557756897,0.000581102956604566,6.67341969862714e-05,7.94380904029748e-05,0.000657706990402857,0.000659432599596158,"indep n1=60 n2=140"
"135",1,"indep",60,140,-0.358622366069503,-0.368498569321877,-0.356152849271066,-0.00987620325237437,0.00246951679843688,0.0303392901363483,0.0331036237558606,11.4717269946968,21.6283602307316,0.171620316506193,0.164993495129958,0.95358,0.95617,10077426963,1e+10,0.000541814425886539,0.000521699406672582,3.75301974044216e-05,4.84532007871921e-05,0.000665320851920335,0.000647371076740381,"indep n1=60 n2=140"
"136",1.2,"indep",60,140,-0.17258833862568,-0.179002753447516,-0.172019678227115,-0.00641441482183641,0.000568660398564513,0.0209004857654258,0.0219293302718941,6.85835476770373,12.1185497941209,0.143161545535232,0.139854152886333,0.95215,0.95758,10008637790,1e+10,0.00045226416998707,0.000442256218672703,1.94666349085849e-05,2.22509311034769e-05,0.000674984277594671,0.000637342479362548,"indep n1=60 n2=140"
"137",1.4,"indep",60,140,-0.0162124050415837,-0.0198086527910491,-0.0156762759855197,-0.00359624774946539,0.000536129056064049,0.0156348079914381,0.0161537752191695,4.58697059364448,8.05853290611616,0.124143107201004,0.122267065221649,0.95116,0.95515,10001539657,1e+10,0.000392412181958775,0.000386640625057986,1.17238814130595e-05,1.26359829474785e-05,0.000681576513679866,0.000654511096162624,"indep n1=60 n2=140"
"138",1.6,"indep",60,140,0.118757981051209,0.116536194295113,0.118960228542044,-0.00222178675609629,0.000202247490835014,0.0123878632398531,0.0127096904167241,1.9103113461407,4.5578629988799,0.111464281174255,0.110252309634609,0.94951,0.95343,10001274745,1e+10,0.000352412738646635,0.000348649572382392,7.86895476407251e-06,8.28549754009917e-06,0.000692392662439457,0.000666342517778957,"indep n1=60 n2=140"
"139",1.8,"indep",60,140,0.237525198337027,0.23601597354404,0.237323136410834,-0.00150922479298723,-0.000202061926192737,0.0102294104489099,0.0104576142953408,2.62134473126938,4.91068346790002,0.100671980722206,0.0998401373266787,0.94983,0.95363,10001429713,1e+10,0.00031831857108515,0.000315723167878234,5.5492219633273e-06,5.76842188734127e-06,0.000690311314553079,0.000664979872627736,"indep n1=60 n2=140"
"140",2,"indep",60,140,0.343588506786721,0.342889322834807,0.343419287189337,-0.000699183951913596,-0.000169219597383696,0.00871641816523532,0.00889525323290565,1.22232779394005,3.29910996496718,0.0934015231346121,0.092796034764181,0.94861,0.95226,10001614677,1e+10,0.000295354751106122,0.000293447807016823,4.16190407739598e-06,4.29436342780888e-06,0.0006982053272498,0.000674246931027498,"indep n1=60 n2=140"
"141",2.5,"indep",60,140,0.567808742330832,0.568492941054114,0.567864499082268,0.000684198723282181,5.57567514358759e-05,0.00643612449151114,0.00656243101250505,0.870655037614054,2.85020368136426,0.0802008645198478,0.0798781010382682,0.9493,0.95248,10001314736,1e+10,0.00025360944106217,0.000252597935905693,2.29477373428932e-06,2.34760411457835e-06,0.000693754351337705,0.000672769273971397,"indep n1=60 n2=140"
"142",3,"indep",60,140,0.750714194302349,0.751955135260984,0.750714225599969,0.00124094095863525,3.12976202732074e-08,0.00522291591695271,0.00533166015504411,0.170899563969162,2.25651769859341,0.0724158118413982,0.0722077077931523,0.94816,0.95171,10001364725,1e+10,0.000228966423211109,0.000228341962958901,1.46293472901973e-06,1.49527868539522e-06,0.00070108925537338,0.000677923859293948,"indep n1=60 n2=140"
"143",4,"indep",60,140,1.03897616906418,1.04077173906907,1.03893379937788,0.0017955700048875,-4.23696863058876e-05,0.00403297888932151,0.00413094435680534,0.403180116805002,2.84208315769385,0.0634984921068342,0.0633778008626745,0.94887,0.95263,10001424715,1e+10,0.000200720569871311,0.000200419161130833,7.38632422176885e-07,7.6279080473011e-07,0.000696532289990924,0.000671759503840474,"indep n1=60 n2=140"
"144",5,"indep",60,140,1.26238790477649,1.26407539415979,1.26196375470143,0.00168748938330165,-0.000424150075058138,0.00348824371694456,0.00358367691827332,0.0894412850746873,2.827740720588,0.0591152591242392,0.0590361891298025,0.94923,0.95306,10001449710,1e+10,0.000186863617617735,0.000186684937125346,4.48199658933719e-07,4.77020732316443e-07,0.000694207512923909,0.000668854516318758,"indep n1=60 n2=140"
"145",0.2,"paired",5,5,NA,-1.1062209587758,-1.57730846134625,NA,NA,6.3367356499697,0.450136006548467,321.427986296927,-70.0634646483371,NA,NA,NA,NA,1290123095,1271200000,NA,NA,0.066362773175537,0.000613988822239773,NA,NA,"paired n1=5 n2=5"
"146",0.3,"paired",5,5,NA,-1.05274610025348,-1.48049525527944,NA,NA,5.74536904374651,0.4431650451117,284.67390804683,-70.3284456551284,NA,NA,NA,NA,1939389215,1910400000,NA,NA,0.0525322476034373,0.000547750239541397,NA,NA,"paired n1=5 n2=5"
"147",0.4,"paired",5,5,NA,-0.981524813518626,-1.3572647144562,NA,NA,5.05415045777622,0.434310586791308,250.903273016894,-69.8463653418793,NA,NA,NA,NA,2846596679,2802600000,NA,NA,0.0414557561460781,0.000494211183669894,NA,NA,"paired n1=5 n2=5"
"148",0.5,"paired",5,5,NA,-0.913522404837379,-1.24094773752786,NA,NA,4.40270555452518,0.425260142646031,218.854617292142,-69.2016287817308,NA,NA,NA,NA,3941422874,3.879e+09,NA,NA,0.0332843635791748,0.000452845271680771,NA,NA,"paired n1=5 n2=5"
"149",0.6,"paired",5,5,NA,-0.841091135385322,-1.12047009491118,NA,NA,3.82209710512416,0.414740694721362,196.537456287699,-67.8223375155011,NA,NA,NA,NA,5115644715,5032200000,NA,NA,0.0274488773738589,0.000428796755343446,NA,NA,"paired n1=5 n2=5"
"150",0.7,"paired",5,5,-1.55054639460591,-0.748978686179297,-0.974762762321404,0.801567708426612,0.575783632284505,3.17757986401905,0.400050677347149,170.360972957448,-65.962117401178,1.05778814570689,1.2275250924284,0.71518433254434,0.625920041503194,6274023327,6168200000,0.00277915288601784,0.00436512830507923,0.0227392223928835,0.000419299910760299,0.00181723758411948,0.00194832958806096,"paired n1=5 n2=5"
"151",0.8,"paired",5,5,-1.06013176810005,-0.659869863227276,-0.839716443157093,0.400261904872769,0.220415324942952,2.63028240708334,0.384756128056033,144.157705277352,-64.2847577641942,0.787790621671208,1.06106377798282,0.824658820929333,0.738424774849439,7368235114,7239600000,0.00252182810233011,0.00385752444726053,0.0191371138047228,0.000411240907286426,0.00141325922830881,0.00163340600487988,"paired n1=5 n2=5"
"152",0.9,"paired",5,5,-0.792372649921864,-0.567650981455544,-0.703950728740313,0.22472166846632,0.0884219211815515,2.13094194877304,0.36723873586154,121.207708571091,-61.8778731606229,0.700990385507216,0.985458402820498,0.866550419232767,0.778993841359353,8234309129,8086200000,0.00233504058683797,0.00345154421771597,0.0162042380853881,0.000409902133507677,0.00119586811298142,0.00145913999208577,"paired n1=5 n2=5"
"153",1,"paired",5,5,-0.601986402162968,-0.465284290467685,-0.559844071287735,0.136702111695283,0.0421423308752333,1.6531732639316,0.346559621139421,98.7561446013202,-58.3341591138778,0.65518947930624,0.91297648596464,0.890864710109386,0.80937824366096,8933959140,8767100000,0.00216409565078825,0.00308014331723602,0.0134642637729375,0.000407150545554729,0.00105307790511114,0.00132658174387815,"paired n1=5 n2=5"
"154",1.2,"paired",5,5,-0.326963233703332,-0.257724040642263,-0.287414423004989,0.0692391930610691,0.0395488106983433,0.927721007551031,0.300509667902993,61.9585376335422,-47.5379926053545,0.589444046950112,0.757873351476957,0.909045304906725,0.84833568479908,9762355426,9568500000,0.00189236908902188,0.00244672320848954,0.00888271212572424,0.000399000753328709,0.000929572772493403,0.0011595878107524,"paired n1=5 n2=5"
"155",1.4,"paired",5,5,-0.12423067964925,-0.0628216463500728,-0.0554816229970291,0.061409033299177,0.0687490566522207,0.499345824464508,0.253697176092624,34.0039756403307,-31.9180645165222,0.52757028955263,0.614294509068086,0.917414667219867,0.877331282445683,10091321058,9881900000,0.00166686367359303,0.00194187666219187,0.00535172800809185,0.000368444575322993,0.000875616776257316,0.00104358659670858,"paired n1=5 n2=5"
"156",1.6,"paired",5,5,0.0384805205680643,0.108611383741993,0.130174250487559,0.0701308631739282,0.0916937299194945,0.292471448302992,0.211972789573534,16.4227612118772,-15.6209687915625,0.477744733985424,0.509529420039904,0.918369596808948,0.891760791348881,10197635071,9977900000,0.00149605671719665,0.00158673067134041,0.00287461022665877,0.000316268628959128,0.000866792502439098,0.000983551075095883,"paired n1=5 n2=5"
"157",1.8,"paired",5,5,0.175328435806585,0.254934928206412,0.276964939480547,0.0796064923998275,0.101636503673962,0.2061668385337,0.178866495770441,8.89743686327009,-5.52261911446027,0.441237420766166,0.446822241310628,0.919478596652695,0.898380368343654,10220911296,9996100000,0.00137269311686152,0.00137621181076428,0.00134829129674052,0.000255887906659518,0.000860619503157611,0.000955660506202365,"paired n1=5 n2=5"
"158",2,"paired",5,5,0.29389333245106,0.380528243991922,0.398176098094695,0.0866349115408627,0.104282765643636,0.170392413335915,0.154975540224008,4.66059664429328,-4.80895136369608,0.418839462410799,0.416746935306351,0.920904463312432,0.903233226325843,10226983128,9999300000,0.00129589475699474,0.00127599427180534,0.000647756635524572,0.000198530212428919,0.000853490081259913,0.000934928252983721,"paired n1=5 n2=5"
"159",2.5,"paired",5,5,0.53664724034191,0.631389912029293,0.637582090772624,0.0947426716873828,0.100934850430714,0.139015649713619,0.123307404715191,-1.56604716277298,-12.6887132116398,0.390607872621679,0.389119221019229,0.92061,0.90375,10230101548,1e+10,0.00119833122430025,0.00118839108212955,0.000220220572865697,0.000104147890697103,0.000854910684808653,0.000932662519349845,"paired n1=5 n2=5"
"160",3,"paired",5,5,0.729307511349758,0.828022690392025,0.828546273748702,0.0987151790422667,0.0992387623989437,0.126869809294361,0.110441887281333,-5.34837128146007,-17.6044752642959,0.378806999203448,0.379322670053287,0.91842,0.9008,10230177986,1e+10,0.00115650937560449,0.00115775082138104,6.6204623593433e-05,7.14392175650099e-05,0.000865590570651044,0.00094530079868791,"paired n1=5 n2=5"
"161",4,"paired",5,5,1.02706186684777,1.12698588681334,1.1227381566617,0.0999240199655673,0.0956762898139245,0.116807243321122,0.100850048473222,-6.39834752249809,-19.1853953476297,0.364352888707762,0.365984377715213,0.91865,0.89929,10230168744,1e+10,0.00110801374286633,0.00111710277153732,5.21125781865277e-05,5.89137824576499e-05,0.00086447774696634,0.000951669563976909,"paired n1=5 n2=5"
"162",5,"paired",5,5,1.25479963118919,1.35677323105057,1.35069725252452,0.101973599861387,0.0958976213353315,0.112523186338342,0.0970101998621182,-8.79088870095437,-21.3654145043388,0.362195760987286,0.364092682983973,0.91524,0.89549,10230308971,1e+10,0.00109903758849318,0.00111071311196146,4.92030971721232e-05,5.71034314020625e-05,0.00088077092595067,0.000967407152650837,"paired n1=5 n2=5"
"163",0.2,"paired",10,10,NA,-1.58358070189266,-2.09213130596853,NA,NA,6.12476287127545,0.404288847915885,318.900175558141,-72.3488610208194,NA,NA,NA,NA,1453103581,1429300000,NA,NA,0.0622708463006344,0.000463386962582533,NA,NA,"paired n1=10 n2=10"
"164",0.3,"paired",10,10,NA,-1.47667756348108,-1.90419935376971,NA,NA,5.02022904492456,0.393746490000765,272.595167677844,-70.7766243030846,NA,NA,NA,NA,2706561774,2660400000,NA,NA,0.0425061083752298,0.000393817417546681,NA,NA,"paired n1=10 n2=10"
"165",0.4,"paired",10,10,NA,-1.36749430129478,-1.72013928246029,NA,NA,4.12295864189342,0.379971432426897,233.443887268071,-69.2698466116419,NA,NA,NA,NA,4421035066,4343200000,NA,NA,0.0308851506156663,0.000354578835079856,NA,NA,"paired n1=10 n2=10"
"166",0.5,"paired",10,10,-1.84443972705697,-1.22974268382985,-1.49888249883963,0.614697043227117,0.345557228217342,3.09245047273236,0.360228303552984,186.680568227062,-66.6056237069516,0.8860064443005,1.09457829583835,0.747919765902143,0.690065553938958,6230350197,6117100000,0.00257994606533044,0.00419932471537759,0.0228363219085774,0.000343197162459899,0.00175559409754946,0.00186985232058682,"paired n1=10 n2=10"
"167",0.6,"paired",10,10,-1.26286432215413,-1.08828345019159,-1.28413801246987,0.174580871962535,-0.0212736903157464,2.25427008352974,0.336306329706301,143.663585930929,-63.6487185514186,0.640467580446189,0.962079664391004,0.870984516581948,0.806294769958789,7838902228,7692100000,0.00222183721099,0.00346804877907581,0.017481643812058,0.000342441832886664,0.00120865867516035,0.00142493526257868,"paired n1=10 n2=10"
"168",0.7,"paired",10,10,-0.965510768280782,-0.921652946059616,-1.0433716395083,0.0438578222211659,-0.0778608712275208,1.42493473031769,0.30475770071314,104.948049416851,-56.1667668160512,0.569934259962593,0.83744894476627,0.909168235534284,0.854072629119695,8988599212,8817400000,0.00191367092055983,0.00280805312436677,0.0126103301384752,0.000345158979113994,0.000967766825974735,0.00118890049961669,"paired n1=10 n2=10"
"169",0.8,"paired",10,10,-0.757063866314888,-0.757510709198748,-0.824796035356482,-0.000446842883860432,-0.0677321690415945,0.866110567087106,0.26906479967409,73.9880015141887,-45.9491102497976,0.517426207034455,0.708788701984687,0.925683290325978,0.888029912054347,9679854102,9494500000,0.00167924667553716,0.00228976529880933,0.00906132859442564,0.000341142955251703,0.000851213297293686,0.00102336075364129,"paired n1=10 n2=10"
"170",0.9,"paired",10,10,-0.593721751187363,-0.600458070080064,-0.63204422446935,-0.00673631889270143,-0.0383224732819871,0.494536069543615,0.232002623967995,46.4308592948315,-31.3046192613601,0.464193006487539,0.582401790196339,0.933071908739051,0.915878997759218,10008296599,9.818e+09,0.00148130181859174,0.00185468930261285,0.00603013088005254,0.000325793101743134,0.000797535940060814,0.000885849114536834,"paired n1=10 n2=10"
"171",1,"paired",10,10,-0.458145365937078,-0.45568838416155,-0.468650469392632,0.00245698177552817,-0.0105051034555541,0.281805248713919,0.19597119466807,26.8623667090058,-11.7781883912986,0.412695392348137,0.471426296985419,0.935054749479654,0.932450504258293,10135342856,9945300000,0.00130862484905148,0.00149451125557541,0.00366364835969961,0.000295887138852246,0.000781417754166527,0.000795820286481626,"paired n1=10 n2=10"
"172",1.2,"paired",10,10,-0.2390179004715,-0.217259230084754,-0.223993968861138,0.0217586703867457,0.0150239316103618,0.124367121726057,0.139980359585202,8.54201326621482,22.1685429093846,0.337502510624396,0.338827803238338,0.939081115145695,0.952005121587692,10185363764,9996900000,0.00106522680965964,0.00107058506716019,0.000972815819672724,0.000206047804851929,0.000756475473705689,0.000676058716203822,"paired n1=10 n2=10"
"173",1.4,"paired",10,10,-0.0639166857549427,-0.033286691547777,-0.0475589907022857,0.0306299942071657,0.016357695052657,0.0889608590646457,0.107199348149975,3.70308816483826,24.9639849400694,0.299538217366802,0.29334435573264,0.93969939699397,0.956479564795648,10190937228,9999900000,0.000942267068577736,0.00092620220553512,0.000159156862780681,0.000124970876767383,0.000752761628493433,0.00064518852432609,"paired n1=10 n2=10"
"174",1.6,"paired",10,10,0.0827572192387867,0.118993267404911,0.0985214791002345,0.0362360481661246,0.0157642598614478,0.0753399671713023,0.089872894161974,0.360654106805502,19.7200209028376,0.278830555593632,0.274439407006669,0.93726,0.95779,10193497600,1e+10,0.000874266503349382,0.000866424993415257,5.47321023937391e-05,7.36380023851438e-05,0.000766835656447977,0.000635832650152538,"paired n1=10 n2=10"
"175",1.8,"paired",10,10,0.209355167429093,0.247374908498211,0.222930902021682,0.0380197410691184,0.0135757345925896,0.0677882105345927,0.0804772380756382,-2.0477602671234,16.2875617287758,0.265975054376471,0.263417879296036,0.9365,0.95706,10194526604,1e+10,0.000832453733361939,0.000831897653661789,3.6537388491084e-05,4.78530713951575e-05,0.00077115335699198,0.000641062839353522,"paired n1=10 n2=10"
"176",2,"paired",10,10,0.320926943086197,0.361213526563566,0.334363436937463,0.0402865834773691,0.0134364938512656,0.0628923006808721,0.0747935264451832,-3.10958498211256,15.2251665064172,0.256902562152006,0.255128685283136,0.93474,0.95625,10194705557,1e+10,0.000802350057005047,0.000805672115657755,2.75908570591571e-05,3.63325048793708e-05,0.000781032217005163,0.000646807061649762,"paired n1=10 n2=10"
"177",2.5,"paired",10,10,0.553455545741402,0.596437083321278,0.566487364819572,0.0429815375798754,0.0130318190781701,0.0561543171597401,0.0675083656018963,-5.57792665750443,13.5136205104512,0.245286290926295,0.244214727128051,0.93255,0.95515,10194797728,1e+10,0.000763665732693308,0.000771178315007213,1.89295045147636e-05,2.83384115728206e-05,0.000793098338795386,0.000654511096162624,"paired n1=10 n2=10"
"178",3,"paired",10,10,0.740802270462108,0.784467188652882,0.753099347310148,0.0436649181907749,0.0122970768480407,0.0528065130795331,0.0640194034890602,-5.70063056246944,14.3228179390063,0.237871083479599,0.236958763847625,0.93254,0.9555,10194765202,1e+10,0.000739436096230713,0.000748323443793957,1.65158327575261e-05,2.68340714120616e-05,0.000793152875554265,0.000652071698511751,"paired n1=10 n2=10"
"179",4,"paired",10,10,1.03343137973649,1.07912946987296,1.0464696518528,0.045698090136473,0.0130382721163134,0.0496518457041511,0.0608051935799801,-6.75216557568209,14.1941964628829,0.232155174647039,0.231120418355391,0.93088,0.95503,10194739379,1e+10,0.000719779325596068,0.000729706678829439,1.56430969793785e-05,2.66534740085783e-05,0.000802137304954706,0.000655344940470284,"paired n1=10 n2=10"
"180",5,"paired",10,10,1.2588482363055,1.30309378466439,1.26980884133543,0.0442455483588944,0.0109606050299307,0.048313364921492,0.0594900213788011,-6.95339520387184,14.5717032448747,0.22896298079292,0.228130335447853,0.93078,0.95508,10195022759,1e+10,0.000710400469403186,0.000720581947645587,1.55422478746022e-05,2.6712518697322e-05,0.000802674227815992,0.000654997661064526,"paired n1=10 n2=10"
"181",0.2,"paired",20,20,NA,-1.94038207459318,-2.38897026844588,NA,NA,5.46637651079332,0.357121173004785,310.299342480679,-73.1949341249224,NA,NA,NA,NA,2316918609,2276600000,NA,NA,0.0476353579236138,0.000354384977538621,NA,NA,"paired n1=20 n2=20"
"182",0.3,"paired",20,20,NA,-1.75883621010427,-2.0851551138806,NA,NA,3.86767061026763,0.336925129727988,236.566944419098,-70.6805793881422,NA,NA,NA,NA,4724129830,4634600000,NA,NA,0.0291194094158728,0.000310502210187052,NA,NA,"paired n1=20 n2=20"
"183",0.4,"paired",20,20,-1.75327894865999,-1.54257663523552,-1.74782882787651,0.210702313424472,0.00545012078347917,2.44747844046989,0.305218511972861,168.761458674882,-66.4834749364927,0.630762993255962,0.954289215278198,0.855071660244504,0.787638954342583,7371668670,7214600000,0.00221345656419737,0.00355279225930165,0.0188903182747938,0.000306979903030445,0.00131060489667047,0.00152263178795019,"paired n1=20 n2=20"
"184",0.5,"paired",20,20,-1.29513358272291,-1.30125769288575,-1.40087555348052,-0.0061241101628331,-0.105741970757611,1.30278926804125,0.261515943433641,111.865171311882,-57.4711570662075,0.530938777109294,0.791257743358284,0.919021787659613,0.859518707027413,9189251966,8959200000,0.00177371304840082,0.00261982743669661,0.0121928811799124,0.000312837097952953,0.000911407043400702,0.00116092001491152,"paired n1=20 n2=20"
"185",0.6,"paired",20,20,-1.02011041426328,-1.05662811000315,-1.08571296475902,-0.0365176957398692,-0.0656025504957387,0.565050867463577,0.207939223919751,64.2341501350748,-39.5616860593377,0.448291085004716,0.590213650973897,0.936967754527618,0.908502573268822,10039537907,9734700000,0.00143204056948056,0.0018799692822852,0.00699518306199068,0.000303863492300483,0.000778901294881242,0.000924072901853392,"paired n1=20 n2=20"
"186",0.7,"paired",20,20,-0.817377860209195,-0.841565277446922,-0.840633055302781,-0.0241874172377267,-0.0232551950935858,0.223283203219532,0.15574466385857,31.4786443029068,-8.29091948576338,0.361916288423285,0.412751486991595,0.946150986243833,0.943578613129151,10326587797,9951900000,0.00114468306945755,0.00130631350452903,0.00334584447107542,0.000263079824143394,0.000715510643245948,0.000731404993795223,"paired n1=20 n2=20"
"187",0.8,"paired",20,20,-0.654666659991881,-0.662911736449775,-0.657876516564915,-0.00824507645789407,-0.00320985657303408,0.105980415016504,0.114103070461363,16.1364417631866,25.0374854219358,0.297926413776364,0.30210011689659,0.949012976877745,0.958277887280259,10423172976,9994700000,0.000942019566604097,0.000955528551795447,0.00122101238725492,0.000199300232300759,0.000695794549334027,0.0006324759236289,"paired n1=20 n2=20"
"188",0.9,"paired",20,20,-0.51781874475336,-0.515148924805373,-0.515700457755228,0.00266981994798787,0.0021182869981321,0.070359949134031,0.0852233222798082,12.0457352373607,35.7151322838739,0.257170258585712,0.250598482913462,0.950737044222653,0.965727943676621,10460138169,9999400000,0.000813228401776043,0.000792461408929891,0.000512148627797817,0.000134118605833206,0.000684389708434192,0.000575321374944937,"paired n1=20 n2=20"
"189",1,"paired",20,20,-0.399253848108886,-0.392415732670606,-0.398860780743477,0.00683811543827922,0.000393067365408672,0.0557883560271834,0.0680378302148554,6.81731519427136,30.2712406806417,0.23494769353389,0.228533264720475,0.94857,0.96753,10474108838,1e+10,0.000742658807368843,0.000722688182137041,6.93674413074624e-05,8.70915053819587e-05,0.000698462276003507,0.000560497092766769,"paired n1=20 n2=20"
"190",1.2,"paired",20,20,-0.200238783298563,-0.188729436378205,-0.202538220649706,0.0115093469203578,-0.00229943735114374,0.0426295258375043,0.0507678265913756,1.41378845935731,20.7744521040283,0.20745873853858,0.205036834677482,0.94601,0.96699,10479666079,1e+10,0.00065503505402694,0.00064834586845907,2.86248576142062e-05,3.61364359720662e-05,0.000714668313975091,0.000564980883747406,"paired n1=20 n2=20"
"191",1.4,"paired",20,20,-0.0362853464174178,-0.0201560638387404,-0.0374548521593107,0.0161292825786773,-0.00116950574189292,0.0360480585838097,0.0430644314122377,-0.316465173803615,19.0858791596666,0.191197228418168,0.190167048728015,0.94445,0.96574,10479913791,1e+10,0.000602466508315442,0.000601352644487792,1.66368010243439e-05,1.91760492677214e-05,0.000724321734452308,0.000575206505526493,"paired n1=20 n2=20"
"192",1.6,"paired",20,20,0.103507084692163,0.120377414630034,0.101226841198777,0.0168703299378705,-0.00228024349338633,0.0322709425506507,0.0389237179166732,-1.70908805972987,18.5539506362668,0.181617697195382,0.181209665181558,0.94356,0.96469,10479937136,1e+10,0.000571845319202754,0.000572992771032404,1.12322971477961e-05,1.31114097489795e-05,0.000729756989689034,0.000583636906817929,"paired n1=20 n2=20"
"193",1.8,"paired",20,20,0.225537809680109,0.244051540296305,0.223750314992599,0.0185137306161963,-0.00178749468750938,0.0298209427838735,0.0363075867255694,-2.69716193596707,18.468126821409,0.175331649778559,0.175072686870278,0.94111,0.96428,10479932711,1e+10,0.000551350461866808,0.000553602357530118,8.34539328741798e-06,1.04723915727974e-05,0.000744459319909423,0.000586890804153549,"paired n1=20 n2=20"
"194",2,"paired",20,20,0.333914686287828,0.35287428141315,0.331780033924949,0.0189595951253226,-0.00213465236287869,0.0281476362863413,0.0345585136506432,-3.00848749266821,19.0822019612235,0.170503765574128,0.170367213931832,0.9419,0.96444,10479939175,1e+10,0.000535839107859721,0.000538708836472862,6.70123028727879e-06,9.25227634228576e-06,0.000739759352762775,0.000585623483135709,"paired n1=20 n2=20"
"195",2.5,"paired",20,20,0.561652450629241,0.582192660692365,0.560048754347231,0.0205402100631239,-0.00160369628200996,0.0256894363275411,0.0319871463121716,-3.13150483060269,20.6155981204428,0.16300467513744,0.162856425072421,0.94199,0.96561,10479927613,1e+10,0.000511359808511375,0.000514974839625097,5.15080246287579e-06,8.46771838724163e-06,0.000739221481695439,0.000576257996907635,"paired n1=20 n2=20"
"196",3,"paired",20,20,0.746452048089074,0.766803009136876,0.744098619822507,0.0203509610478018,-0.00235342826656726,0.0244126848679929,0.0306759005379361,-3.39295660088713,21.3921398076403,0.159021989915332,0.158982306908985,0.94092,0.96555,10479933743,1e+10,0.00049873921443844,0.000502693624252155,4.86636631197025e-06,8.50607386607672e-06,0.000745584023433979,0.00057674255521853,"paired n1=20 n2=20"
"197",4,"paired",20,20,1.03658596433312,1.05786405411647,1.03463699210329,0.0212780897833458,-0.00194897222982826,0.0231650322123855,0.0293955192405264,-3.70621150214473,22.1930488410223,0.155233937144217,0.155113440460277,0.94011,0.96552,10479940784,1e+10,0.000486261807949302,0.000490475498724307,4.96091047874088e-06,8.7810582631009e-06,0.000750354502218785,0.0005769846583749,"paired n1=20 n2=20"
"198",5,"paired",20,20,1.26086031145536,1.2823666969672,1.25890574278575,0.0215063855118367,-0.00195456866960497,0.022600417088659,0.0288183017729768,-5.07947217970268,21.0353067576009,0.154439095534405,0.154315952064701,0.93834,0.96548,10479936659,1e+10,0.000483623236653663,0.000487953182398262,5.11127497332775e-06,8.96971319566157e-06,0.000760644755454214,0.000577307280397537,"paired n1=20 n2=20"
"199",0.2,"paired",100,100,-2.30258509299405,-2.27052094136376,-2.38949220152322,0.0320641516302875,-0.0869071085291733,1.78004391301153,0.252628952830753,149.957533803862,-64.5253077435634,0.540535699043348,0.848341151869767,0.900227612984895,0.82394683350171,8406647767,8215700000,0.00188251870511612,0.00294415015958173,0.0151828903906071,0.000288418038001859,0.00104558431612372,0.00132876820799298,"paired n1=100 n2=100"
"200",0.3,"paired",100,100,-1.67620360874636,-1.72571419998235,-1.70289217238522,-0.0495105912359854,-0.0266885636388607,0.234529372554337,0.135141420684261,43.4624024543651,-17.3335404802301,0.344521510036102,0.405201886147089,0.947536363178821,0.930605465800997,10287552067,9934500000,0.00108171792441109,0.00128279294896721,0.00385633115555325,0.00025493554005855,0.000707382207953371,0.000806255007407844,"paired n1=100 n2=100"
"201",0.4,"paired",100,100,-1.32963001846639,-1.34576673551842,-1.32625821742509,-0.0161367170520299,0.00337180104130175,0.0460062901328969,0.0541683828371884,17.6617340470234,38.536400929863,0.208216582281329,0.197766142890157,0.956809136182724,0.95709914198284,10291534212,9999800000,0.000656468158793942,0.000625309933304488,0.00033083592924682,0.000111564124947422,0.00064285487961737,0.000640790103095111,"paired n1=100 n2=100"
"202",0.5,"paired",100,100,-1.08141157530944,-1.08827048956595,-1.08060895046509,-0.00685891425650409,0.000802624844357114,0.0255970220018179,0.0276938594689412,7.57371794342578,16.3858603186408,0.15892472083099,0.154257162641931,0.95376,0.96137,10062552782,1e+10,0.000502098339861553,0.000487799815173789,2.65226828295085e-05,3.45303517316241e-05,0.000664092330929969,0.000609407278427162,"paired n1=100 n2=100"
"203",0.6,"paired",100,100,-0.885978420965938,-0.888736216231981,-0.885826666842758,-0.00275779526604336,0.000151754123179915,0.0178066378677941,0.0185631334086805,3.7933340993785,8.20288041591979,0.132830294819429,0.130979808732766,0.95128,0.95743,10002677002,1e+10,0.000419957833022177,0.000414196316074228,1.27827392321158e-05,1.42626299987615e-05,0.00068078162137355,0.000638418319755942,"paired n1=100 n2=100"
"204",0.7,"paired",100,100,-0.724084882418989,-0.724742348827702,-0.724117025263188,-0.000657466408713003,-3.21428441988347e-05,0.013713145142504,0.0141450805649955,2.43179288251338,5.65818035785224,0.11661479496914,0.115704165516269,0.95084,0.95556,10000024993,1e+10,0.000368764343866885,0.000365890513139126,7.5057134915715e-06,7.95764971193998e-06,0.000683690678596688,0.000651652410415246,"paired n1=100 n2=100"
"205",0.8,"paired",100,100,-0.585591490751473,-0.584565133621843,-0.585249726531209,0.00102635712963006,0.00034176422026333,0.0112521113722112,0.0115655806098243,1.03518452703084,3.8498938040828,0.106041562350166,0.105531180798814,0.94965,0.95387,1e+10,1e+10,0.000335318832984763,0.000333718814067421,4.91264123218586e-06,5.1014572077397e-06,0.000691483025822037,0.000663340207585821,"paired n1=100 n2=100"
"206",0.9,"paired",100,100,-0.464434757040508,-0.462540549523129,-0.464054666412169,0.00189420751737862,0.000380090628338936,0.00965366937255607,0.00991333481861022,1.0694291689517,3.78800563917989,0.0980523682283061,0.0977321418849101,0.94971,0.954,1e+10,1e+10,0.000310012499761066,0.000309055376975592,3.44016685616806e-06,3.53236474228785e-06,0.00069109272822104,0.000662449998113065,"paired n1=100 n2=100"
"207",1,"paired",100,100,-0.356674943938733,-0.354641798629696,-0.356721570203918,0.00203314530903698,-4.66262651849791e-05,0.00854570112935161,0.00877778226393531,0.424504380561075,3.15179762003521,0.0924450842328602,0.0922469223221379,0.94946,0.95318,1e+10,1e+10,0.000292267776866117,0.000291711802978106,2.51951583023396e-06,2.56785836876723e-06,0.000692717174610245,0.000668041073587545,"paired n1=100 n2=100"
"208",1.2,"paired",100,100,-0.171245154473388,-0.168469198308615,-0.171250836032831,0.00277595616477319,-5.68155944255522e-06,0.00714648862298801,0.00735365536876972,-0.626128445944385,2.25458160225491,0.0849012237487142,0.0848023871845543,0.94829,0.95193,1e+10,1e+10,0.000268339036803053,0.000268170034774329,1.5011954107449e-06,1.51747968579416e-06,0.000700257637587767,0.000676456022960842,"paired n1=100 n2=100"
"209",1.4,"paired",100,100,-0.0152296037423545,-0.0122601093369916,-0.0154479961191424,0.00296949440536292,-0.000218392376787868,0.00632751879424877,0.00652466696602927,0.304395776312028,3.42960628802507,0.0794730013907116,0.0794248144926619,0.94932,0.95307,1e+10,1e+10,0.000251141456654527,0.00025116362286623,9.75925477761207e-07,9.84794740845651e-07,0.000693624809244882,0.000668786775437434,"paired n1=100 n2=100"
"210",1.6,"paired",100,100,0.11950845023525,0.123042569002482,0.11959761594707,0.0035341187672322,8.91657118198552e-05,0.0058040392015057,0.00599624448646802,-0.146841838168055,3.15987337386971,0.0762879672876375,0.0762399128902635,0.94976,0.9537,1e+10,1e+10,0.00024098593385588,0.000241092813927245,6.93053474906574e-07,7.04319092012e-07,0.000690767271951994,0.000664502144466066,"paired n1=100 n2=100"
"211",1.8,"paired",100,100,0.238117089498186,0.2414567813553,0.23783636928188,0.00333969185711389,-0.000280720216305402,0.00545012499293298,0.00563997812545741,-1.13084088120965,2.31323051038181,0.0742672879199311,0.0742461167194354,0.94794,0.95264,1e+10,1e+10,0.000234617381252903,0.000234786331985016,5.2896500074997e-07,5.4708382045273e-07,0.000702493817766391,0.000671692119947822,"paired n1=100 n2=100"
"212",2,"paired",100,100,0.3440673193682,0.347232482745513,0.343489561495186,0.00316516337731237,-0.000577757873014562,0.00519883258650555,0.0053874018006374,-0.433189373285525,3.17824356306811,0.0722642949847901,0.0722615592730318,0.94874,0.95322,1e+10,1e+10,0.000228301602974345,0.000228504953095632,4.35526710235987e-07,4.61589829629472e-07,0.000697369431506716,0.000667769657891103,"paired n1=100 n2=100"
"213",2.5,"paired",100,100,0.568114576119708,0.572146863668061,0.568220045868645,0.00403228754835327,0.000105469748937104,0.00481426848879756,0.00500100565883043,-0.859664395014059,2.98581820531523,0.0697215615824603,0.0696848367662559,0.94763,0.953,1e+10,1e+10,0.000220111000531022,0.000220363651980332,3.64117709266108e-07,4.0452049640998e-07,0.000704467054588077,0.000669260786241059,"paired n1=100 n2=100"
"214",3,"paired",100,100,0.750926350877081,0.754755227293583,0.750729360260547,0.00382887641650209,-0.000196990616534332,0.00460784361592522,0.004793834727395,-1.07027423501501,2.92292761516004,0.0682682174420558,0.0682472412631677,0.94722,0.95249,1e+10,1e+10,0.000215544326704734,0.000215816906466271,3.6915450386547e-07,4.1470704458231e-07,0.000707066274121458,0.000672702013524562,"paired n1=100 n2=100"
"215",4,"paired",100,100,1.03909537988909,1.04274441048565,1.03861820655224,0.00364903059656307,-0.000477173336855374,0.0044042131143309,0.00459005262040236,-0.329327003921454,3.87636153988002,0.0664836863773457,0.0664751743769786,0.94945,0.95456,1e+10,1e+10,0.000209924014779601,0.000210208594060979,3.9710174362232e-07,4.44837731321399e-07,0.000692782054473122,0.000658598560581482,"paired n1=100 n2=100"
"216",5,"paired",100,100,1.26246416206874,1.2662973844429,1.26212657694493,0.00383322237415795,-0.000337585123811213,0.00430923829941447,0.00449489243393637,-1.22947516236591,3.02583750101046,0.066070511904784,0.0660526240635801,0.94728,0.9529,1e+10,1e+10,0.000208582416713756,0.00020887505381823,4.17259673909985e-07,4.64891887698556e-07,0.000706686646258439,0.000669937235866167,"paired n1=100 n2=100"
