"theta","design","n1","n2","true_lnM","delta_mean","safe_mean","delta_bias","safe_bias","mean_var_delta","mean_var_safe","relbias_delta","relbias_safe","rmse_delta","rmse_safe","cover_delta","cover_safe","boot_keep","boot_tried","mcse_bias_delta","mcse_bias_safe","mcse_varbar_delta","mcse_varbar_safe","mcse_cover_delta","mcse_cover_safe","delta_fail_prop","safe_fail_prop","boot_accept_prop"
0.2,"indep",5,5,NA,-0.800734009134731,-0.983483343938338,NA,NA,5.8324307630957,0.477670805031713,135.308156363946,-80.7284747909745,NA,NA,NA,NA,1e+06,2820000,NA,NA,1.1862336115217,0.00676733307425915,NA,NA,0.57,0,0.354609929078014
0.3,"indep",5,5,NA,-0.756421523345449,-0.922724613803028,NA,NA,6.51136785246719,0.487356193412779,331.845838683279,-67.6776448742507,NA,NA,NA,NA,1e+06,3005000,NA,NA,1.31516886172494,0.00648100883766803,NA,NA,0.64,0,0.332778702163062
0.4,"indep",5,5,NA,-0.846546493245578,-0.925472578958222,NA,NA,6.54657165329315,0.490220681685198,389.445473709474,-63.3493213735931,NA,NA,NA,NA,1e+06,3035000,NA,NA,1.39704112959334,0.00455146429328276,NA,NA,0.7,0,0.329489291598023
0.5,"indep",5,5,NA,-0.560242613659821,-0.819968453680177,NA,NA,4.04629703366252,0.464271392333906,168.147574627246,-69.2327956184507,NA,NA,NA,NA,1e+06,2640000,NA,NA,0.925786371261734,0.00793169501759647,NA,NA,0.48,0,0.378787878787879
0.6,"indep",5,5,NA,-0.705707196126139,-0.939736743106736,NA,NA,5.48446647115403,0.470534140328691,189.075184437846,-75.199092908084,NA,NA,NA,NA,1e+06,2565000,NA,NA,0.971124766875915,0.00785983033063262,NA,NA,0.46,0,0.389863547758285
0.7,"indep",5,5,-1.55054639460591,-0.462143118671773,-0.727195761418532,1.08840327593414,0.823350633187377,3.20010811165764,0.450154005496433,157.935629224356,-63.7166143754305,1.28224254244825,1.17778758978664,0.586206896551724,0.5,1e+06,2490000,0.0897876878403675,0.0846428826940657,0.710054353733876,0.0089049667393571,0.0646700339637914,0.0656532164298613,0.42,0,0.401606425702811
0.8,"indep",5,5,-1.06013176810005,-0.403733176390897,-0.667333575348625,0.656398591709148,0.39279819275142,3.55503423630847,0.442640992702437,194.981149532758,-63.2715917264217,0.940192400287592,0.906804360708466,0.767857142857143,0.642857142857143,1e+06,2415000,0.0907646946140295,0.082143243226628,0.876146560808695,0.00939397548824496,0.0564188024351951,0.0640301040714854,0.44,0,0.41407867494824
0.9,"indep",5,5,-0.792372649921864,-0.404535541449952,-0.679353107704544,0.387837108471912,0.11301954221732,3.66567137147448,0.434683307764333,148.712078508862,-70.5071791736508,0.837304095510685,0.941299652328063,0.766666666666667,0.666666666666667,1e+06,2375000,0.096608639615326,0.0939197819412832,0.826690738518243,0.0101040874922082,0.0546029438902472,0.0608580619450185,0.4,0,0.421052631578947
1,"indep",5,5,-0.601986402162968,-0.322843719336976,-0.592506717770064,0.279142682825992,0.0094796843929037,3.10301168925532,0.420778527263338,126.737424968548,-69.2536640825085,0.766277307155349,0.963833334429383,0.794117647058823,0.735294117647059,1e+06,2255000,0.0871831383538312,0.0968642094487538,0.729205072975948,0.010395202841175,0.0490340232552539,0.0535005055227205,0.32,0,0.443458980044346
1.2,"indep",5,5,-0.326963233703332,-0.142666969371048,-0.33225116161304,0.184296264332284,-0.00528792790970811,1.90280660931555,0.367904406240172,54.9037826871212,-70.0496183296518,0.732030889200854,1.04068947478092,0.827586206896552,0.770114942528736,1e+06,1905000,0.0763943342061863,0.104591877387957,0.486005210246141,0.0121772438928589,0.0404979461734278,0.0451100719979828,0.13,0,0.5249343832021
1.4,"indep",5,5,-0.12423067964925,0.0172298172739831,-0.0928261094597482,0.141460496923233,0.0314045701895016,0.933835346167497,0.337185782153338,71.4547592552686,-38.091755317826,0.555636719318097,0.727656166790135,0.866666666666667,0.844444444444444,1e+06,1765000,0.0569566256875964,0.073064054506982,0.251315511018206,0.0119963113074568,0.0358322566591047,0.038203842839193,0.1,0,0.56657223796034
1.6,"indep",5,5,0.0384805205680643,-0.18177074016183,-0.329326003148952,-0.220251260729894,-0.367806523717016,2.28259941161255,0.35503970844478,174.14507994892,-57.358970320651,0.658545605104314,0.965892882583021,0.979166666666667,0.802083333333333,1e+06,1760000,0.0636744761017523,0.0897621673323423,0.459158927160008,0.0115932178936082,0.0145771316178357,0.0406644884648323,0.04,0,0.568181818181818
1.8,"indep",5,5,0.175328435806585,0.0737988800005749,0.0315881627625765,-0.10152955580601,-0.143740273044008,0.862863020026807,0.316919001180742,109.13084094035,-23.1888078540611,0.519246874818985,0.65860652700902,0.938144329896907,0.876288659793814,1e+06,1655000,0.0519724552755189,0.06459675159329,0.245379522616887,0.0120817654297483,0.0244590012902277,0.0334304701606269,0.03,0,0.604229607250755
2,"indep",5,5,0.29389333245106,0.191561743445751,0.145292342212646,-0.102331589005309,-0.148600990238414,0.90592261976687,0.28748675626337,102.639237052815,-35.6941799654044,0.545212921335213,0.687796543936386,0.9375,0.885416666666667,1e+06,1630000,0.0549435476296521,0.0674934962486659,0.298719254613471,0.0127408550492587,0.0247052942200655,0.0325086515817257,0.04,0,0.613496932515337
2.5,"indep",5,5,0.53664724034191,0.578797674394234,0.598810714135361,0.0421504340523239,0.0621634737934513,0.313286687596062,0.190209590376357,10.8350708471613,-32.7073435933698,0.480461517069411,0.532633029679686,0.91,0.87,1e+06,1525000,0.0481020180905357,0.0531658019148533,0.0933134940587434,0.0103666864725085,0.0286181760425084,0.0336303434416005,0,0,0.655737704918033
3,"indep",5,5,0.729307511349758,0.846651528090675,0.874244065977704,0.117344016740917,0.144936554627946,0.117694028969092,0.132422244572102,24.1813797937371,39.7214216420941,0.346670469420222,0.338872767795147,0.89,0.92,1e+06,1500000,0.0327850045950033,0.030785695859486,0.00396424591888497,0.00529676012877772,0.031288975694324,0.0271293199325011,0,0,0.666666666666667
4,"indep",5,5,1.02706186684777,1.07961923712576,1.09610751601449,0.0525573702779856,0.0690456491667208,0.0953290236815548,0.102731879752377,0.283631720394051,8.07124207466874,0.320719304768328,0.314445722937834,0.92,0.91,1e+06,1500000,0.0317977502667355,0.0308317052813495,0.00215378176942956,0.00336644725481064,0.0271293199325011,0.0286181760425084,0,0,0.666666666666667
5,"indep",5,5,1.25479963118919,1.32122134795763,1.32801165156083,0.066421716768446,0.0732120203716486,0.0816045668220963,0.0881682806119301,12.5669446333852,21.6210605431035,0.280337617559232,0.277721643807706,0.97,0.95,1e+06,1500000,0.0273727239006386,0.0269247570189379,0.00113634464027346,0.00248695366049331,0.017058722109232,0.0217944947177034,0,0,0.666666666666667
0.2,"indep",10,10,NA,-0.869422469040838,-1.12427253233361,NA,NA,3.81002993583502,0.450594605832587,341.783323901312,-47.752331071096,NA,NA,NA,NA,1e+06,2625000,NA,NA,1.07688221785293,0.00650596767987408,NA,NA,0.7,0,0.380952380952381
0.3,"indep",10,10,NA,-0.933262184462183,-1.15296966327731,NA,NA,3.84327429325097,0.448592943447203,323.964671137896,-50.5141852411223,NA,NA,NA,NA,1e+06,2460000,NA,NA,0.967062284958318,0.00622037876796701,NA,NA,0.61,0,0.40650406504065
0.4,"indep",10,10,NA,-0.969935745610649,-1.19591846878053,NA,NA,3.71179189613367,0.441215022794274,272.083511771858,-55.7710023294145,NA,NA,NA,NA,1e+06,2345000,NA,NA,0.81607180447873,0.00634552348944288,NA,NA,0.51,0,0.426439232409382
0.5,"indep",10,10,-1.84443972705697,-1.07853311711289,-1.32715902012346,0.765906609944075,0.517280706933503,5.64381385415335,0.432339844077569,248.991827731257,-73.2657603023812,1.05895033597241,1.1096775507257,0.758620689655172,0.586206896551724,1e+06,2220000,0.0968597175970655,0.0986681478604505,0.95826903978509,0.00683471484801269,0.0561886199795989,0.0646700339637914,0.42,0,0.45045045045045
0.6,"indep",10,10,-1.26286432215413,-0.681244657377865,-0.96897075911909,0.581619664776263,0.293893563035038,2.59737236699572,0.393330580264665,104.878346063262,-68.9744451874888,0.912572507026908,0.947312728697524,0.734375,0.65625,1e+06,2085000,0.0885963869454755,0.0905107828588752,0.670019658388422,0.010957509319281,0.0552081797855569,0.0593698599748854,0.36,0,0.479616306954436
0.7,"indep",10,10,-0.965510768280782,-0.775780248614375,-1.06760268005301,0.189730519666406,-0.102091911772225,3.05930955667668,0.3976995699258,83.3635047599429,-76.163384047238,0.78992779091132,1.0480735243154,0.848484848484849,0.742424242424242,1e+06,2100000,0.0951103201357531,0.104834422305931,0.745010698151389,0.0100670545102221,0.0441344897729951,0.0538277959463313,0.34,0,0.476190476190476
0.8,"indep",10,10,-0.757063866314888,-0.608747505628309,-0.862637817596314,0.148316360686579,-0.105573951281426,2.79733118720965,0.354169918973808,133.862181177319,-70.3907245100894,0.738118164895715,0.991302864069188,0.753086419753086,0.679012345679012,1e+06,1855000,0.0808409458830816,0.0990630606792329,0.627822879179416,0.0127773467133956,0.047912892171668,0.0518728954765131,0.19,0,0.539083557951482
0.9,"indep",10,10,-0.593721751187363,-0.536222757145157,-0.722729693388545,0.0574989940422054,-0.129007942201182,1.9946540453403,0.347783362235113,177.135932326808,-51.6792064438742,0.574900931442202,0.797125306303596,0.880952380952381,0.833333333333333,1e+06,1740000,0.0627871664671919,0.0790579447894358,0.524570282134539,0.0110569457662626,0.0353343356967062,0.0406625030395222,0.16,0,0.574712643678161
1,"indep",10,10,-0.458145365937078,-0.523183986582973,-0.685037556200708,-0.0650386206458956,-0.22689219026363,1.89851015111147,0.339930640757419,177.230981347048,-50.3614425912138,0.567783341173633,0.818343718189718,0.932584269662921,0.842696629213483,1e+06,1700000,0.0601275065947711,0.079022204723566,0.461943279019645,0.0107080183512743,0.02657845068662,0.0385930977594566,0.11,0,0.588235294117647
1.2,"indep",10,10,-0.2390179004715,-0.221852123964447,-0.262401480217935,0.0171657765070532,-0.0233835797464349,0.576384452129682,0.261890113244369,76.9037159328223,-19.620777368622,0.453552165365889,0.572479011789713,0.918367346938776,0.887755102040816,1e+06,1555000,0.0460182508421059,0.0574882884109792,0.132202852108159,0.0113246072479107,0.0276584051909771,0.031887234481381,0.02,0,0.643086816720257
1.4,"indep",10,10,-0.0639166857549427,-0.166239765653493,-0.203390169324919,-0.102323079898551,-0.139473483569977,0.654741132754683,0.248730652819979,64.4244377904017,-37.5365381748698,0.492646009626874,0.64693788366066,0.938775510204082,0.908163265306122,1e+06,1545000,0.0489297917092953,0.0634906954684906,0.233590814672389,0.0110261604742143,0.02421756228256,0.0291727348340955,0.02,0,0.647249190938511
1.6,"indep",10,10,0.0827572192387867,0.0534860116237804,0.0580492065091419,-0.0292712076150063,-0.0247080127296447,0.397957432814018,0.193018073792017,63.823097532663,-20.5422084849612,0.432590259353712,0.491019650742304,0.91,0.89,1e+06,1505000,0.0433773120528929,0.0492868138083017,0.199600690190708,0.0101277324168734,0.0286181760425084,0.031288975694324,0,0,0.664451827242525
1.8,"indep",10,10,0.209355167429093,0.190925915740394,0.2038736986099,-0.0184292516886989,-0.00548146881919206,0.150354999276979,0.155321747409173,20.8029013955537,24.7934410367704,0.344039049972248,0.351067636549502,0.96,0.96,1e+06,1500000,0.0345275809219709,0.0352793239204382,0.0171851321784237,0.00892102213541265,0.0195959179422654,0.0195959179422654,0,0,0.666666666666667
2,"indep",10,10,0.320926943086197,0.368008749237727,0.381811882860305,0.0470818061515296,0.060884939774108,0.0947772052870878,0.118770043416702,15.1138825856344,44.2549481296387,0.307461764910114,0.291919628169585,0.91,0.93,1e+06,1500000,0.0305366215662163,0.0286938020653129,0.00439814784639227,0.00585253417533025,0.0286181760425084,0.0255147016443461,0,0,0.666666666666667
2.5,"indep",10,10,0.553455545741402,0.601851164987606,0.600598572414677,0.0483956192462038,0.0471430266732744,0.0673797820294447,0.0819748329707978,6.34827008224175,29.3842368459337,0.267838936372361,0.254846138991642,0.94,0.97,1e+06,1500000,0.0264757483607386,0.0251709487818013,0.00291910372405195,0.00382660318798789,0.0237486841740758,0.017058722109232,0,0,0.666666666666667
3,"indep",10,10,0.740802270462108,0.814868438916348,0.805029883331444,0.0740661684542407,0.064227612869336,0.0514835842574539,0.0621205370297317,19.2024389272742,43.8306914372221,0.225699948278646,0.216525583974974,0.95,0.99,1e+06,1500000,0.0214275074186589,0.020782214195722,0.00122920172852459,0.0016804359977404,0.0217944947177034,0.0099498743710662,0,0,0.666666666666667
4,"indep",10,10,1.03343137973649,1.06103972435057,1.04661098402002,0.0276083446140867,0.0131796042835322,0.0418700571517647,0.050465606019578,0.343093873854472,20.9426350642093,0.207510988573041,0.203674563345395,0.95,0.98,1e+06,1500000,0.0206702317761339,0.0204271619987185,0.000647391113174715,0.0010417833568095,0.0217944947177034,0.014,0,0,0.666666666666667
5,"indep",10,10,1.2588482363055,1.27892761787888,1.2625763092622,0.0200793815733886,0.00372807295670019,0.0367038478570367,0.0437881041573657,-1.38613980784705,17.6474466184897,0.195405053515666,0.19199340279638,0.95,0.98,1e+06,1500000,0.0195349863234526,0.0192924248988667,0.000354240396864051,0.000524694627819499,0.0217944947177034,0.014,0,0,0.666666666666667
0.2,"indep",20,20,NA,-1.44215944704095,-1.64216324808673,NA,NA,6.44892426748736,0.427887225402567,303.060626297496,-73.2568586787495,NA,NA,NA,NA,1e+06,2480000,NA,NA,1.30340964936445,0.00628958301101552,NA,NA,0.61,0,0.403225806451613
0.3,"indep",20,20,NA,-1.42889639637458,-1.6348317234151,NA,NA,5.834081207604,0.421300746784977,375.441403011497,-65.6666043866222,NA,NA,NA,NA,1e+06,2255000,NA,NA,1.12196365657443,0.00574168476822409,NA,NA,0.51,0,0.443458980044346
0.4,"indep",20,20,-1.75327894865999,-1.32062473171225,-1.57365341128832,0.432654216947736,0.179625537371669,4.26707040683187,0.405473285051831,389.592947487871,-53.477013072417,0.718534720703225,0.762240574010486,0.857142857142857,0.746031746031746,1e+06,2110000,0.0728567389463294,0.0744505366942262,0.795780988463213,0.00747708544543208,0.0440866714177406,0.0548400820777538,0.37,0,0.4739336492891
0.5,"indep",20,20,-1.29513358272291,-1.11390339104614,-1.37078426283884,0.181230191676774,-0.075650680115924,2.81336452107902,0.371545840501048,123.886428214378,-70.4325299745429,0.705263802398775,0.942996259503826,0.859154929577465,0.788732394366197,1e+06,1920000,0.0814645101167003,0.094469220043987,0.641090586586967,0.00971109431884429,0.0412835841194704,0.0484453524629706,0.29,0,0.520833333333333
0.6,"indep",20,20,-1.02011041426328,-0.987671841663084,-1.19430801922954,0.0324385726001934,-0.174197604966266,1.69749928721239,0.349381851713165,121.34405733521,-54.4426338202022,0.563462556974474,0.807971477028748,0.925,0.9125,1e+06,1810000,0.063289348806916,0.0792944329198534,0.380516216618763,0.00980273915027199,0.0294480474734744,0.0315918798902503,0.2,0,0.552486187845304
0.7,"indep",20,20,-0.817377860209195,-0.908584025388509,-1.08725252970138,-0.0912061651793135,-0.269874669492189,1.61003596992853,0.323363919993627,73.5693472323075,-65.1398691954282,0.616241692083259,0.94383144477601,0.919540229885057,0.850574712643678,1e+06,1695000,0.0657192105374211,0.090898181406309,0.447054673527481,0.0105170307322463,0.0291618542186738,0.0382215818637866,0.13,0,0.589970501474926
0.8,"indep",20,20,-0.654666659991881,-0.61858353269349,-0.67126587855262,0.0360831272983915,-0.0165992185607393,0.6759791043167,0.256890272154738,106.738371930423,-21.4338486339483,0.447300721704435,0.579542845047664,0.927083333333333,0.895833333333333,1e+06,1580000,0.045742522375584,0.0582223511516617,0.182339067449607,0.0111211376413531,0.026536104804918,0.0311775781181736,0.04,0,0.632911392405063
0.9,"indep",20,20,-0.51781874475336,-0.55654415834084,-0.601386481894798,-0.0387254135874792,-0.0835677371414373,0.535245111673526,0.239714151158317,55.5850622306673,-30.3198846432679,0.481370351073896,0.599458106414981,0.876288659793814,0.824742268041237,1e+06,1555000,0.0489704159454423,0.0596595098683712,0.108587761242295,0.0118819332899687,0.0334304701606269,0.0386021818927474,0.03,0,0.643086816720257
1,"indep",20,20,-0.399253848108886,-0.406831553342058,-0.40566116436488,-0.00757770523317269,-0.00640731625599422,0.292093755731443,0.199298115933316,46.1265802497151,-0.296560401918633,0.388331207956891,0.457760378491061,0.919191919191919,0.888888888888889,1e+06,1525000,0.0392199066302858,0.0460021420685571,0.0644412117725344,0.0103804464172514,0.0273913159733053,0.0315852913119423,0.01,0,0.655737704918033
1.2,"indep",20,20,-0.200238783298563,-0.255840907220966,-0.247802934252814,-0.0556021239224035,-0.0475641509542517,0.357226669216606,0.154507176069629,24.1232983308305,-46.3143657454195,0.424286163195211,0.535895700853802,0.97,0.95,1e+06,1505000,0.0422746135458005,0.0536469805543789,0.200094586786769,0.0094358840218694,0.017058722109232,0.0217944947177034,0,0,0.664451827242525
1.4,"indep",20,20,-0.0362853464174178,-0.063069211649614,-0.0400946075102084,-0.0267838652321962,-0.00380926109279061,0.0930786356319095,0.113736304940875,16.7031805901102,42.6040298619978,0.299857422444931,0.281022541654084,0.92,0.93,1e+06,1500000,0.0300163420739506,0.0282412332777263,0.00594241272386942,0.00698894600257513,0.0271293199325011,0.0255147016443461,0,0,0.666666666666667
1.6,"indep",20,20,0.103507084692163,0.083665525720241,0.0920702977673109,-0.0198415589719223,-0.0114367869248524,0.0872614814265993,0.0844037954350626,-17.3745225905796,-20.0803862256766,0.317859326092612,0.323551474226401,0.93,0.91,1e+06,1500000,0.0318837635956986,0.0324978253163508,0.015243861513011,0.00662459626768632,0.0255147016443461,0.0286181760425084,0,0,0.666666666666667
1.8,"indep",20,20,0.225537809680109,0.19507291339557,0.202677710420456,-0.0304648962845385,-0.0228600992596528,0.0538839191408572,0.063252185359337,31.5850371547486,54.4624313400489,0.214387739959946,0.202639997518807,0.94,0.97,1e+06,1500000,0.0213281227394951,0.0202360775075488,0.0021568693842488,0.00301449688513425,0.0237486841740758,0.017058722109232,0,0,0.666666666666667
2,"indep",20,20,0.333914686287828,0.355429888640943,0.356009769226484,0.0215152023531153,0.0220950829386563,0.0415686075987394,0.0470594588934861,10.7854520787092,25.4192461393004,0.200100897521128,0.193996638912127,0.94,0.95,1e+06,1500000,0.0199943085983971,0.0193705241083894,0.00113457133840749,0.00137352846034572,0.0237486841740758,0.0217944947177034,0,0,0.666666666666667
2.5,"indep",20,20,0.561652450629241,0.555207923482527,0.550787335915016,-0.0064445271467134,-0.0108651147142244,0.0318695729635659,0.0357643118367568,1.86226158657892,14.3107154885481,0.180589983678402,0.176329549267536,0.95,0.96,1e+06,1500000,0.0181384156967495,0.0176881114063265,0.00088032807657694,0.00112950426517996,0.0217944947177034,0.0195959179422654,0,0,0.666666666666667
3,"indep",20,20,0.746452048089074,0.750108521188057,0.742160224463147,0.00365647309898298,-0.0042918236259275,0.0255482859722107,0.0287635740024867,-14.1392524629073,-3.33355559044982,0.174071933482489,0.17168679229377,0.9,0.95,1e+06,1500000,0.0174910274922727,0.0172497796496212,0.000447048050242181,0.000483254008992606,0.03,0.0217944947177034,0,0,0.666666666666667
4,"indep",20,20,1.03658596433312,1.02469009286195,1.01380049376571,-0.0118958714711739,-0.0227854705674146,0.020090558928165,0.0229578048072873,12.3796436753429,28.4180262498384,0.134296393275936,0.134973345954075,0.98,0.99,1e+06,1500000,0.0134442393088864,0.0133706396457296,0.00020118946237422,0.000263075515069422,0.014,0.0099498743710662,0,0,0.666666666666667
5,"indep",20,20,1.26086031145536,1.26345411811992,1.25081981140922,0.00259380666456011,-0.0100405000461372,0.017436287793772,0.0204252611051852,-5.65270911766563,10.5205462097759,0.135709863688417,0.135635411597722,0.95,0.96,1e+06,1500000,0.0136368630198953,0.0135944705181094,0.000115377640917952,0.000173228305222706,0.0217944947177034,0.0195959179422654,0,0,0.666666666666667
0.2,"indep",100,100,-2.30258509299405,-1.89755017102348,-2.14823615905891,0.405034921970565,0.154348933935138,2.97454856236074,0.361191246568072,271.833399975783,-54.8492934516731,0.702545616808997,0.756567853270416,0.779411764705882,0.720588235294118,1e+06,1995000,0.070129630044487,0.0744387296823376,0.66883931821739,0.00930288678405822,0.0502828858945222,0.0544141026337716,0.32,0,0.50125313283208
0.3,"indep",100,100,-1.67620360874636,-1.61388816671513,-1.77099605889267,0.0623154420312324,-0.094792450146308,1.41236015096222,0.300275660783204,101.272888141199,-57.2082592084127,0.557014704690176,0.80425958201221,0.882352941176471,0.835294117647059,1e+06,1715000,0.0603937641575149,0.0802677254192301,0.43006146580106,0.0113245610192253,0.034946383869765,0.0402313683104702,0.15,0,0.583090379008746
0.4,"indep",100,100,-1.32963001846639,-1.35732718978413,-1.39757890359374,-0.0276971713177396,-0.0679488851273533,0.741112300498747,0.219734428794563,102.163428456661,-40.0600078487698,0.459571082976155,0.619096388495062,0.96875,0.927083333333333,1e+06,1560000,0.0470652902621647,0.0618456278929278,0.2549712566581,0.011182709130414,0.017758049084617,0.026536104804918,0.04,0,0.641025641025641
0.5,"indep",100,100,-1.08141157530944,-1.10339529818159,-1.06741168472942,-0.0219837228721416,0.0139998905800256,0.163948676949229,0.151385981794932,34.4122599655163,24.1128157835434,0.327948082884236,0.347779740917804,0.97,0.95,1e+06,1455000,0.0328858848779123,0.0349248473466657,0.0244293895275496,0.00902831614324867,0.017058722109232,0.0217944947177034,0,0,0.687285223367698
0.6,"indep",100,100,-0.885978420965938,-0.868272534593886,-0.833612181299481,0.0177058863720522,0.0523662396664568,0.0748082273592826,0.0914322532565012,61.1832144391973,97.001653474856,0.229682777998694,0.220658164564731,0.95,0.95,1e+06,1315000,0.0230152957696269,0.0215434263175032,0.00495548579994178,0.00562212707686627,0.0217944947177034,0.0217944947177034,0,0,0.760456273764259
0.7,"indep",100,100,-0.724084882418989,-0.7285748284176,-0.70252805725572,-0.00448994599861052,0.0215568251632694,0.0537473590344486,0.0644858586536733,46.8248425707278,76.1598377102647,0.203503623027866,0.191585698365696,0.96,0.96,1e+06,1200000,0.0204479049753954,0.0191328114983087,0.002718343638983,0.00377475109657777,0.0195959179422654,0.0195959179422654,0,0,0.833333333333333
0.8,"indep",100,100,-0.585591490751473,-0.602189497880634,-0.583210785144963,-0.0165980071291616,0.00238070560650927,0.0422572644844546,0.0489180613233347,-4.12251070460864,10.9901683911581,0.220927375346174,0.20889986781154,0.9,0.9,1e+06,1125000,0.0221412844737693,0.0209938632237018,0.00219169561681764,0.0030665833049504,0.03,0.03,0,0,0.888888888888889
0.9,"indep",100,100,-0.464434757040508,-0.472847447818079,-0.459631143386627,-0.0084126907775709,0.00480361365388038,0.0314442304625522,0.034635679262252,16.5167011231132,28.3426253220596,0.171189897553335,0.163523982428627,0.97,0.97,1e+06,1035000,0.0171844443570524,0.0164276860802529,0.00127012184105196,0.00175715596597042,0.017058722109232,0.017058722109232,0,0,0.966183574879227
1,"indep",100,100,-0.356674943938733,-0.361343030652089,-0.352485640960661,-0.00466808671335645,0.00418930297807163,0.0249676641277986,0.026521221916696,20.1116173097656,27.5852975729063,0.147621907925396,0.143515614334336,0.96,0.96,1e+06,1005000,0.0148291402537831,0.0144177154280713,0.000759731961139739,0.000889531094008656,0.0195959179422654,0.0195959179422654,0,0,0.995024875621891
1.2,"indep",100,100,-0.171245154473388,-0.175984602509189,-0.170715075084087,-0.00473944803580034,0.000530079389300719,0.0177493929585244,0.0184521963158676,-8.46386819077598,-4.83941179927793,0.140764871763579,0.138553100910747,0.95,0.96,1e+06,1e+06,0.0141393807655662,0.01392500867302,0.00044772139220449,0.000485811418068676,0.0217944947177034,0.0195959179422654,0,0,1
1.4,"indep",100,100,-0.0152296037423545,-0.0105467548791328,-0.00773471062062779,0.00468284886322168,0.0074948931217267,0.0133259152380392,0.0136576635610967,-15.4728134791798,-13.368511307048,0.126949088168943,0.125154954689954,0.92,0.92,1e+06,1e+06,0.0127501800000961,0.0125559713592026,0.000314061264586074,0.000336694460000833,0.0271293199325011,0.0271293199325011,0,0,1
1.6,"indep",100,100,0.11950845023525,0.131301789712895,0.132744600630683,0.0117933394776453,0.0132361503954332,0.0104702463771427,0.0107055873472854,35.4531276896542,38.4977237126215,0.0888894633268892,0.0884742377385746,0.97,0.97,1e+06,1e+06,0.00885475038546901,0.00879192413302811,0.000143429616589203,0.000148220626706825,0.017058722109232,0.017058722109232,0,0,1
1.8,"indep",100,100,0.238117089498186,0.230907257068946,0.231606298790343,-0.0072098324292395,-0.00651079070784269,0.00904202407506724,0.00920930974862818,-0.305685775212816,1.53874975900308,0.0956926726456011,0.0949812713812365,0.96,0.96,1e+06,1e+06,0.00959013904029164,0.00952352298660064,0.000132741783857622,0.000134813298141624,0.0195959179422654,0.0195959179422654,0,0,1
2,"indep",100,100,0.3440673193682,0.334589774857484,0.334741470697551,-0.0094775445107167,-0.00932584867064906,0.00779098775216886,0.00792985237321911,6.48510082038052,8.38306467853236,0.0861124984394018,0.0856172379136553,0.96,0.96,1e+06,1e+06,0.00860205433387062,0.00855365712709099,9.32217269705004e-05,9.49175510233612e-05,0.0195959179422654,0.0195959179422654,0,0,1
2.5,"indep",100,100,0.568114576119708,0.57427894536442,0.573228939098986,0.00616436924471209,0.00511436297927836,0.0057618795055192,0.00586087550380977,8.43122757109309,10.2942060677781,0.0731161791581891,0.0727108956311577,0.95,0.95,1e+06,1e+06,0.00732228934677202,0.00728962015249696,4.77151537803614e-05,4.71300764072596e-05,0.0217944947177034,0.0217944947177034,0,0,1
3,"indep",100,100,0.750926350877081,0.752367882908649,0.75095805894272,0.00144153203156716,3.17080656384583e-05,0.00478704587463154,0.00488462280511412,-2.51228444893937,-0.525139915054229,0.0698632347762389,0.0697230681813859,0.97,0.97,1e+06,1e+06,0.00702002443145325,0.00700743128719037,3.24896161511578e-05,3.41904472456139e-05,0.017058722109232,0.017058722109232,0,0,1
4,"indep",100,100,1.03909537988909,1.04013138677795,1.03815736395955,0.00103600688885908,-0.000938015929540903,0.00379160209275517,0.00390146461653126,8.03674615948489,11.1671351885225,0.0590584361439044,0.0589519547593672,0.96,0.97,1e+06,1e+06,0.00593468283043647,0.00592414431110963,1.47661466364544e-05,1.72692404814249e-05,0.0195959179422654,0.017058722109232,0,0,1
5,"indep",100,100,1.26246416206874,1.26906837227693,1.26684772101563,0.00660421020818247,0.00438355894688702,0.00332679551088493,0.00341975731687204,-17.7955747037968,-15.4985078084424,0.0637333029033752,0.0634485966445387,0.94,0.95,1e+06,1e+06,0.00637095548587693,0.00636158676216324,1.03576919852865e-05,1.1379160525862e-05,0.0237486841740758,0.0217944947177034,0,0,1
0.2,"indep",3,7,NA,-0.571437408174191,-0.785483676850481,NA,NA,5.14826600193489,0.477401158119975,200.261463090651,-72.1566115339804,NA,NA,NA,NA,1e+06,3085000,NA,NA,1.1188583529976,0.00909862392444088,NA,NA,0.59,0,0.324149108589951
0.3,"indep",3,7,NA,-0.563623184854988,-0.746308616953064,NA,NA,4.62001111513117,0.493480261381012,209.793417398146,-66.9098335951917,NA,NA,NA,NA,1e+06,3200000,NA,NA,1.25719176835137,0.00640527254308374,NA,NA,0.67,0,0.3125
0.4,"indep",3,7,NA,-0.545258400026338,-0.746833684398143,NA,NA,5.06820311670097,0.490186879570717,292.454107664189,-62.0425918257512,NA,NA,NA,NA,1e+06,3160000,NA,NA,1.24883050617871,0.0065563572328066,NA,NA,0.66,0,0.316455696202532
0.5,"indep",3,7,NA,-0.463463852144944,-0.715813417873793,NA,NA,4.22313954719201,0.46889667692263,298.642545651673,-55.7385772250095,NA,NA,NA,NA,1e+06,2860000,NA,NA,0.869687470471862,0.00848084777920131,NA,NA,0.48,0,0.34965034965035
0.6,"indep",3,7,NA,-0.697530926419131,-0.876022989415553,NA,NA,5.9652154713473,0.482129324559751,168.24364673497,-78.319621673521,NA,NA,NA,NA,1e+06,3150000,NA,NA,1.26437532110396,0.00806246624246726,NA,NA,0.6,0,0.317460317460317
0.7,"indep",3,7,-2.48777198714249,-0.300775749042056,-0.569624259258553,2.18699623810044,1.91814772788394,2.77214723143057,0.453591714429165,209.986948361672,-49.2784835654364,2.26715679995499,2.03749104411819,0.346153846153846,0.192307692307692,1e+06,2705000,0.0836715579520957,0.0690541471684844,0.732344053699728,0.00946957887538061,0.0659736778727153,0.054653707697962,0.48,0,0.369685767097967
0.8,"indep",3,7,-1.25109907344903,-0.417708600316133,-0.669653579285732,0.833390473132898,0.581445494163299,4.03174080878105,0.457308818254843,267.423180332045,-58.3242404791681,1.05568780192865,0.990100714479009,0.694915254237288,0.610169491525424,1e+06,2600000,0.085089917392931,0.0805423887474282,0.856150790302891,0.00956535648140491,0.0599446133718329,0.063494652535687,0.41,0,0.384615384615385
0.9,"indep",3,7,-0.895165958618435,-0.403055115450468,-0.662810549630775,0.492110843167967,0.23235540898766,3.22223578991316,0.446307014941072,228.835558941639,-54.4534831444855,0.805396000283362,0.840377455488435,0.82089552238806,0.73134328358209,1e+06,2545000,0.0784788752997737,0.0811685633284337,0.651922802894733,0.00982596500949811,0.0468446246794934,0.0541529460812196,0.33,0,0.392927308447937
1,"indep",3,7,-0.669887172742499,-0.275571142533008,-0.544630923372774,0.394316030209491,0.125256249369725,3.19098496090934,0.421803887585248,178.251028768734,-63.2190790313846,0.804077196712433,0.898531555215921,0.753623188405797,0.695652173913043,1e+06,2420000,0.0849788041559528,0.0894240735282709,0.679342545140258,0.0125372013080972,0.0518743295123951,0.0553932223713571,0.31,0,0.413223140495868
1.2,"indep",3,7,-0.365004386932052,-0.132071699474942,-0.391114555657993,0.23293268745711,-0.0261101687259416,2.38020723833067,0.401999527290433,142.443557391399,-59.0530631549935,0.692011025562294,0.84415198160429,0.814285714285714,0.757142857142857,1e+06,2280000,0.0784470302791641,0.0847998729710999,0.600828799162418,0.0122943832162933,0.0464795638343068,0.0512525331806575,0.3,0,0.43859649122807
1.4,"indep",3,7,-0.14926719864041,0.006138837290648,-0.159899700838444,0.155406035931059,-0.0106325021980338,1.85615541136206,0.353496825892227,161.770922316278,-50.1468521529768,0.635759786489798,0.805410401694784,0.829545454545455,0.772727272727273,1e+06,1940000,0.0660928874495765,0.0809397372195095,0.411003546686282,0.0134664375480838,0.0400851073836584,0.0446730336992555,0.12,0,0.515463917525773
1.6,"indep",3,7,0.0205252699151788,0.0771931552410939,-0.0208273232481641,0.0566678853259152,-0.0413525931633429,1.06157251977938,0.325135138538302,41.2597457069028,-56.7354032489047,0.616633586134178,0.852592251114,0.926315789473684,0.873684210526316,1e+06,1725000,0.0633317615789707,0.0855878962047237,0.26560596633656,0.0125355780784101,0.0268043295099542,0.0340835059358203,0.05,0,0.579710144927536
1.8,"indep",3,7,0.161731404866309,0.22186672165358,0.172339929421191,0.0601353167872703,0.0106085245548817,0.953501689213094,0.302304370657987,61.0872665282481,-48.9278464005382,0.61760194880165,0.766189147947319,0.828282828282828,0.777777777777778,1e+06,1645000,0.0620907754526477,0.0769975251890767,0.258977832033377,0.013442105634859,0.037903437206498,0.0417834129494642,0.01,0,0.60790273556231
2,"indep",3,7,0.283197737460401,0.272335129857402,0.218957071223506,-0.0108626076029988,-0.0642406662368946,0.524396324634175,0.293238811562745,57.4276430270781,-11.967546720338,0.488235437431243,0.594451938855712,0.905263157894737,0.905263157894737,1e+06,1685000,0.0503451751496438,0.0593947795899007,0.104100961418981,0.0132923225833355,0.0300458899638161,0.0300458899638161,0.05,0,0.593471810089021
2.5,"indep",3,7,0.530092455767112,0.541872889631129,0.537158259085303,0.0117804338640173,0.00706580331819073,0.649247501481016,0.217895998270901,37.9891303250536,-53.6890334824181,0.557310768654137,0.682532875907384,0.92,0.9,1e+06,1550000,0.0559993248729002,0.0685934591455648,0.280108865602115,0.01196165876544,0.0271293199325011,0.03,0,0,0.645161290322581
3,"indep",3,7,0.724858093778693,0.74393174619236,0.757178304856907,0.0190736524136671,0.0323202110782135,0.348502728687253,0.172898519600602,37.7123784495991,-31.6783932960798,0.416932549987694,0.501577104466261,0.9,0.93,1e+06,1515000,0.0418594264902104,0.050305631116471,0.198797853273546,0.00892440982408292,0.03,0.0255147016443461,0,0,0.66006600660066
4,"indep",3,7,1.02461388154167,1.04087281916547,1.06176261060759,0.016258937623802,0.0371487290659205,0.109245019656126,0.123268265938599,25.7744306987635,41.9194762420602,0.306674018836878,0.295583053516309,0.97,0.96,1e+06,1500000,0.0307785509692503,0.0294716630644757,0.0049638948631964,0.00537968446203062,0.017058722109232,0.0195959179422654,0,0,0.666666666666667
5,"indep",3,7,1.25324864119018,1.3328439793718,1.33703257825104,0.0795953381816115,0.083783937060858,0.0851665672972793,0.0985717569637676,-17.6222561912549,-4.65602642413264,0.336931737329538,0.330713324409626,0.93,0.94,1e+06,1500000,0.0329044496330373,0.0321536014968568,0.00177839064959975,0.00260926011631563,0.0255147016443461,0.0237486841740758,0,0,0.666666666666667
0.2,"indep",6,14,NA,-1.16591165273654,-1.25658604460875,NA,NA,7.2151567454327,0.456065303146323,214.03116102247,-80.1502972558754,NA,NA,NA,NA,1e+06,2735000,NA,NA,1.55175556173257,0.00585553706895073,NA,NA,0.68,0,0.36563071297989
0.3,"indep",6,14,NA,-0.959964073375264,-1.15881074220425,NA,NA,5.22680146058048,0.445722596058071,227.060947265163,-72.1094333535197,NA,NA,NA,NA,1e+06,2580000,NA,NA,1.20954586843293,0.00679115009016228,NA,NA,0.59,0,0.387596899224806
0.4,"indep",6,14,NA,-0.986476326078131,-1.17125867297033,NA,NA,3.9947523196079,0.441734169264466,100.358330649037,-77.8446537698851,NA,NA,NA,NA,1e+06,2460000,NA,NA,0.833663763871272,0.0063927030521457,NA,NA,0.56,0,0.40650406504065
0.5,"indep",6,14,-2.56198198970163,-0.788046726030896,-1.04900872873395,1.77393526367073,1.51297326096768,3.73631381372141,0.436648861827211,338.131723038092,-48.79720287616,1.86846930749224,1.63243069146035,0.522727272727273,0.318181818181818,1e+06,2510000,0.0894857703831709,0.0616065943291294,0.874227361807435,0.00822755004344823,0.0752999262154625,0.0702175432560596,0.56,0,0.398406374501992
0.6,"indep",6,14,-1.39883117989595,-0.731102429540851,-1.00850758725005,0.667728750355097,0.3903235926459,3.61276110407805,0.39211256909817,235.588542531013,-63.5767542384106,0.93877750350311,0.976316141595662,0.733333333333333,0.64,1e+06,2080000,0.0767094832779293,0.0899405359878413,0.699936052636523,0.0106434008280816,0.051062779080338,0.0554256258422041,0.25,0,0.480769230769231
0.7,"indep",6,14,-1.03592568620658,-0.671725393098193,-0.929805442719621,0.364200293108388,0.106120243486959,3.06744531815791,0.406441916975143,200.7189221923,-60.1542122094171,0.735993874564524,0.819281677731256,0.815384615384615,0.753846153846154,1e+06,2115000,0.0799457951028642,0.0816472432924508,0.666501730546278,0.00974839981348474,0.0481236459355878,0.053430347207659,0.35,0,0.472813238770686
0.8,"indep",6,14,-0.802343654837751,-0.508277739251835,-0.747367801773828,0.294065915585917,0.0549758530639231,1.82101118759265,0.379048484684072,212.239781011795,-35.0064312306232,0.608054134549365,0.666092919566195,0.816901408450704,0.774647887323944,1e+06,2015000,0.0636121133829526,0.0667164536121862,0.449664013044359,0.011181279943783,0.0458984637691245,0.0495853990873811,0.29,0,0.496277915632754
0.9,"indep",6,14,-0.625964991095738,-0.655558918685167,-0.902249170171095,-0.0295939275894295,-0.276284179075357,3.15841687826787,0.381092690368236,212.973333074738,-62.2368249309835,0.639219369536195,0.916549190370322,0.907894736842105,0.763157894736842,1e+06,1970000,0.0737315492707685,0.0878318797396336,0.681753790718697,0.0107711417804953,0.0331705885212911,0.0487674290622112,0.24,0,0.50761421319797
1,"indep",6,14,-0.482540448021794,-0.500647233233804,-0.697674125854649,-0.0181067852120106,-0.215133677832855,2.16389797328294,0.339874525872018,49.1343213764718,-76.5760875074095,0.733626236815885,1.16014047226495,0.888888888888889,0.811111111111111,1e+06,1695000,0.0777405364502469,0.114576224729325,0.541222468347252,0.0108992694759918,0.0331269329999969,0.0412593257529885,0.1,0,0.589970501474926
1.2,"indep",6,14,-0.254619790305178,-0.292186125205326,-0.456820462024959,-0.0375663349001485,-0.202200671719781,1.32135310367895,0.308238065159471,118.031409584212,-49.1388186495236,0.56463355505598,0.780349130607793,0.942528735632184,0.885057471264368,1e+06,1740000,0.0607510954994846,0.0757494310407281,0.373220472109659,0.0129163168970495,0.0249524416928336,0.0341953051532353,0.13,0,0.574712643678161
1.4,"indep",6,14,-0.0748580413796963,-0.150421832122635,-0.248877138415741,-0.075563790742939,-0.174019097036045,1.08979429361424,0.26581825944124,63.5100672364205,-60.1172792621629,0.591530237572607,0.823103481630513,0.914893617021277,0.851063829787234,1e+06,1620000,0.0608362985423682,0.0808550702007112,0.340100704077563,0.0128302374390892,0.0287807719787276,0.0367212309473486,0.06,0,0.617283950617284
1.6,"indep",6,14,0.0746203431648513,0.00264630664614557,-0.0155364796715011,-0.0719740365187058,-0.0901568228363525,0.721111534615983,0.224411409081081,108.63056383255,-35.0737347004499,0.461277258546366,0.597170131433187,0.939393939393939,0.909090909090909,1e+06,1525000,0.0460253310155879,0.0593299210094683,0.299772541309867,0.0110794530200435,0.0239808353667596,0.0288928057347149,0.01,0,0.655737704918033
1.8,"indep",6,14,0.203049913633128,0.16603281536999,0.169154067705858,-0.0370170982631375,-0.0338958459272702,0.183956531498029,0.180348305387753,20.9879521421866,18.6148269022553,0.374513125327674,0.401963200656456,0.95959595959596,0.96969696969697,1e+06,1510000,0.0376462881980496,0.0402549308493434,0.0218563230558082,0.0104509207557137,0.0197896906951266,0.0172283407156049,0.01,0,0.662251655629139
2,"indep",6,14,0.315889117091827,0.313419517500014,0.332660426572878,-0.00246959959181281,0.0167713094810519,0.131072184056552,0.150135095792139,26.6127476635124,45.0270866835158,0.327713077576939,0.320574738100903,0.94,0.94,1e+06,1500000,0.0329354683231421,0.0321748515080204,0.0106278932848192,0.00857699386384654,0.0237486841740758,0.0237486841740758,0,0,0.666666666666667
2.5,"indep",6,14,0.55029722493605,0.518403366672663,0.526868475775375,-0.0318938582633874,-0.0234287491606759,0.0837804348959899,0.103440902846213,16.2499093489284,43.5298777545388,0.28272536120851,0.268137019674112,0.97,0.98,1e+06,1500000,0.0282335876478757,0.0268457161401139,0.00474282175829152,0.00552790294133493,0.017058722109232,0.014,0,0,0.666666666666667
3,"indep",6,14,0.738633069662809,0.726183302892821,0.728489113528092,-0.0124497667699875,-0.0101439561347167,0.0657301404338338,0.0797559867441154,16.3240238048087,41.1458615387803,0.249364428792267,0.236735959142468,0.98,1,1e+06,1500000,0.0250308136677851,0.0237710065537026,0.00307475082529588,0.00402380511317555,0.014,0,0,0,0.666666666666667
4,"indep",6,14,1.03222437854685,1.06157640791637,1.05096087821995,0.0293520293695244,0.0187364996731016,0.0448728627733617,0.0544709032815144,22.362318383881,48.5348961053355,0.197389785528079,0.191458769744342,0.94,0.96,1e+06,1500000,0.0196178608072759,0.019149967453098,0.000998883043685021,0.00118689451390275,0.0237486841740758,0.0195959179422654,0,0,0.666666666666667
5,"indep",6,14,1.25807959664605,1.27425604807905,1.2617519222648,0.016176451432997,0.00367232561875053,0.0386296433325335,0.0465381122627141,-2.53471208313004,17.4189073336069,0.199869530274774,0.198119663459236,0.97,0.97,1e+06,1500000,0.020021743622618,0.019908354439846,0.000528035343529658,0.000660535772088957,0.017058722109232,0.017058722109232,0,0,0.666666666666667
0.2,"indep",12,28,NA,-1.54858871927024,-1.70667404131071,NA,NA,8.02789634410423,0.430622093816902,452.268967920597,-70.3758981030287,NA,NA,NA,NA,1e+06,2425000,NA,NA,1.25997618851917,0.00545868935631169,NA,NA,0.55,0,0.412371134020619
0.3,"indep",12,28,NA,-1.24955712082652,-1.47914860126093,NA,NA,3.86606380816084,0.417199958766356,170.554666500506,-70.8035352469381,NA,NA,NA,NA,1e+06,2275000,NA,NA,0.901541184849786,0.00663413245096376,NA,NA,0.5,0,0.43956043956044
0.4,"indep",12,28,-1.94424625400898,-1.22150042921339,-1.46957050783772,0.722745824795582,0.474675746171257,4.01824316204935,0.405237680388664,293.482335472053,-60.3175162701489,0.940699145671372,0.925524614814425,0.774193548387097,0.67741935483871,1e+06,2110000,0.0770940829741788,0.0798533218871047,0.818959354203533,0.00667575251093622,0.0531003155969743,0.0593679576507634,0.38,0,0.4739336492891
0.5,"indep",12,28,-1.36303435330244,-1.02910128757158,-1.28673532159282,0.333933065730868,0.0762990317096239,3.19248788412851,0.387319739832945,306.424897377607,-50.6916263342694,0.659795813914329,0.708710221186008,0.857142857142857,0.793650793650794,1e+06,2070000,0.0722695696981945,0.0708140712044037,0.711562206978965,0.00953906356446922,0.0440866714177406,0.0509854027333033,0.37,0,0.483091787439614
0.6,"indep",12,28,-1.058151567492,-1.01685565205991,-1.26672362024047,0.0412959154320851,-0.208572052748476,3.07085527705495,0.362988687694783,179.228968477182,-66.9938998456792,0.634275014113183,0.942362862164914,0.961038961038961,0.857142857142857,1e+06,1930000,0.0726019646769925,0.0923621256279023,0.683272459857459,0.00888976413242993,0.0220516148962829,0.039877894731363,0.23,0,0.518134715025907
0.7,"indep",12,28,-0.842414379200356,-0.890739398656284,-1.09776725871648,-0.0483250194559287,-0.255352879516121,2.19648290879201,0.351038971427256,195.361066576073,-52.7957879410297,0.555999022326627,0.816459614341035,0.936708860759494,0.835443037974684,1e+06,1835000,0.0627162520672957,0.0779407447011709,0.535916450710863,0.0100720420168465,0.0273943011106984,0.0417160334465097,0.21,0,0.544959128065395
0.8,"indep",12,28,-0.672621910644767,-0.594970355165834,-0.686431403176668,0.0776515554789327,-0.0138094925319019,0.686871709954849,0.279693994534443,134.130243933399,-4.66222117175206,0.419858500645477,0.5602714414287,0.923076923076923,0.912087912087912,1e+06,1660000,0.04349347288144,0.0562922914862576,0.170780020960849,0.0110470198145562,0.0279335784308678,0.0296839677583607,0.09,0,0.602409638554217
0.9,"indep",12,28,-0.531415775693636,-0.5184392038958,-0.572824437540848,0.0129765717978362,-0.0414086618472123,0.898055629769802,0.250560896637169,95.4280100865388,-45.4748505414386,0.489899597985756,0.683467423275188,0.895833333333333,0.875,1e+06,1570000,0.0502450023375963,0.0685648731665709,0.339678487021946,0.0106850533400375,0.0311775781181736,0.0337538578042076,0.04,0,0.636942675159236
1,"indep",12,28,-0.409949443099545,-0.433583339601024,-0.477169664749532,-0.0236338965014793,-0.0672202216499871,0.715385842817827,0.227130031322146,36.9941429768598,-56.5053120666684,0.507658452762457,0.723696734481564,0.917525773195876,0.896907216494845,1e+06,1545000,0.0517564955260579,0.0724198201915179,0.267773137405178,0.0112679417571056,0.0279307369979622,0.0308746487094359,0.03,0,0.647249190938511
1.2,"indep",12,28,-0.207397101698341,-0.251224403460221,-0.254374494041821,-0.0438273017618794,-0.0469773923434794,0.257191459422383,0.180297185855472,41.7992759921304,-0.595414501156932,0.381248656223812,0.453419186519081,0.938775510204082,0.928571428571429,1e+06,1535000,0.0384533061992993,0.0453250976601412,0.0888766688230085,0.0103096162495373,0.02421756228256,0.0260154056815958,0.02,0,0.651465798045603
1.4,"indep",12,28,-0.0414320722515917,-0.0743420793004154,-0.0603731956113176,-0.0329100070488236,-0.0189411233597259,0.116584597601209,0.138430065431414,40.501959682066,66.8290312118264,0.29781105176678,0.314203594330612,0.95959595959596,0.95959595959596,1e+06,1510000,0.0298992106220422,0.031521218208293,0.00923601885260719,0.00881214143201388,0.0197896906951266,0.0197896906951266,0.01,0,0.662251655629139
1.6,"indep",12,28,0.0996205513262785,0.0436381984493254,0.0659366716000406,-0.0559823528769531,-0.0336838797262378,0.091425864034628,0.10875687082575,14.3823034532205,36.0650132516323,0.302242664351538,0.283311455265339,0.96,0.97,1e+06,1500000,0.0298509097234902,0.0282719079137286,0.00652517398389681,0.00730146884585416,0.0195959179422654,0.017058722109232,0,0,0.666666666666667
1.8,"indep",12,28,0.22249551249365,0.218754278690242,0.231613986508604,-0.00374123380340854,0.00911847401495394,0.0611749288733086,0.0731455938917747,46.7860058984548,75.5089834052689,0.21643378851745,0.20332892481108,0.97,0.98,1e+06,1500000,0.021749164150117,0.0204147661691753,0.00310027487183253,0.00427522247860832,0.017058722109232,0.014,0,0,0.666666666666667
2,"indep",12,28,0.331466700981724,0.304274289516279,0.311777454207432,-0.0271924114654457,-0.0196892467742926,0.0508875668849353,0.0592394118950167,34.7366064497034,56.8500483597232,0.205525492423529,0.194366063708897,0.97,0.98,1e+06,1500000,0.0204744977601795,0.0194340376927169,0.00199420885272408,0.00276858919294274,0.017058722109232,0.014,0,0,0.666666666666667
2.5,"indep",12,28,0.560101460630239,0.564444074742885,0.56265651333892,0.00434261411264614,0.0025550527086815,0.0352774301822023,0.0397252220574535,18.6072121997385,33.5612548282274,0.17638884626173,0.171616348173169,0.97,0.97,1e+06,1500000,0.0177223726631123,0.0172461802727299,0.00110666277237415,0.00137194385976364,0.017058722109232,0.017058722109232,0,0,0.666666666666667
3,"indep",12,28,0.745380810400251,0.750910665236592,0.745513019150403,0.00552985483634094,0.000132208750151741,0.0279542747947395,0.0310148602887734,21.2381872500311,34.5120010028472,0.153474212729017,0.151085282687021,0.95,0.97,1e+06,1500000,0.0154147229497969,0.0151846364292837,0.000520721642693407,0.000563955093434138,0.0217944947177034,0.017058722109232,0,0,0.666666666666667
4,"indep",12,28,1.03598662353616,1.05348133553069,1.04446436128285,0.0174947119945381,0.00847773774669314,0.020996798623742,0.0236882415013839,-10.2040258945661,1.30633524561778,0.154147249487792,0.15238381853388,0.93,0.94,1e+06,1500000,0.0153922811486271,0.0152914302644313,0.000272137590156344,0.000306325541560377,0.0255147016443461,0.0237486841740758,0,0,0.666666666666667
5,"indep",12,28,1.2604776827778,1.27066364647655,1.26010321386405,0.0101859636987485,-0.00037446891375259,0.0181030009099734,0.0208055360546596,-12.9595106000362,0.0344666296999252,0.144349869426363,0.143493986318987,0.94,0.94,1e+06,1500000,0.0144715432874508,0.0144216391434294,0.000180735433215146,0.000204725483582647,0.0237486841740758,0.0237486841740758,0,0,0.666666666666667
0.2,"indep",60,140,-2.40823963982765,-1.94715352541814,-2.20586707111421,0.461086114409509,0.202372568713442,3.68146717046648,0.381993067357659,277.428479914384,-60.8376073791348,0.75802310923586,0.811642499952837,0.84375,0.71875,1e+06,2085000,0.0758024405137902,0.0789967964548016,0.793337136999747,0.00827763852763794,0.0453865235883682,0.0562011506638209,0.36,0,0.479616306954436
0.3,"indep",60,140,-1.70418293557038,-1.62544857131469,-1.8316257537865,0.0787343642556932,-0.127442818216115,1.90242604791483,0.329534664096654,235.576007025309,-41.8721548334621,0.511937281059698,0.703278966963693,0.935064935064935,0.857142857142857,1e+06,1880000,0.0580245727919201,0.0695119809060377,0.486010055586651,0.00994510159268673,0.028081167668433,0.039877894731363,0.23,0,0.531914893617021
0.4,"indep",60,140,-1.3434239967258,-1.40175225024029,-1.47844916716933,-0.0583282535144907,-0.135025170443524,0.630775631081546,0.263975561259063,107.06624063267,-13.3441046302138,0.437156450704392,0.586320041561268,0.902173913043478,0.869565217391304,1e+06,1630000,0.0454167003744836,0.0573434975559614,0.147327502167888,0.0110785208596601,0.0309726639058887,0.0351118631777064,0.08,0,0.613496932515337
0.5,"indep",60,140,-1.08976250011841,-1.14365380389188,-1.10035322029834,-0.0538913037734696,-0.0105907201799356,0.19245926582027,0.182423877003354,97.7419863107796,87.4311410022922,0.293623511894734,0.31059194558545,0.98,0.97,1e+06,1475000,0.0290089665892407,0.0311975124151783,0.0274982884825515,0.00836275941027966,0.014,0.017058722109232,0,0,0.677966101694915
0.6,"indep",60,140,-0.891612283389109,-0.997951771579496,-0.964577822586466,-0.106339488190387,-0.072965539197357,0.169106109122945,0.144639625939686,23.2512675432885,5.41912014008135,0.35675511771403,0.375707709978127,0.97,0.94,1e+06,1440000,0.0342253564319574,0.0370411064894954,0.0277475551750778,0.00910238157513472,0.017058722109232,0.0237486841740758,0,0,0.694444444444444
0.7,"indep",60,140,-0.728154080870475,-0.762533187435767,-0.730051573216026,-0.0343791065652925,-0.00189749234555103,0.072381653018675,0.0865879444902568,31.0330760670949,56.7508373145041,0.248126626230384,0.233859853740339,0.96,0.96,1e+06,1320000,0.0246971350884719,0.0235030259634133,0.00631950104826879,0.00553184946575075,0.0195959179422654,0.0195959179422654,0,0,0.757575757575758
0.8,"indep",60,140,-0.588673164605307,-0.591136473317901,-0.568304280640416,-0.00246330871259459,0.0203688839648906,0.0485406546886746,0.0572514233786675,30.6758305338957,54.1260073074499,0.20375588319741,0.192845243664605,0.93,0.93,1e+06,1195000,0.0204767402037322,0.0192732600048094,0.00213079318973114,0.00301511532934722,0.0255147016443461,0.0255147016443461,0,0,0.836820083682008
0.9,"indep",60,140,-0.466851680175666,-0.476630619564724,-0.458907417427444,-0.00977893938905816,0.0079442627482213,0.0393766646167856,0.0451945107464717,-11.2890338225827,1.8178851168136,0.220942376875203,0.209778050845607,0.9,0.89,1e+06,1115000,0.0221837838316138,0.0210683637852005,0.00208497698266349,0.00293432582522824,0.03,0.031288975694324,0,0,0.896860986547085
1,"indep",60,140,-0.358622366069503,-0.367597727458913,-0.355312883114781,-0.00897536138941063,0.00330948295472211,0.0303583854092249,0.0330665429168155,8.29892984713691,17.9598705057409,0.17295644526273,0.166621305804478,0.97,0.97,1e+06,1035000,0.0173593554219373,0.0167427677347509,0.00114324292191892,0.00145717819397684,0.017058722109232,0.017058722109232,0,0,0.966183574879227
1.2,"indep",60,140,-0.17258833862568,-0.198377104182252,-0.190868823067333,-0.0257887655565724,-0.0182804844416528,0.0219078485963862,0.0230173752199468,15.0762916593461,20.9043495252261,0.142422437811796,0.138497194205355,0.94,0.95,1e+06,1e+06,0.0140773800805603,0.0137977075724884,0.000601720022261889,0.00067388101316196,0.0237486841740758,0.0217944947177034,0,0,1
1.4,"indep",60,140,-0.0162124050415837,-0.0199611257120786,-0.0159995114516191,-0.00374872067049485,0.000212893589964579,0.0158020665627673,0.0162919219817297,1.72344440807728,4.87681553715666,0.126125314048886,0.124012268544946,0.95,0.96,1e+06,1e+06,0.0126704706956426,0.0124636835784316,0.00041071264078441,0.000441158370255473,0.0217944947177034,0.0195959179422654,0,0,1
1.6,"indep",60,140,0.118757981051209,0.105934022145017,0.108500099347366,-0.012823958906192,-0.0102578817038434,0.0125747468302455,0.0129222139499863,-0.655924613740577,2.08916442890752,0.113897868649984,0.112411826283765,0.97,0.97,1e+06,1e+06,0.0113743777989366,0.0112506765459428,0.00026634026127944,0.000279513735530206,0.017058722109232,0.017058722109232,0,0,1
1.8,"indep",60,140,0.237525198337027,0.238123148474507,0.239374716474792,0.000597950137479958,0.00184951813776507,0.0101914782112763,0.0104218640120671,-10.6640430091922,-8.64453852082746,0.107322070022337,0.106289117234421,0.93,0.94,1e+06,1e+06,0.0107861064625443,0.0106808408311286,0.000187868862209117,0.000195089547949661,0.0255147016443461,0.0237486841740758,0,0,1
2,"indep",60,140,0.343588506786721,0.355987649861804,0.356274401393884,0.0123991430750831,0.0126858946071632,0.0086543642657439,0.0088426075414173,-16.68626790144,-14.874089749789,0.102760593176623,0.102199489101876,0.91,0.92,1e+06,1005000,0.0102523713743764,0.0101919970836205,0.000150996984101162,0.000154772049773799,0.0286181760425084,0.0271293199325011,0,0,0.995024875621891
2.5,"indep",60,140,0.567808742330832,0.567917888758314,0.567229621022302,0.000109146427481388,-0.000579121308529773,0.00646514830815664,0.00658997675557884,26.9754583644205,29.4270880212925,0.0711134387398541,0.0710004981598877,0.98,0.98,1e+06,1e+06,0.00714716109245189,0.00713558117901021,6.02083003280938e-05,6.29267930043076e-05,0.014,0.014,0,0,1
3,"indep",60,140,0.750714194302349,0.744233116008746,0.743106748799064,-0.00648107829360312,-0.00760744550328507,0.00527639207553876,0.00538446678019641,1.66103491939347,3.74332641077837,0.0722540793296505,0.0720843447948053,0.96,0.97,1e+06,1e+06,0.00723253563813166,0.00720429132595297,4.75309437363602e-05,4.90002771966391e-05,0.0195959179422654,0.017058722109232,0,0,1
4,"indep",60,140,1.03897616906418,1.03988525184315,1.03817115632956,0.000909082778966397,-0.000805012734625965,0.00403576804210909,0.00412288664061304,6.87050609826148,9.17747929779715,0.0611999542032921,0.0611490057563729,0.97,0.97,1e+06,1e+06,0.00615014819808798,0.00614517373203304,2.3671481625969e-05,2.58483160315292e-05,0.017058722109232,0.017058722109232,0,0,1
5,"indep",60,140,1.26238790477649,1.27142955322049,1.26922421253488,0.0090416484439948,0.00683630775838773,0.00346178258047134,0.00356025719107671,24.183833015632,27.7163929946101,0.0534177978277241,0.0529762800663043,0.96,0.96,1e+06,1e+06,0.00529122555372496,0.00527979868943608,1.26424713624205e-05,1.45128339148322e-05,0.0195959179422654,0.0195959179422654,0,0,1
0.2,"paired",5,5,NA,-1.16748039245975,-1.19490443710539,NA,NA,8.11922918789252,0.528057664840786,573.310671904974,-56.209283801384,NA,NA,NA,NA,1e+06,31085000,NA,NA,2.14234851631468,0.00466396307704228,NA,NA,0.85,0,0.032169856844137
0.3,"paired",5,5,NA,-0.961740509164192,-1.12219202781588,NA,NA,4.28062923074144,0.519642857178393,274.31494247302,-54.5603985520709,NA,NA,NA,NA,1e+06,32515000,NA,NA,1.43756732555527,0.0058414235433371,NA,NA,0.86,0,0.0307550361371675
0.4,"paired",5,5,NA,-0.830478591284067,-1.06610793287523,NA,NA,3.08090805933404,0.49476737662637,385.043314017351,-22.1062091419892,NA,NA,NA,NA,1e+06,7935000,NA,NA,0.817135053548536,0.00711920246659776,NA,NA,0.65,0,0.126023944549464
0.5,"paired",5,5,NA,-0.958055827698519,-1.16142234805465,NA,NA,5.67408914706157,0.490206238335964,392.391681188908,-57.4604015609209,NA,NA,NA,NA,1e+06,10565000,NA,NA,1.20641531657425,0.00785875174537202,NA,NA,0.6,0,0.0946521533364884
0.6,"paired",5,5,NA,-0.719096042125034,-1.05492373341053,NA,NA,4.04704863645466,0.481766773140049,192.176092119205,-65.2189173559699,NA,NA,NA,NA,1e+06,13340000,NA,NA,1.08437723102414,0.0105933220090658,NA,NA,0.61,0,0.0749625187406297
0.7,"paired",5,5,-1.55054639460591,-0.966525296885373,-1.17638006953015,0.584021097720536,0.374166325075758,5.28302239345011,0.484458134078373,304.279704315109,-62.9271699773453,0.912786959422936,0.875011593591637,0.74468085106383,0.595744680851064,1e+06,4545000,0.103430231758026,0.0794961945661285,1.10494535010184,0.00836794150632093,0.0636030377172783,0.0715828572264082,0.53,0,0.22002200220022
0.8,"paired",5,5,-1.06013176810005,-0.600954591214796,-0.850944340337427,0.459177176885249,0.209187427762619,2.7242136215935,0.424062391762071,124.693619116822,-65.0232592697265,0.862793667290847,0.943351765249698,0.811594202898551,0.695652173913043,1e+06,2760000,0.0885810722499685,0.0924499959336895,0.667030369573963,0.0127565772507593,0.047075186965389,0.0553932223713571,0.31,0,0.36231884057971
0.9,"paired",5,5,-0.792372649921864,-0.645784120898033,-0.853116387268105,0.146588529023832,-0.0607437373462411,2.0013790641169,0.427538221373145,174.649967161313,-41.3287764593694,0.598321772043393,0.739390629779059,0.917808219178082,0.849315068493151,1e+06,2455000,0.0683638901252147,0.0740603563426401,0.469147158109,0.0114232876610603,0.0321461329375541,0.0418704759034147,0.27,0,0.407331975560081
1,"paired",5,5,-0.601986402162968,-0.60415366678078,-0.797262419733034,-0.00216726461781203,-0.195276017570066,2.73342149893169,0.382061820900343,115.956712755673,-69.8148218475153,0.741107192730905,1.06492890026885,0.908045977011494,0.758620689655172,1e+06,1995000,0.0799153021177814,0.105214587823201,0.611873747107877,0.0131569765273855,0.0309798749366247,0.0458778161003898,0.13,0,0.50125313283208
1.2,"paired",5,5,-0.326963233703332,-0.271404332533471,-0.354899538664713,0.0555589011698611,-0.0279363049613814,1.02356127890944,0.310941565815712,12.9904534807696,-65.6753051805839,0.676560048101848,0.93681883629425,0.894736842105263,0.831578947368421,1e+06,1670000,0.0695461508478266,0.0941119629199961,0.31294858348155,0.013678582540655,0.0314864758745326,0.038396189731747,0.05,0,0.598802395209581
1.4,"paired",5,5,-0.12423067964925,-0.0929483746760106,-0.0942651931880195,0.0312823049732393,0.0299654864612303,0.471678899174325,0.249789596038009,32.884292890795,-29.6277321307085,0.510631871115809,0.593551157100282,0.95,0.88,1e+06,1545000,0.051224040007548,0.0595780657316559,0.0932792234459816,0.0119951253493135,0.0217944947177034,0.0324961536185438,0,0,0.647249190938511
1.6,"paired",5,5,0.0384805205680643,0.138699099934058,0.163742962003258,0.100218579365993,0.125262441435194,0.236541147179221,0.20527210498062,9.22027348540775,-5.21786288657122,0.467470704866277,0.479684811134427,0.92,0.9,1e+06,1505000,0.0458901957199192,0.0465373575144955,0.0246553438946179,0.0100487635745196,0.0271293199325011,0.03,0,0,0.664451827242525
1.8,"paired",5,5,0.175328435806585,0.216460575502297,0.236436507648506,0.0411321396957122,0.0611080718419212,0.204754446157691,0.178922801293047,16.5513485852925,1.8473306670105,0.411258155927491,0.421491256858307,0.95,0.91,1e+06,1505000,0.04112575170796,0.0419138948012673,0.0180388499232433,0.00838425627136913,0.0217944947177034,0.0286181760425084,0,0,0.664451827242525
2,"paired",5,5,0.29389333245106,0.421784169693113,0.440860129796892,0.127890837242054,0.146966797345832,0.161925718166545,0.150903488803467,-2.38294577784249,-9.02770594051182,0.432917415606224,0.431067242530892,0.91,0.88,1e+06,1500000,0.0415679342331453,0.0407281859641485,0.00617767419675722,0.00665037347795416,0.0286181760425084,0.0324961536185438,0,0,0.666666666666667
2.5,"paired",5,5,0.53664724034191,0.721794394223829,0.726764520883168,0.185147153881919,0.190117280541258,0.13446449670249,0.118798005331638,-21.6409970009358,-30.7706235895035,0.453176752492657,0.453904335526587,0.89,0.87,1e+06,1500000,0.0415713698597037,0.0414246992941457,0.0034297466982251,0.00369277425393611,0.031288975694324,0.0336303434416005,0,0,0.666666666666667
3,"paired",5,5,0.729307511349758,0.781311651085452,0.783352798290434,0.0520041397356932,0.0540452869406761,0.128197980921267,0.110956905169553,7.62791165840881,-6.84673891382631,0.348079509499638,0.347623327709278,0.96,0.94,1e+06,1500000,0.0345906676244569,0.0345126363810624,0.00217378645441646,0.00234515469452317,0.0195959179422654,0.0237486841740758,0,0,0.666666666666667
4,"paired",5,5,1.02706186684777,1.15851140374897,1.15396996775552,0.131449536901195,0.126908100907749,0.116198759760698,0.100323421529664,4.39334693168825,-9.86910901038237,0.354959131082868,0.355388755528329,0.9,0.9,1e+06,1500000,0.0331383698366405,0.0333629416199318,0.00152848470972092,0.00183033067001701,0.03,0.03,0,0,0.666666666666667
5,"paired",5,5,1.25479963118919,1.35962909370603,1.35497075861473,0.104829462516846,0.100171127425548,0.111195407632713,0.0955237952991085,-15.6645286413289,-27.5505663945291,0.373789358767438,0.374919571304084,0.88,0.87,1e+06,1500000,0.0360596123326055,0.0363110065091621,0.00171069680052209,0.0018806840073027,0.0324961536185438,0.0336303434416005,0,0,0.666666666666667
0.2,"paired",10,10,NA,-1.45918966810109,-1.58594826946592,NA,NA,6.23386546867625,0.478774702796819,337.291432738724,-66.4150474858521,NA,NA,NA,NA,1e+06,10910000,NA,NA,1.82637503426346,0.00564763750161927,NA,NA,0.82,0,0.0916590284142988
0.3,"paired",10,10,NA,-1.54313223057721,-1.65746729852001,NA,NA,6.31326923172829,0.471934220867399,579.76951166285,-49.18536132694,NA,NA,NA,NA,1e+06,11270000,NA,NA,1.36816871249008,0.00627024104527641,NA,NA,0.72,0,0.0887311446317657
0.4,"paired",10,10,NA,-1.26228121848243,-1.52005835123693,NA,NA,3.53679244602342,0.446502662386173,176.49722609984,-65.0935842348402,NA,NA,NA,NA,1e+06,7345000,NA,NA,1.06170357727813,0.00854378589009971,NA,NA,0.64,0,0.136147038801906
0.5,"paired",10,10,-1.84443972705697,-1.25086224515107,-1.48048178134735,0.593577481905901,0.363957945709618,2.70946098266782,0.414705717336973,291.923663228892,-40.0127977703384,0.781937928551536,0.754025654773347,0.841269841269841,0.80952380952381,1e+06,2815000,0.064644523890736,0.0663697404133651,0.622308774487977,0.00812834187928203,0.0460391302580229,0.0494726172999352,0.37,0,0.355239786856128
0.6,"paired",10,10,-1.26286432215413,-0.980978409141433,-1.18331352157136,0.281885913012695,0.0795508005827712,1.21393397886497,0.361170731677947,111.706478468852,-37.0128976857136,0.577158820497705,0.677560060733574,0.868421052631579,0.828947368421053,1e+06,2080000,0.0581552675886775,0.0676263729880169,0.347349471690783,0.0105307383763861,0.0387749797206909,0.043193814860717,0.24,0,0.480769230769231
0.7,"paired",10,10,-0.965510768280782,-1.03440273694729,-1.26043033983879,-0.0688919686665057,-0.294919571558012,2.58313210234474,0.325559821187657,88.5316342269192,-76.2387974384203,0.746582241948734,1.15667362625423,0.869565217391304,0.75,1e+06,1805000,0.0779291690685795,0.112407821899023,0.591774788124546,0.0117136615709292,0.0351118631777064,0.0451446949071634,0.08,0,0.554016620498615
0.8,"paired",10,10,-0.757063866314888,-0.642645990893057,-0.711481478462833,0.114417875421831,0.0455823878520542,0.786277662035062,0.256621016087613,139.082867067856,-21.9694374665356,0.45587045897137,0.578526677349343,0.90625,0.885416666666667,1e+06,1600000,0.0452741851793017,0.0579633602767427,0.29416666830953,0.0110247324718513,0.0297491136947809,0.0325086515817257,0.04,0,0.625
0.9,"paired",10,10,-0.593721751187363,-0.551666961358744,-0.601850035304928,0.0420547898286187,-0.00812828411756561,0.46820375931604,0.230830239508216,37.8063649406041,-32.0597590428052,0.496017947660519,0.589052914569287,0.846938775510204,0.857142857142857,1e+06,1540000,0.0501816493191479,0.0591964088420635,0.203417562229033,0.0114547585239524,0.0363701893582351,0.035347975664671,0.02,0,0.649350649350649
1,"paired",10,10,-0.458145365937078,-0.422712788819752,-0.432564232959044,0.035432577117326,0.0255811329780333,0.223781491005831,0.192383113416558,1.27557161734715,-12.934221265515,0.426274675761265,0.468409772728736,0.9,0.89,1e+06,1510000,0.0426939580891151,0.0470066963662213,0.0368062970451249,0.00903131060509516,0.03,0.031288975694324,0,0,0.662251655629139
1.2,"paired",10,10,-0.2390179004715,-0.21337200892787,-0.218719514328554,0.0256458915436299,0.0202983861429464,0.111798596124975,0.139769052259102,-5.22078655347672,18.491656393209,0.352211996927715,0.342329269016892,0.9,0.92,1e+06,1500000,0.0353046737723081,0.034344850075718,0.00472875639120083,0.00610572507836632,0.03,0.0271293199325011,0,0,0.666666666666667
1.4,"paired",10,10,-0.0639166857549427,-0.0388561848100048,-0.051904173833442,0.0250605009449379,0.0120125119215007,0.0905417232300021,0.110981695393498,-10.5842187653699,9.60156977733635,0.324752134736015,0.316845275965005,0.93,0.97,1e+06,1500000,0.0325414918216678,0.0318212540081828,0.00330152233415914,0.00478676831277771,0.0255147016443461,0.017058722109232,0,0,0.666666666666667
1.6,"paired",10,10,0.0827572192387867,0.108863655489408,0.0911366608568396,0.0261064362506215,0.00837944161805296,0.0773318072406569,0.0923973055488576,-23.7203509693512,-8.8598302544389,0.322027052744306,0.316916021818496,0.93,0.94,1e+06,1500000,0.0322584068888222,0.0318401230016772,0.00215115810375442,0.00298916509429848,0.0255147016443461,0.0237486841740758,0,0,0.666666666666667
1.8,"paired",10,10,0.209355167429093,0.206326456718297,0.181305995838787,-0.0030287107107953,-0.0280491715903058,0.069160237950011,0.0827418151209921,-18.0879484049587,-2.00219041818673,0.288654343325729,0.290473309748336,0.92,0.94,1e+06,1500000,0.0290092560693889,0.0290572384711312,0.00136734919542775,0.00190060783521905,0.0271293199325011,0.0237486841740758,0,0,0.666666666666667
2,"paired",10,10,0.320926943086197,0.339308227130769,0.312808204140182,0.0183812840445717,-0.00811873894601517,0.0636993368557584,0.0757758889565859,19.671185858589,42.3592605282142,0.230357484494711,0.229700372287799,0.96,0.97,1e+06,1500000,0.0230779747766995,0.0230713314400134,0.000920531011922992,0.00120677210930124,0.0195959179422654,0.017058722109232,0,0,0.666666666666667
2.5,"paired",10,10,0.553455545741402,0.646248738978915,0.616103193560418,0.0927931932375123,0.0626476478190156,0.0549986872365121,0.0664361258372903,-7.72491997536829,11.4644573569507,0.25724692722211,0.250861848383303,0.9,0.95,1e+06,1500000,0.0241136628470048,0.0244137192754178,0.000620019907693253,0.000981167754371264,0.03,0.0217944947177034,0,0,0.666666666666667
3,"paired",10,10,0.740802270462108,0.741931561360605,0.709640782736824,0.001129290898497,-0.031161487725284,0.0536938837248089,0.0654890610585005,14.2813148414704,39.386006120484,0.213484315094285,0.217910889267137,0.95,0.96,1e+06,1500000,0.0214556807700545,0.021675783010787,0.000466720531940217,0.000783020264841016,0.0217944947177034,0.0195959179422654,0,0,0.666666666666667
4,"paired",10,10,1.03343137973649,1.10490546341125,1.07197051978238,0.0714740836747629,0.0385391400458917,0.0494104181817434,0.0605873915911099,-39.0321703283902,-25.2408316564549,0.2888714718382,0.28586405418391,0.87,0.9,1e+06,1500000,0.0281299622073346,0.0284681271641141,0.000538672973447925,0.000905041531410708,0.0336303434416005,0.03,0,0,0.666666666666667
5,"paired",10,10,1.2588482363055,1.30343445193793,1.27097056859855,0.0445862156324326,0.0121223322930586,0.047607658468512,0.0585179894250748,-17.2689108039763,1.69071864561181,0.239362466585255,0.238990720720963,0.9,0.94,1e+06,1500000,0.023635801423751,0.0239885523309424,0.000529381836102675,0.000922502057560048,0.03,0.0237486841740758,0,0,0.666666666666667
0.2,"paired",20,20,NA,-1.91100242686379,-2.06075317506963,NA,NA,6.0118140576324,0.420357434714058,262.016009818787,-74.6871543673833,NA,NA,NA,NA,1e+06,9255000,NA,NA,1.60387354782778,0.00572029695758742,NA,NA,0.73,0,0.108049702863317
0.3,"paired",20,20,NA,-1.66057042446724,-1.89733206768994,NA,NA,2.9769730067929,0.387814238798743,144.880809012315,-68.0990508389457,NA,NA,NA,NA,1e+06,4585000,NA,NA,0.863155832765894,0.0072846532208421,NA,NA,0.57,0,0.218102508178844
0.4,"paired",20,20,-1.75327894865999,-1.62732692392074,-1.89115365707775,0.125952024739254,-0.13787470841776,3.36055384828653,0.349704759560041,175.498935662193,-71.3311277235097,0.666445337832696,0.93032165552976,0.885714285714286,0.785714285714286,1e+06,2800000,0.0787847439604478,0.0924683373342307,0.747481037881065,0.00856535275433166,0.0380271500370681,0.0490433258803997,0.3,0,0.357142857142857
0.5,"paired",20,20,-1.29513358272291,-1.34039907779035,-1.51090508271388,-0.0452654950674332,-0.215771499990971,1.77654192321142,0.282834208620747,118.945123095693,-65.1428599499629,0.614067138564259,0.894224769808042,0.91304347826087,0.760869565217391,1e+06,1780000,0.0641965975631892,0.0872173992655443,0.4513544472457,0.0103060539145242,0.0293766923779207,0.0444711765401124,0.08,0,0.561797752808989
0.6,"paired",20,20,-1.02011041426328,-1.08107496985408,-1.15661535561932,-0.0609645555908023,-0.136504941356042,0.900065159686023,0.215522999463464,53.4062974487825,-63.2664535373424,0.527526855875568,0.774938359255444,0.938144329896907,0.896907216494845,1e+06,1585000,0.0534797378522521,0.0766663940463468,0.353727448750263,0.0101855370545502,0.0244590012902277,0.0308746487094359,0.03,0,0.630914826498423
0.7,"paired",20,20,-0.817377860209195,-0.858405290250655,-0.857673350709199,-0.0410274300414599,-0.0402954905000042,0.339307482226873,0.161880710524424,72.1940684613026,-17.8476761913292,0.379976549214406,0.44351177217007,0.96,0.96,1e+06,1505000,0.0379658176850673,0.044390253445976,0.198908790864649,0.00845057693121365,0.0195959179422654,0.0195959179422654,0,0,0.664451827242525
0.8,"paired",20,20,-0.654666659991881,-0.64011363355667,-0.630382236228449,0.0145530264352111,0.0242844237634321,0.0876133919537071,0.112443965643756,46.2148810740956,87.6537444502599,0.252943725167792,0.244768267960578,0.98,0.98,1e+06,1500000,0.0253796899479067,0.0244787625460697,0.00435839923060558,0.00557994349318724,0.014,0.014,0,0,0.666666666666667
0.9,"paired",20,20,-0.51781874475336,-0.469468668532999,-0.472341187626383,0.0483500762203619,0.0454775571269771,0.0613411198773616,0.0761476978238729,-2.30004680218904,21.2828609648369,0.261128564835488,0.25342763302839,0.94,0.95,1e+06,1500000,0.0257906093438786,0.0250569768868559,0.00193144758141684,0.00292608687396613,0.0237486841740758,0.0217944947177034,0,0,0.666666666666667
1,"paired",20,20,-0.399253848108886,-0.37008812899088,-0.376795713587257,0.0291657191180061,0.0224581345216288,0.055221965414712,0.0673814238156448,-5.27429026620898,15.5835933378397,0.247865597149941,0.24128427945334,0.92,0.93,1e+06,1500000,0.02473837142979,0.0241447101313001,0.00186261613968363,0.00270141201406409,0.0271293199325011,0.0255147016443461,0,0,0.666666666666667
1.2,"paired",20,20,-0.200238783298563,-0.192209992894179,-0.205014115922004,0.00802879040438359,-0.00477533262344151,0.0438488002564293,0.0524347152753826,-19.6958204015505,-3.97167612241585,0.235810867044445,0.232551402548754,0.91,0.97,1e+06,1500000,0.0236861429764315,0.0233673671761439,0.00115772531886546,0.00164394024411114,0.0286181760425084,0.017058722109232,0,0,0.666666666666667
1.4,"paired",20,20,-0.0362853464174178,0.00268208784634092,-0.0154063975442022,0.0389674342637587,0.0208789488732156,0.0349992583993538,0.0419167807864848,16.4932521419633,39.5178737052764,0.176763014941145,0.173722515434083,0.94,0.96,1e+06,1500000,0.0173282925415018,0.017333211498026,0.000400510088959668,0.000476562084247979,0.0237486841740758,0.0195959179422654,0,0,0.666666666666667
1.6,"paired",20,20,0.103507084692163,0.12135106227241,0.101800262546912,0.0178439775802467,-0.00170682214525156,0.032054638955625,0.0388619839098532,-0.514169199929704,20.6133302940307,0.179358782070358,0.178608555304027,0.96,0.97,1e+06,1500000,0.0179368040940931,0.0179500155555365,0.000349137512682158,0.000406943439145902,0.0195959179422654,0.017058722109232,0,0,0.666666666666667
1.8,"paired",20,20,0.225537809680109,0.257755578884478,0.237718793668789,0.0322177692043691,0.0121809839886805,0.0297239696722429,0.0362530482244944,-7.28922434543995,13.0753482053809,0.180526293976859,0.178574164095187,0.95,0.97,1e+06,1500000,0.0178523003538585,0.0179055760491006,0.00025920953200943,0.000332667518703521,0.0217944947177034,0.017058722109232,0,0,0.666666666666667
2,"paired",20,20,0.333914686287828,0.323944007953918,0.302793687559992,-0.00997067833391013,-0.0311209987278361,0.0284799597335831,0.0349679502518569,10.043201225098,35.112030423864,0.159160014937994,0.163065684978053,0.96,0.98,1e+06,1500000,0.0159647642089926,0.0160874821326747,0.000212919052869958,0.000294772023021917,0.0195959179422654,0.014,0,0,0.666666666666667
2.5,"paired",20,20,0.561652450629241,0.576458718826352,0.553764879205968,0.0148062681971108,-0.00788757142327268,0.0257997108375742,0.0323749600734887,25.1449915001328,57.0391284119843,0.142455327981566,0.143080085635603,0.97,0.99,1e+06,1500000,0.0142397561593904,0.014358222619575,0.000139637332511322,0.000247537619864254,0.017058722109232,0.0099498743710662,0,0,0.666666666666667
3,"paired",20,20,0.746452048089074,0.747155854284764,0.724394454512502,0.000703806195689327,-0.022057593576572,0.0245570704411938,0.0307679840238581,5.18377889307009,31.7866003724212,0.151164735451372,0.153622563371776,0.98,0.98,1e+06,1500000,0.015192462877761,0.0152796671332291,0.000151249414709813,0.000279599567704455,0.014,0.014,0,0,0.666666666666667
4,"paired",20,20,1.03658596433312,1.04560417490112,1.02247509775481,0.009018210568003,-0.0141108665783107,0.0231789216581261,0.0294053146069064,17.5326478288346,49.1046277719296,0.138421217294029,0.140439190190415,0.99,0.99,1e+06,1500000,0.013882299344999,0.0140432411528916,0.000153748396362821,0.000293182936912054,0.0099498743710662,0.0099498743710662,0,0,0.666666666666667
5,"paired",20,20,1.26086031145536,1.26885919006433,1.24574361344637,0.00799887860897308,-0.0151166980089839,0.0226119136582774,0.0287410783679654,-1.80182535257983,24.8156823781036,0.150421598681603,0.151740116880795,0.94,0.98,1e+06,1500000,0.0150965496395526,0.0151745895098001,0.000156949218574615,0.000278337781426447,0.0237486841740758,0.014,0,0,0.666666666666667
0.2,"paired",100,100,-2.30258509299405,-2.31473582316045,-2.51520469437192,-0.0121507301664048,-0.212619601377876,1.86761995088054,0.28517118571143,204.717035085245,-53.4720550823194,0.520050596633848,0.740332042878347,0.875,0.7875,1e+06,2255000,0.0584942908407096,0.07127159880475,0.430346734951414,0.00935714516932718,0.0369754986443726,0.0457361659411893,0.2,0,0.443458980044346
0.3,"paired",100,100,-1.67620360874636,-1.75325840943495,-1.75381936705161,-0.0770548006885854,-0.0776157583052466,0.309314432732463,0.139492285297148,36.581895503698,-38.4053289537061,0.403933778613345,0.485660198537247,0.94949494949495,0.909090909090909,1e+06,1460000,0.040054179531171,0.0481833223280114,0.11834175002677,0.00927384040586097,0.0220087885059658,0.0288928057347149,0.01,0,0.684931506849315
0.4,"paired",100,100,-1.32963001846639,-1.34728063112745,-1.32718130135386,-0.0176506126610618,0.00244871711253092,0.0446098747983159,0.0542799684871718,16.5095873743518,41.7653996951355,0.207535016942509,0.194709263795154,0.98,0.98,1e+06,1205000,0.0207824807557665,0.0195674697042774,0.00234404917077317,0.00347565724945619,0.014,0.014,0,0,0.829875518672199
0.5,"paired",100,100,-1.08141157530944,-1.09584764117354,-1.0879876993007,-0.0144360658640978,-0.00657612399125318,0.0259729190828625,0.0281135989984367,2.0761237435214,10.4892061259943,0.163680951893775,0.158850418220157,0.96,0.96,1e+06,1030000,0.0163864485817834,0.0159513812966912,0.00078988791922469,0.00100738132461797,0.0195959179422654,0.0195959179422654,0,0,0.970873786407767
0.6,"paired",100,100,-0.885978420965938,-0.896763099044225,-0.893808275874709,-0.0107846780782869,-0.00782985490877153,0.0175939395421569,0.0183735263535271,-5.71619410986244,-1.53848215276401,0.138186106696905,0.136144471321674,0.98,0.99,1e+06,1e+06,0.0138458653722702,0.0136603867476959,0.000394779050363492,0.000446309919116772,0.014,0.0099498743710662,0,0,1
0.7,"paired",100,100,-0.724084882418989,-0.717846627962403,-0.716975891541105,0.0062382544565861,0.00710899087788464,0.0137333397327435,0.0142055628376979,-13.0524384591195,-10.0627325115446,0.126106273277153,0.125249975293703,0.93,0.94,1e+06,1e+06,0.0126586403362882,0.0125678034048091,0.000235891540867032,0.000253330814062975,0.0255147016443461,0.0237486841740758,0,0,1
0.8,"paired",100,100,-0.585591490751473,-0.575459539548216,-0.576323128680665,0.0101319512032566,0.00926836207080728,0.011198631441612,0.0115215586879709,10.3707377169605,13.553422904464,0.101173180023819,0.100651954925051,0.97,0.98,1e+06,1e+06,0.0101171700842981,0.0100729227473625,0.000145010794185016,0.000151795024698371,0.017058722109232,0.014,0,0,1
0.9,"paired",100,100,-0.464434757040508,-0.466189746097027,-0.467559671866699,-0.00175498905651961,-0.00312491482619148,0.00976002562131027,0.0100340209051128,-19.8379441568985,-17.5875376422921,0.11009294988824,0.109833418481529,0.9,0.91,1e+06,1e+06,0.011063351834923,0.011034205185121,0.0001175500008078,0.000120252332732011,0.03,0.0286181760425084,0,0,1
1,"paired",100,100,-0.356674943938733,-0.352183593026883,-0.354306178626004,0.00449135091184938,0.00236876531272884,0.00858715723314575,0.00883037084282871,25.4760616407062,29.0299136375745,0.0824678444269607,0.0823458327993875,0.97,0.97,1e+06,1e+06,0.00827602911383781,0.00827264271426964,7.5125552803086e-05,7.62693711518679e-05,0.017058722109232,0.017058722109232,0,0,1
1.2,"paired",100,100,-0.171245154473388,-0.173586930788043,-0.176470937135005,-0.00234177631465521,-0.005225782661617,0.00714585611230305,0.0073587793789212,18.5324062342785,22.0642863531713,0.0772874788779463,0.0774314689541092,1,1,1e+06,1e+06,0.00776411746108379,0.00776441219715443,4.7957768975254e-05,4.92523751651146e-05,0,0,0,0,1
1.4,"paired",100,100,-0.0152296037423545,-0.00945429737255736,-0.0124172239322313,0.00577530636979713,0.00281237981012323,0.00636533787722054,0.00655237814520155,-7.37579601124887,-4.65410923361806,0.0826111993415618,0.0825312425925041,0.97,0.97,1e+06,1e+06,0.00828242394434144,0.00828988462571954,3.32107751534095e-05,3.23031412891568e-05,0.017058722109232,0.017058722109232,0,0,1
1.6,"paired",100,100,0.11950845023525,0.127032131026582,0.123477179415584,0.00752368079133259,0.00396872918033382,0.00577977185494402,0.00597823254514751,46.927738182968,51.972812809034,0.06282560135622,0.0625313091821113,0.99,0.99,1e+06,1e+06,0.00626877012821591,0.00627196247598962,1.79303748393853e-05,1.94408576702928e-05,0.0099498743710662,0.0099498743710662,0,0,1
1.8,"paired",100,100,0.238117089498186,0.249616874196067,0.246042361832529,0.0114997846978815,0.00792527233434312,0.00544711403271218,0.00564523946486044,-26.2290066191457,-23.5457674110414,0.0860562648244321,0.0858649362181566,0.91,0.92,1e+06,1e+06,0.00857140870253015,0.00859291305962353,2.00575757860536e-05,2.31354499366621e-05,0.0286181760425084,0.0271293199325011,0,0,1
2,"paired",100,100,0.3440673193682,0.346566878204183,0.342854555544871,0.00249955883598257,-0.00121276382332897,0.00520155376721545,0.00538889567878637,-19.9590789249668,-17.076282778053,0.0802318420262912,0.0802190918288782,0.93,0.93,1e+06,1e+06,0.00805968936950433,0.00806140067143686,1.54300849999641e-05,1.77453200329102e-05,0.0255147016443461,0.0255147016443461,0,0,1
2.5,"paired",100,100,0.568114576119708,0.574978130909091,0.570964876362754,0.00686355478938261,0.00285030024304611,0.0048124152098992,0.0049937723422199,-8.16450126170721,-4.70365634912401,0.0722029114123064,0.0720831299738549,0.91,0.93,1e+06,1e+06,0.00722380466646612,0.00723896123425398,1.23342934826023e-05,1.58354764111456e-05,0.0286181760425084,0.0255147016443461,0,0,1
3,"paired",100,100,0.750926350877081,0.750427591138031,0.746279809768539,-0.000498759739050558,-0.00464654110854257,0.00461049000690067,0.00480031892279146,-2.25617560674185,1.76825654511621,0.0682070184292165,0.0684933065843544,0.96,0.97,1e+06,1e+06,0.0068548800000741,0.00686797773787374,1.17439672475635e-05,1.49928616626806e-05,0.0195959179422654,0.017058722109232,0,0,1
4,"paired",100,100,1.03909537988909,1.05035496067902,1.04615999953102,0.0112595807899245,0.00706461964192573,0.00439489446068331,0.00460051025400242,24.7584493983462,30.5952920747261,0.0601335848310231,0.059476083571112,0.97,0.98,1e+06,1e+06,0.00593676259860304,0.00593525306556095,1.1321539360602e-05,1.42916159883754e-05,0.017058722109232,0.014,0,0,1
5,"paired",100,100,1.26246416206874,1.27209764637569,1.26791034628139,0.00963348430694255,0.0054461842126452,0.00430548258415209,0.00448576254773332,14.7648275262244,19.5702816239811,0.0616501680292392,0.0611859052540124,0.97,0.97,1e+06,1e+06,0.00611996170693549,0.00612500594044232,1.21979789401158e-05,1.45093539081788e-05,0.017058722109232,0.017058722109232,0,0,1
