"theta","design","n1","n2","true_lnM","delta_mean","safe_mean","delta_bias","safe_bias","mean_var_delta","mean_var_safe","relbias_delta","relbias_safe","rmse_delta","rmse_safe","cover_delta","cover_safe","boot_keep","boot_total","mcse_bias_delta","mcse_bias_safe","mcse_varbar_delta","mcse_varbar_safe","mcse_cover_delta","mcse_cover_safe","delta_fail_prop","safe_fail_prop","boot_accept_prop"
0.2,"indep",5,5,NA,-0.825853451281949,-1.26193686679937,NA,NA,6.49185165632068,0.451468556215573,686.541111150491,-45.3008789087827,NA,NA,NA,NA,449127,380000,NA,NA,1.1548329508651,0.00931772745021719,NA,NA,0.62,0.62,0.449127
0.3,"indep",5,5,NA,-0.682656453535056,-1.05865102048448,NA,NA,4.82117841314154,0.426565480830539,244.429944365983,-69.525723331368,NA,NA,NA,NA,450439,390000,NA,NA,1.02845029369653,0.012778159338377,NA,NA,0.61,0.61,0.450439
0.4,"indep",5,5,NA,-0.681556831267577,-1.02399716771249,NA,NA,4.63782561587323,0.446367230179818,456.952749181489,-46.3961182278373,NA,NA,NA,NA,452215,390000,NA,NA,0.952742711137678,0.0109836961942884,NA,NA,0.61,0.61,0.452215
0.5,"indep",5,5,NA,-0.582802158891495,-0.907571929195453,NA,NA,5.30376797855682,0.411154988525546,331.677109012682,-66.5358293348374,NA,NA,NA,NA,572368,490000,NA,NA,1.06637222745408,0.0134328652600618,NA,NA,0.51,0.51,0.572368
0.6,"indep",5,5,NA,-0.388779443136408,-0.623563584571725,NA,NA,3.82866062561467,0.376800659627918,208.725660947154,-69.6165202236287,NA,NA,NA,NA,583943,5e+05,NA,NA,0.957512441789706,0.0161664054929738,NA,NA,0.5,0.5,0.583943
0.7,"indep",5,5,-1.55054639460591,-0.577637953057942,-0.950493723086863,0.972908441547968,0.600052671519046,5.16909785219323,0.39456977656503,130.659171510781,-82.3932259809962,1.31234208028049,1.59936801046766,0.615384615384615,0.480769230769231,603616,520000,0.123327310401926,0.207596650031065,1.04637063999383,0.0152399341602463,0.0674660014851561,0.0692862203964319,0.48,0.48,0.603616
0.9,"indep",5,5,-0.792372649921864,-0.624009209804368,-0.990569837695785,0.168363440117497,-0.198197187773921,5.02243718713296,0.413190713256017,152.107251678373,-79.2593971299689,0.842075241134099,1.41541724105645,0.901408450704225,0.732394366197183,815631,710000,0.0986150136180993,0.167507946124456,0.870013925199323,0.0111654384309118,0.0353794831336766,0.0525401065531565,0.29,0.29,0.815631
1,"indep",5,5,-0.601986402162968,-0.249820591620224,-0.403839098169648,0.352165810542744,0.19814730399332,2.10299725748899,0.369635951350831,127.269390407641,-60.0537104662907,0.731783947697385,0.975081433657139,0.791044776119403,0.761194029850746,794607,670000,0.078959808340809,0.117519917601555,0.511509018164067,0.0139083957682888,0.0496694954725895,0.0520874234642031,0.33,0.33,0.794607
1.2,"indep",5,5,-0.326963233703332,-0.273721320258332,-0.467928718854655,0.0532419134449996,-0.140965485151323,2.99332741909082,0.36415676095752,85.6924531114195,-77.4093666372623,0.782964889699012,1.26990637753457,0.869047619047619,0.738095238095238,989190,840000,0.0857426323473722,0.138528886105138,0.651220112926606,0.0127361679960402,0.0368077138129269,0.0479720476146032,0.16,0.16,0.98919
1.4,"indep",5,5,-0.12423067964925,-0.102954282493125,-0.229741872564842,0.0212763971561243,-0.105511192915593,2.40964557507551,0.334438488394866,139.566068658855,-66.7502496210641,0.689439228620284,1.00276628917736,0.897727272727273,0.784090909090909,1047188,880000,0.0738804381186553,0.106911050087469,0.551913772298782,0.0134582451007025,0.0323006150604481,0.0438608796718646,0.12,0.12,1.047188
1.6,"indep",5,5,0.0384805205680643,0.152145371637637,0.141843762102765,0.113664851069572,0.103363241534701,0.651680403196359,0.294925137962376,71.3341542408996,-22.4608430308455,0.529218249268552,0.62212265496127,0.852631578947368,0.789473684210526,1143989,950000,0.0533108364887461,0.0632752042218262,0.154426663567949,0.0126483031391204,0.0363681424397328,0.0418273375915277,0.05,0.05,1.143989
1.8,"indep",5,5,0.175328435806585,0.255957144430544,0.276555647243867,0.0806287086239595,0.101227211437282,0.494004541151689,0.267186381244155,70.8571723288701,-7.59050619710333,0.434682981187112,0.544453536987298,0.959183673469388,0.948979591836735,1203614,980000,0.0433694635171623,0.0543170062794419,0.20275982157601,0.010447677826285,0.0199873311965045,0.0222273333556515,0.02,0.02,1.203614
2,"indep",5,5,0.29389333245106,0.362247426091683,0.376839581219665,0.0683540936406231,0.0829462487686058,0.546154142178094,0.239349834713879,75.0807231464228,-23.2715841363739,0.467355878391298,0.561876167357066,0.93,0.9,1229286,1e+06,0.0464659357089448,0.0558519640792146,0.217504465525547,0.0107945964996715,0.0255147016443461,0.03,0,0,1.229286
2.5,"indep",5,5,0.53664724034191,0.606993790630956,0.640782628990797,0.0703465502890466,0.104135388648887,0.182666335221194,0.176694623752855,21.0854868495365,17.1269709599328,0.388022209115465,0.400241099977651,0.93,0.93,1255522,1e+06,0.0383514578534851,0.0388403568810734,0.0190779747911833,0.00937016203835449,0.0255147016443461,0.0255147016443461,0,0,1.255522
3,"indep",5,5,0.729307511349758,0.748163354787821,0.778377847674859,0.0188558434380625,0.0490703363251008,0.138265032719341,0.15761557558664,8.45563818728907,23.6342804995749,0.374015697517439,0.358634045636748,0.93,0.93,1262518,1e+06,0.0375421916396478,0.0357050884502423,0.00702059416438772,0.00779809251221188,0.0255147016443461,0.0255147016443461,0,0,1.262518
4,"indep",5,5,1.02706186684777,1.06434570212742,1.08172288148236,0.0372838352796481,0.0546610146345858,0.0969492470078488,0.104522526835018,-2.90231879177583,4.68255610982724,0.328554506673708,0.319118291902338,0.93,0.93,1272268,1e+06,0.0328076702479068,0.0315985963289101,0.00233899095101743,0.00344908132535892,0.0255147016443461,0.0255147016443461,0,0,1.272268
5,"indep",5,5,1.25479963118919,1.28014543903529,1.28791717170002,0.0253458078461037,0.0331175405108302,0.0830330204552258,0.0900087799169513,27.95611608821,38.7059488968249,0.260010335581639,0.255616213242448,0.96,0.97,1272687,1e+06,0.026007567786332,0.0254738679694004,0.00118519876279436,0.00227537761570043,0.0195959179422654,0.017058722109232,0,0,1.272687
0.2,"indep",10,10,NA,-0.974440639663193,-1.28706161713575,NA,NA,4.84831002117046,0.397749772032713,548.821610964242,-46.7714220575725,NA,NA,NA,NA,349979,290000,NA,NA,1.30217782732633,0.0133108278195737,NA,NA,0.71,0.71,0.349979
0.3,"indep",10,10,NA,-1.25744082484326,-1.81699933564837,NA,NA,6.84701751704782,0.4046545180249,200.544405478226,-82.2380107483195,NA,NA,NA,NA,495243,410000,NA,NA,1.22608561344738,0.0127317627252157,NA,NA,0.59,0.59,0.495243
0.4,"indep",10,10,NA,-0.925459102206523,-1.24617021993821,NA,NA,4.26391001745871,0.382211470409803,235.487619934031,-69.9273164784808,NA,NA,NA,NA,569402,470000,NA,NA,0.976938448342843,0.0122229340287659,NA,NA,0.53,0.53,0.569402
0.5,"indep",10,10,-1.84443972705697,-0.702215056105086,-0.905894269173549,1.14222467095188,0.938545457883419,3.16025365515444,0.350146428441986,260.097658793231,-60.1022820079267,1.29902366355252,1.31969717068653,0.596153846153846,0.519230769230769,649091,520000,0.0866348296958956,0.129911964595972,0.830694849465916,0.0142966504119403,0.0680433173497451,0.0692862203964319,0.48,0.48,0.649091
0.6,"indep",10,10,-1.26286432215413,-0.746403656542946,-0.952065822886201,0.516460665611182,0.310798499267927,2.94858539895967,0.364842097737633,271.785876886968,-53.9972153153425,0.766641903028375,0.935953405837745,0.827586206896552,0.758620689655172,723408,580000,0.075044803968874,0.116935510098371,0.701992920805402,0.0114538953744384,0.0495996518777984,0.0561886199795989,0.42,0.42,0.723408
0.7,"indep",10,10,-0.965510768280782,-0.602297950976244,-0.748382033695996,0.363212817304537,0.217128734584785,2.08626486893957,0.338519286826163,151.401870272677,-59.2072976454192,0.69091731868567,0.930037958162782,0.840579710144927,0.797101449275362,869711,690000,0.0712744478804927,0.10966699033097,0.56939179616162,0.0117453625163489,0.0440693559174589,0.0484140847931134,0.31,0.31,0.869711
0.8,"indep",10,10,-0.757063866314888,-0.575520961283793,-0.726818405358865,0.181542905031095,0.0302454609560225,2.48700589337503,0.325942699198665,215.052239635318,-58.7097973314552,0.628857680723297,0.883053957279324,0.813333333333333,0.746666666666667,962057,750000,0.0699907480601616,0.102592707156005,0.619516451913403,0.012362070043421,0.0449921803905556,0.0502202556153797,0.25,0.25,0.962057
0.9,"indep",10,10,-0.593721751187363,-0.573336546354968,-0.734790725579887,0.0203852048323944,-0.141068974392525,2.71125911216416,0.325701784107025,185.426472295496,-65.7119045387689,0.640064499989525,0.978580526735087,0.935897435897436,0.782051282051282,998774,780000,0.0729051160240329,0.11035476391655,0.640020045593947,0.0120263894823848,0.0277334902095941,0.046746325002028,0.22,0.22,0.998774
1,"indep",10,10,-0.458145365937078,-0.357004616261262,-0.398431482630037,0.101140749675816,0.0597138833070409,0.943446064803878,0.29522567127554,167.226267340917,-16.3788401888358,0.455557193506165,0.593805688120932,0.863636363636364,0.863636363636364,1158788,880000,0.0476219433278867,0.0633399374099301,0.274989717931731,0.0107199131131398,0.0365825024992268,0.0365825024992268,0.12,0.12,1.158788
1.2,"indep",10,10,-0.2390179004715,-0.245239376604114,-0.274443131989095,-0.00622147613261362,-0.0354252315175952,0.673951315701157,0.264618126997602,101.39195847914,-20.9260942095119,0.451608616269252,0.576523146502548,0.968421052631579,0.947368421052632,1286028,950000,0.0465754518854473,0.0593514587306728,0.216989450806555,0.0110348939254339,0.0179419289731956,0.0229097763192635,0.05,0.05,1.286028
1.4,"indep",10,10,-0.0639166857549427,-0.131575836801263,-0.139242641948474,-0.06765915104632,-0.0753259561935317,0.390071249416635,0.240480684157821,48.814198915712,-8.25537534189181,0.44926251028767,0.514897032517095,0.918367346938776,0.908163265306122,1334097,980000,0.0450954363052804,0.051717407627766,0.0809302867488235,0.0114718317334299,0.0276584051909771,0.0291727348340955,0.02,0.02,1.334097
1.6,"indep",10,10,0.0827572192387867,0.0511957903538811,0.0651565144363207,-0.0315614288849055,-0.0176007048024659,0.20075437614147,0.194445326786179,25.3406607596795,21.4016162907295,0.384338456150932,0.398591413388856,0.89,0.92,1400033,1e+06,0.0384970056664814,0.0400208695580146,0.0209664521705723,0.010203493843281,0.031288975694324,0.0271293199325011,0,0,1.400033
1.8,"indep",10,10,0.209355167429093,0.202976095587924,0.21332370628659,-0.0063790718411689,0.00396853885749748,0.214770949526761,0.153289717348345,34.3855708075579,-4.08420594043279,0.368536294153338,0.39778706763895,0.93,0.95,1425950,1e+06,0.0370337421288733,0.0399771149029157,0.0851446512502807,0.00874448507331136,0.0255147016443461,0.0217944947177034,0,0,1.42595
2,"indep",10,10,0.320926943086197,0.312658938866855,0.318441017952316,-0.00826800421934248,-0.00248592513388135,0.205643120186125,0.127692226983138,44.1888439618705,-10.4672474578718,0.344640900466818,0.375766763025044,0.96,0.95,1438546,1e+06,0.0346277448141986,0.037765154209003,0.104861214840802,0.00724224965607291,0.0195959179422654,0.0217944947177034,0,0,1.438546
2.5,"indep",10,10,0.553455545741402,0.548795204660112,0.550612169450788,-0.00466034108129043,-0.00284337629061437,0.069415120867044,0.0836991353052291,41.6875543305657,70.8435515612758,0.231338101478771,0.220249525161017,0.96,0.97,1449203,1e+06,0.0232456357187271,0.0221340654645532,0.00209455566731695,0.00303442032123992,0.0195959179422654,0.017058722109232,0,0,1.449203
3,"indep",10,10,0.740802270462108,0.767468841359682,0.759850262027506,0.0266665708975742,0.0190479915653982,0.0541865791575379,0.0639710505395694,9.74703059681958,29.5640534986638,0.23011967454919,0.221907995333193,0.94,0.96,1448831,1e+06,0.0229720864017264,0.0222202774828615,0.00144928499287822,0.00193942776860291,0.0237486841740758,0.0195959179422654,0,0,1.448831
4,"indep",10,10,1.03343137973649,1.09183392461088,1.07667840683402,0.0584025448743948,0.0432470270975314,0.0407673626656955,0.0491639246589145,15.8230015292315,39.6782364276919,0.19751888213059,0.191615005856385,0.95,0.97,1449743,1e+06,0.0189637750233034,0.0187611260233042,0.000489138260521657,0.000838309790238907,0.0217944947177034,0.017058722109232,0,0,1.449743
5,"indep",10,10,1.2588482363055,1.28137416919109,1.26503141475428,0.0225259328855945,0.00618317844878535,0.036769527942168,0.0441127592241152,-15.9719803299282,0.809230012827489,0.211146169905372,0.208228951568178,0.92,0.96,1449664,1e+06,0.021099879700299,0.020918568566304,0.000383161398426789,0.000660646071110984,0.0271293199325011,0.0195959179422654,0,0,1.449664
0.2,"indep",20,20,NA,-1.58705311585647,-2.10499104075887,NA,NA,6.053513131919,0.3870625099016,188.668914503656,-81.5424676310341,NA,NA,NA,NA,498383,420000,NA,NA,1.18569896975195,0.0103781753772508,NA,NA,0.58,0.58,0.498383
0.3,"indep",20,20,NA,-1.39308571600656,-1.77533202985389,NA,NA,5.44587540505102,0.371382391321277,246.610048610064,-76.3628693029962,NA,NA,NA,NA,612300,510000,NA,NA,1.06682489505296,0.0101386351671682,NA,NA,0.49,0.49,0.6123
0.4,"indep",20,20,-1.75327894865999,-1.11139490833351,-1.31229375317515,0.641884040326484,0.440985195484842,2.39650585686919,0.344115916706004,156.523735012546,-63.1655812658802,0.872860609167491,1.05516663417662,0.688524590163934,0.622950819672131,767714,610000,0.0763621330471232,0.123754372531694,0.625083929353433,0.0102572562493049,0.0592934462559748,0.0620527401202028,0.39,0.39,0.767714
0.5,"indep",20,20,-1.29513358272291,-1.15775300583971,-1.39693257376599,0.137380576883202,-0.10179899104308,3.30337733610128,0.346005609084496,167.996988568678,-71.9291949335838,0.675742699444953,1.10729183134701,0.917808219178082,0.849315068493151,924145,730000,0.0779738892326206,0.129942945021952,0.704418716028164,0.00878504876463958,0.0321461329375541,0.0418704759034147,0.27,0.27,0.924145
0.6,"indep",20,20,-1.02011041426328,-0.86593884617514,-0.969485440237017,0.154171568088137,0.0506249740262606,1.65883632776593,0.298409168722006,159.497916689421,-53.3187474205658,0.567847078150808,0.796128570642394,0.85,0.8,1065889,8e+05,0.0614880282427849,0.0893901852991817,0.447963388948469,0.0115154372989547,0.0399217985566783,0.0447213595499958,0.2,0.2,1.065889
0.7,"indep",20,20,-0.817377860209195,-0.698719441325975,-0.73377211594264,0.11865841888322,0.0836057442665555,0.861458074426304,0.269084588428603,102.130999076238,-36.8624680530002,0.48101708775746,0.654555195658594,0.888888888888889,0.877777777777778,1227182,9e+05,0.049412005358158,0.0688144046595171,0.2844857369514,0.0104952532504535,0.0331269329999969,0.0345259887005079,0.1,0.1,1.227182
0.8,"indep",20,20,-0.654666659991881,-0.633704605039562,-0.667317587413345,0.0209620549523188,-0.0126509274214639,0.858681608975836,0.249592687785012,68.7450748744623,-50.9509271560684,0.504097760894512,0.709734175604563,0.927083333333333,0.90625,1326296,960000,0.0516746038399029,0.0728056210999691,0.306131020666256,0.0107234259440297,0.026536104804918,0.0297491136947809,0.04,0.04,1.326296
0.9,"indep",20,20,-0.51781874475336,-0.659189113111842,-0.713318970256669,-0.141370368358482,-0.195500225503309,1.1095161468009,0.250205040421405,123.248808447098,-49.6555527356737,0.549205669126754,0.728103988199429,0.948979591836735,0.857142857142857,1346444,980000,0.053884305802966,0.0712129867297377,0.320364874876364,0.0119030225425336,0.0222273333556515,0.035347975664671,0.02,0.02,1.346444
1,"indep",20,20,-0.399253848108886,-0.447070448703222,-0.435174068486259,-0.047816600594336,-0.0359202203773734,0.32618207462992,0.207136561871525,65.9501239176125,5.38389686020697,0.386627013391249,0.442582197408564,0.94,0.95,1422852,1e+06,0.0385591530607456,0.044334442824011,0.0897504292500363,0.0101264833561131,0.0237486841740758,0.0217944947177034,0,0,1.422852
1.2,"indep",20,20,-0.200238783298563,-0.206441080732699,-0.189157987761362,-0.00620229743413628,0.011080795537201,0.312716429439068,0.1438677014013,82.6522257404196,-15.9693786468429,0.361899093909188,0.411848707814218,0.92,0.91,1469693,1e+06,0.0363668854920547,0.0413773682954293,0.184652188864462,0.00851587024388439,0.0271293199325011,0.0286181760425084,0,0,1.469693
1.4,"indep",20,20,-0.0362853464174178,-0.0650703308404464,-0.044785996711968,-0.0287849844230286,-0.00850065029455019,0.098902677586622,0.112822920752707,12.6909321630175,28.5518291235485,0.307078390613829,0.294888377333169,0.94,0.94,1481506,1e+06,0.0307266479703266,0.0296250804935631,0.00921903805747606,0.00755092912823004,0.0237486841740758,0.0237486841740758,0,0,1.481506
1.6,"indep",20,20,0.103507084692163,0.0635845387757131,0.0776918086849493,-0.0399225459164502,-0.025815276007214,0.0716050873831975,0.0846457790384267,21.88899075605,44.0873680320997,0.257021202044683,0.242538894578829,0.95,0.97,1491595,1e+06,0.0255180840269106,0.0242376047480176,0.00496704979091218,0.00526605807365569,0.0217944947177034,0.017058722109232,0,0,1.491595
1.8,"indep",20,20,0.225537809680109,0.21887657514385,0.225194573686098,-0.00666123453625894,-0.000343235994010788,0.0518935213442279,0.0607613103519406,18.6120389111991,38.8809762966964,0.21836192768116,0.208118349521503,0.93,0.95,1496334,1e+06,0.0219359857047556,0.0209166526854009,0.00192060126745317,0.00265144177561838,0.0255147016443461,0.0217944947177034,0,0,1.496334
2,"indep",20,20,0.333914686287828,0.322052564933044,0.324090438369044,-0.0118621213547834,-0.00982424791878334,0.0442627608250727,0.050897433124862,12.8425832706458,29.7568820515375,0.205604555441911,0.197305579728068,0.97,0.97,1496596,1e+06,0.0206296156868756,0.0198053599378876,0.00170289555792462,0.00230886383215745,0.017058722109232,0.017058722109232,0,0,1.496596
2.5,"indep",20,20,0.561652450629241,0.559498433882478,0.554373200674144,-0.00215401674676263,-0.00727924995509677,0.0313994030302584,0.035392865159435,19.0796811976887,34.2245613968167,0.165598913902313,0.161733424080428,0.98,0.98,1496869,1e+06,0.0166419090352695,0.0162383487320648,0.000669698244346593,0.000749215488637881,0.014,0.014,0,0,1.496869
3,"indep",20,20,0.746452048089074,0.745895918022587,0.737678479556796,-0.000556130066487026,-0.00877356853227851,0.0253898369980446,0.028707509981084,27.1090586413438,43.7183141393779,0.142260552584899,0.140897380057304,0.98,0.99,1496940,1e+06,0.0142976142465281,0.0141332390656596,0.000349845031557448,0.000395907131847693,0.014,0.0099498743710662,0,0,1.49694
4,"indep",20,20,1.03658596433312,1.09517214872221,1.08409845106843,0.0585861843890925,0.0475124867353072,0.0191866894733296,0.0219494511593515,-1.55110030547151,12.6249173178468,0.151929543967539,0.146804392695784,0.95,0.96,1496930,1e+06,0.0140885530326809,0.0139602948215682,0.000176782178671072,0.00019672890262628,0.0217944947177034,0.0195959179422654,0,0,1.49693
5,"indep",20,20,1.26086031145536,1.23953833447239,1.22736601112812,-0.0213219769829702,-0.0334943003272345,0.0175868736958469,0.0205884580792787,54.5214598433493,80.8939242615371,0.108994158569016,0.111308409205592,1,1,1496883,1e+06,0.010742674224418,0.0106684154842285,9.57155791176157e-05,0.000164807255242958,0,0,0,0,1.496883
0.2,"indep",100,100,-2.30258509299405,-1.8809738316867,-2.03345032234201,0.421611261307349,0.269134770652034,2.21114572324788,0.328851240029557,227.556065270811,-51.2844327214732,0.668899929945094,0.859202998161077,0.821917808219178,0.780821917808219,922546,730000,0.0611999297180263,0.0961622086831427,0.546210684144272,0.00911054518990685,0.0447778266971195,0.0484187004627364,0.27,0.27,0.922546
0.3,"indep",100,100,-1.67620360874636,-1.6961658163446,-1.80106490484561,-0.0199622075982404,-0.124861296099253,1.82642795483768,0.284549030980106,135.910388168506,-63.2462522413291,0.581864269957077,0.883624407776808,0.883720930232558,0.848837209302326,1138368,860000,0.0630748890950961,0.0948808386256044,0.499562213166515,0.0109177167991499,0.034566795416495,0.0386265063537326,0.14,0.14,1.138368
0.4,"indep",100,100,-1.32963001846639,-1.35873397982339,-1.35092876705408,-0.029103961356997,-0.0212987485876888,0.557858846317699,0.21513540161618,100.064772678294,-22.846046982138,0.411698964364695,0.525726335586,0.989583333333333,0.927083333333333,1354088,960000,0.0421337465312661,0.0538941011553195,0.165557116179018,0.00999556877742528,0.0103622711686747,0.026536104804918,0.04,0.04,1.354088
0.5,"indep",100,100,-1.08141157530944,-1.15856382938565,-1.13318944573536,-0.0771522540762022,-0.0517778704259184,0.283517037299658,0.162983441029272,43.9038799870147,-17.2749907337745,0.388822467793809,0.444667410175608,0.94,0.91,1390806,1e+06,0.0383010985880669,0.0443867481596282,0.0922575445591467,0.00960173550363452,0.0237486841740758,0.0286181760425084,0,0,1.390806
0.6,"indep",100,100,-0.885978420965938,-0.909925839055685,-0.876242589672188,-0.0239474180897469,0.00973583129375011,0.0977531972740898,0.104712375765983,11.073090135015,18.9805292925121,0.298966110021779,0.295334893598538,0.93,0.92,1338309,1e+06,0.0299506759688965,0.0296661411199414,0.0147182341190933,0.00739271382257907,0.0255147016443461,0.0271293199325011,0,0,1.338309
0.7,"indep",100,100,-0.724084882418989,-0.803404552949977,-0.772485108769234,-0.0793196705309874,-0.048400226350245,0.0662031358349772,0.0808403166311723,23.616459900982,50.9474382622867,0.258605042045014,0.23529195649922,0.96,0.96,1254277,1e+06,0.024738012633805,0.0231420127989906,0.00428392487373378,0.0053735636816605,0.0195959179422654,0.0195959179422654,0,0,1.254277
0.8,"indep",100,100,-0.585591490751473,-0.621851210587274,-0.602624022300672,-0.0362597198358008,-0.0170325315491989,0.0423735147024447,0.048423615517642,58.0235376851196,80.5861771282418,0.176468815322795,0.163818942162336,1,1,1124119,1e+06,0.0173573480201186,0.0163751902387631,0.00206087258215119,0.00279959238058593,0,0,0,0,1.124119
0.9,"indep",100,100,-0.464434757040508,-0.470230267501551,-0.457374543596872,-0.00579551046104354,0.00706021344363583,0.0309337506268925,0.0336363149843769,22.0157607687477,32.6758145747767,0.164657669222591,0.158583044997107,0.94,0.94,1029967,1e+06,0.0165384645300964,0.0159223924483617,0.00102348905750377,0.0012895467959315,0.0237486841740758,0.0237486841740758,0,0,1.029967
1,"indep",100,100,-0.356674943938733,-0.386737690727629,-0.377004865181693,-0.0300627467888963,-0.02032992124296,0.0260851552254511,0.0278341870201096,34.9333210124848,43.9807146955956,0.145883992850449,0.139828010142799,0.96,0.97,1004995,1e+06,0.0143471992922057,0.013903915124358,0.000770936088040691,0.000939475526481928,0.0195959179422654,0.017058722109232,0,0,1.004995
1.2,"indep",100,100,-0.171245154473388,-0.17084339648037,-0.165616824027353,0.000401757993018115,0.00562833044603561,0.0173918568191917,0.0180519272192208,32.0809697623296,37.0938179851286,0.116166155172007,0.114313491785424,0.96,0.96,1e+06,1e+06,0.0116750680563681,0.0114750041484847,0.000366143470832732,0.00040054425847937,0.0195959179422654,0.0195959179422654,0,0,1
1.4,"indep",100,100,-0.0152296037423545,-0.0223494151736432,-0.0194499929767197,-0.0071198114312887,-0.00422038923436516,0.0134715865921143,0.0138745680147239,9.6052623862382,12.8839322192153,0.111810240725416,0.110389787166118,0.95,0.95,1e+06,1e+06,0.0112145460268559,0.0110864798109636,0.000239037530379052,0.000253645668243186,0.0217944947177034,0.0217944947177034,0,0,1
1.6,"indep",100,100,0.11950845023525,0.126911253915501,0.128320500636749,0.00740280368025081,0.00881205040149929,0.0106074765095773,0.0108433328834324,-6.71116759412215,-4.63689802467671,0.107224322460198,0.106463708969761,0.95,0.95,1e+06,1e+06,0.0107507358567598,0.0106632897568044,0.000185332359361488,0.000191165380383993,0.0217944947177034,0.0217944947177034,0,0,1
1.8,"indep",100,100,0.238117089498186,0.228528904291342,0.229158163163324,-0.00958818520684326,-0.00895892633486176,0.00905637884954515,0.00923412325518967,9.57873620789746,11.7293758467779,0.0914629762532854,0.0908974036046044,0.96,0.96,1e+06,1e+06,0.00914172514803996,0.00909105211154334,0.000116860974312441,0.000121511720429841,0.0195959179422654,0.0195959179422654,0,0,1
2,"indep",100,100,0.3440673193682,0.337782010164423,0.338006913433843,-0.0062853092037769,-0.00606040593435681,0.00776700954425631,0.00792398126338577,-6.65940801222301,-4.77298916525281,0.0914978842124062,0.090965190187715,0.96,0.96,1e+06,1e+06,0.009174160960485,0.00912203310328093,9.75494628554387e-05,0.000100375306489092,0.0195959179422654,0.0195959179422654,0,0,1
2.5,"indep",100,100,0.568114576119708,0.57375488523684,0.572666462913818,0.00564030911713187,0.00455188679411012,0.00577964615424354,0.00589329546754908,-22.9759533834118,-21.4613745022183,0.0866610435901987,0.0863097525101106,0.91,0.91,1e+06,1e+06,0.00869129565099387,0.00866238455108116,5.70761845166302e-05,5.77027357518577e-05,0.0286181760425084,0.0286181760425084,0,0,1
3,"indep",100,100,0.750926350877081,0.754062018803969,0.752580583101575,0.00313566792688746,0.00165423222449335,0.00477536945039257,0.00487691074935401,17.5349197127676,20.0341291550824,0.0636142653665618,0.0634432334416506,0.98,0.98,1e+06,1e+06,0.00638570242039311,0.00637411699987323,2.90693258309044e-05,3.04538146894505e-05,0.014,0.014,0,0,1
4,"indep",100,100,1.03909537988909,1.04497428722478,1.04303330049856,0.00587890733568752,0.00393792060947273,0.00378089785209747,0.00386935479734067,-4.48952440651504,-2.2549850880201,0.0631165995277521,0.0627259286159099,0.93,0.93,1e+06,1e+06,0.00631587992580785,0.00629175739609613,1.65065860753422e-05,1.72331781840692e-05,0.0255147016443461,0.0255147016443461,0,0,1
5,"indep",100,100,1.26246416206874,1.26751039575608,1.26535363829208,0.00504623368733226,0.00288947622334002,0.00332710784214811,0.0034189619654315,22.8124423281714,26.2030235036412,0.0520544297480526,0.0518686304218979,0.93,0.95,1e+06,1e+06,0.00520702631548752,0.00520489838148621,8.38940068011696e-06,9.88387040935202e-06,0.0255147016443461,0.0217944947177034,0,0,1
0.2,"indep",3,7,NA,-0.56789735450567,-0.914353577125706,NA,NA,5.05925719789513,0.435340372173212,297.385949917392,-65.8056231247905,NA,NA,NA,NA,431197,370000,NA,NA,1.15979844307299,0.0142812829803738,NA,NA,0.63,0.63,0.431197
0.3,"indep",3,7,NA,-0.640612117900655,-1.05120299208653,NA,NA,5.56809450698847,0.437454345143816,279.438980494626,-70.1895809192921,NA,NA,NA,NA,414590,360000,NA,NA,1.1974423558373,0.0154073035220195,NA,NA,0.64,0.64,0.41459
0.4,"indep",3,7,NA,-0.706281783779974,-1.17107577108689,NA,NA,6.05713947474887,0.434222947393738,182.947367906995,-79.7161282876073,NA,NA,NA,NA,415323,370000,NA,NA,1.36769725747941,0.0133017590539056,NA,NA,0.63,0.63,0.415323
0.5,"indep",3,7,NA,-0.532981050530117,-0.862161465806549,NA,NA,4.4528143184951,0.426445037168433,251.283824632572,-66.3576262253094,NA,NA,NA,NA,478110,420000,NA,NA,0.995008099662999,0.0142989590838694,NA,NA,0.58,0.58,0.47811
0.6,"indep",3,7,NA,-0.370475619809736,-0.641114242501579,NA,NA,4.25952455466411,0.395766689037845,220.358476072972,-70.2344212943249,NA,NA,NA,NA,542387,480000,NA,NA,0.997551151505255,0.0162726604715384,NA,NA,0.52,0.52,0.542387
0.7,"indep",3,7,-2.48777198714249,-0.521933383650295,-0.883811089705853,1.9658386034922,1.60396089743664,4.57161063724357,0.409478810771885,220.47043046175,-71.2954883594038,2.10544529006046,1.99364650394731,0.586206896551724,0.310344827586207,671350,580000,0.0998576578565188,0.156829095838996,0.81829713258246,0.0160496004968127,0.0646700339637914,0.0607469192601417,0.42,0.42,0.67135
0.8,"indep",3,7,-1.25109907344903,-0.512790567300687,-0.824950937669421,0.738308506148344,0.426148135779609,4.8622162384154,0.431541185622167,331.75430060922,-61.6800747547391,0.975922613321758,1.1336810308358,0.78,0.68,575184,5e+05,0.0911743672514902,0.150076881389241,1.03302113145621,0.0115873207917742,0.0585832740635072,0.0659696900098826,0.5,0.5,0.575184
0.9,"indep",3,7,-0.895165958618435,-0.355899871815591,-0.576717187724769,0.539266086802843,0.318448770893666,2.68773913069034,0.397371784257001,129.193889395319,-66.114574242022,0.864377329876406,1.12120756120637,0.797101449275362,0.739130434782609,787935,690000,0.0819199982792227,0.1303669468001,0.616818708809114,0.0125364460304296,0.0484140847931134,0.0528625007716808,0.31,0.31,0.787935
1,"indep",3,7,-0.669887172742499,-0.252238475940375,-0.466480521742076,0.417648696802124,0.203406651000422,2.86531200262124,0.372716763956781,134.58708923726,-69.4851587936792,0.826486598841345,1.11572394682498,0.764705882352941,0.735294117647059,785715,680000,0.0871308557957446,0.134023035436355,0.624303479479063,0.0147194605885859,0.0514396842467768,0.0535005055227205,0.32,0.32,0.785715
1.2,"indep",3,7,-0.365004386932052,-0.258019147141149,-0.469936054767933,0.106985239790903,-0.104931667835882,3.10986307028886,0.376466760140795,150.847088229877,-69.6335213280364,0.725986029727675,1.11124301135838,0.884615384615385,0.782051282051282,892935,780000,0.0818305085381891,0.126072045748433,0.664178788923864,0.0131193667920221,0.0361746131971523,0.046746325002028,0.22,0.22,0.892935
1.4,"indep",3,7,-0.14926719864041,-0.0823682837469749,-0.181554866769618,0.0668989148934356,-0.0322876681292072,1.74161922454528,0.355760481533045,138.545786868271,-51.2722627266057,0.575948435287653,0.850257399196871,0.921348314606742,0.865168539325843,1027756,890000,0.0609807286339836,0.0905723688158088,0.4457990367706,0.011119084523544,0.028534543973112,0.0362035347902723,0.11,0.11,1.027756
1.6,"indep",3,7,0.0205252699151788,0.00624591045612135,-0.0762620847543184,-0.0142793594590574,-0.0967873546694972,1.58691629717377,0.33067842591305,179.513667871417,-41.755504132439,0.529243570795102,0.755604801276628,0.945652173913043,0.902173913043478,1079763,920000,0.055459603863304,0.0785563998196168,0.437738977717405,0.0126458252314064,0.0236353962371883,0.0309726639058887,0.08,0.08,1.079763
1.8,"indep",3,7,0.161731404866309,0.263282411480182,0.240074171208507,0.101551006613872,0.0783427663421971,0.85101019789402,0.274526543593377,77.7334615814428,-42.6651372573609,0.551225875263187,0.692755404540295,0.863157894736842,0.852631578947368,1113793,950000,0.0558814625579036,0.070993891067849,0.298228294158969,0.0125742393646762,0.0352608838725987,0.0363681424397328,0.05,0.05,1.113793
2,"indep",3,7,0.283197737460401,0.247947514044221,0.223317868356869,-0.0352502234161797,-0.0598798691035318,0.706508968964852,0.290179335209922,53.4606191736219,-36.970226269102,0.567149111768355,0.677624135167104,0.875,0.854166666666667,1108424,960000,0.0580757705369499,0.0692507928768678,0.221892879030792,0.0128899608931818,0.0337538578042076,0.0360216908354973,0.04,0.04,1.108424
2.5,"indep",3,7,0.530092455767112,0.566092049217862,0.591955235173524,0.0359995934507503,0.0618627794064117,0.251523853255118,0.222234634264424,23.8416732510335,9.42067165980678,0.43341220607136,0.45265564676011,0.91,0.92,1181816,1e+06,0.0434090445403873,0.0450667441127996,0.0394272148827432,0.0112229950834464,0.0286181760425084,0.0271293199325011,0,0,1.181816
3,"indep",3,7,0.724858093778693,0.72055202502384,0.741417031677507,-0.00430606875485373,0.0165589378988136,0.204686482567281,0.18371731601172,-13.4641417725784,-22.3293330711917,0.45927439279008,0.484192708433015,0.89,0.88,1192519,1e+06,0.0461567843754804,0.04863473220363,0.0343429837612023,0.00971779129513345,0.031288975694324,0.0324961536185438,0,0,1.192519
4,"indep",3,7,1.02461388154167,1.08750463323202,1.10190649942016,0.0628907516903456,0.0772926178784858,0.100237286795363,0.115580455204254,-6.00035234461313,8.38803016714944,0.331275988162598,0.333981439393017,0.9,0.92,1207799,1e+06,0.0326890049913195,0.0326551391349733,0.00311197387391928,0.00442390906919437,0.03,0.0271293199325011,0,0,1.207799
5,"indep",3,7,1.25324864119018,1.37389731578082,1.37848171812661,0.120648674590635,0.125233076936428,0.0831592774955956,0.0947781351444217,-2.35621541284985,11.2863902900535,0.318343374315301,0.316224026732587,0.91,0.92,1209977,1e+06,0.0296079434621919,0.0291832094253477,0.0016918746326352,0.00262756520608908,0.0286181760425084,0.0271293199325011,0,0,1.209977
0.2,"indep",6,14,NA,-1.01737834568361,-1.40103213865192,NA,NA,4.8241668781225,0.410789764123335,274.519779932894,-68.108712665837,NA,NA,NA,NA,321726,270000,NA,NA,1.43172115021318,0.0100283322283501,NA,NA,0.73,0.73,0.321726
0.3,"indep",6,14,NA,-0.846675377999882,-1.12115115662754,NA,NA,3.99115867866332,0.389087409398824,410.23349264644,-50.2586983314816,NA,NA,NA,NA,471429,390000,NA,NA,0.992604190825452,0.0114148239386264,NA,NA,0.61,0.61,0.471429
0.4,"indep",6,14,NA,-1.13253195768057,-1.62710913521741,NA,NA,6.49535077718908,0.403029496602512,205.197717042442,-81.0628114657293,NA,NA,NA,NA,561106,480000,NA,NA,1.18416834520037,0.0093382874365873,NA,NA,0.52,0.52,0.561106
0.5,"indep",6,14,-2.56198198970163,-0.80629071441271,-1.08568591435387,1.75569127528892,1.47629607534775,4.1657109375793,0.379329886772039,296.794056214677,-63.8679095426635,1.86288849959207,1.7915032325332,0.433962264150943,0.339622641509434,637442,530000,0.0863692551008081,0.140742107996377,0.89197289819509,0.0113801833613689,0.0680786195683954,0.0650513734404033,0.47,0.47,0.637442
0.6,"indep",6,14,-1.39883117989595,-0.822179753230538,-1.11386900144164,0.576651426665411,0.284962178454311,4.40054588039877,0.380255903042404,345.07291869789,-61.5407703455535,0.84758300401884,1.0262407599758,0.76271186440678,0.677966101694915,700694,590000,0.081565510039725,0.129452870820066,0.896139835050112,0.0113948925639715,0.0553850123977925,0.0608315354556342,0.41,0.41,0.700694
0.7,"indep",6,14,-1.03592568620658,-0.529159501517825,-0.683377125682893,0.506766184688755,0.352548560523687,1.63856910220021,0.339156940786171,49.4736459274557,-69.0614058248506,0.804004231618594,1.09755603113681,0.753623188405797,0.739130434782609,856003,690000,0.0756939307649959,0.126044970613751,0.439868150037125,0.012670628610236,0.0518743295123951,0.0528625007716808,0.31,0.31,0.856003
0.8,"indep",6,14,-0.802343654837751,-0.473113335436562,-0.601529673001399,0.329230319401189,0.200813981836352,1.68433677908944,0.323779588069333,78.2222642685122,-65.740383974256,0.699131268376246,0.986132103201454,0.835616438356164,0.808219178082192,928911,730000,0.0726857703489985,0.113781605478773,0.461144562441136,0.0119514447784788,0.0433781723888433,0.0460792851956453,0.27,0.27,0.928911
0.9,"indep",6,14,-0.625964991095738,-0.465962021530324,-0.598636765142991,0.160002969565413,0.0273282259527468,1.98008325264634,0.324658596548268,156.420170678739,-57.956811852246,0.611178664902129,0.873377857564243,0.842105263157895,0.789473684210526,945315,760000,0.0681115173972605,0.10079960649062,0.499710961021512,0.0125032726420027,0.0418273375915277,0.0467643850862441,0.24,0.24,0.945315
1,"indep",6,14,-0.482540448021794,-0.444429487251329,-0.584822965755003,0.0381109607704641,-0.10228251773321,1.89878905848621,0.31665404949079,84.8717671911847,-69.1696171009759,0.664502020461731,1.01298275039402,0.866666666666667,0.8,1133080,9e+05,0.0703211325555659,0.106827191082744,0.452410846794059,0.0119376533282442,0.0358322566591047,0.0421637021355784,0.1,0.1,1.13308
1.2,"indep",6,14,-0.254619790305178,-0.299414701949389,-0.372888952195406,-0.044794911644211,-0.118269161890228,1.13123692944174,0.291743908653509,76.2732880464768,-54.5394455330733,0.558840104012858,0.805550872899356,0.914893617021277,0.861702127659574,1210561,940000,0.0577625541671487,0.0826265477251424,0.333114394985913,0.0117150504476932,0.0287807719787276,0.0356059358615973,0.06,0.06,1.210561
1.4,"indep",6,14,-0.0748580413796963,-0.140511388412952,-0.186067215902195,-0.0656533470332558,-0.111209174522498,0.951481275440231,0.246903193273721,70.0555899226464,-55.8716821132174,0.551202360549184,0.752403631216083,0.927835051546392,0.845360824742268,1286251,970000,0.0558563708969192,0.075948429856025,0.290718191382502,0.0116862488591815,0.0262731819421226,0.0367108934552383,0.03,0.03,1.286251
1.6,"indep",6,14,0.0746203431648513,-0.0125337589997564,-0.0634811990871962,-0.0871541021646077,-0.138101542252048,1.1059035752031,0.218211162541522,66.5288817398587,-67.1413840266132,0.608719751401682,0.822468966059439,0.919191919191919,0.848484848484849,1329629,990000,0.0608564636298788,0.0819023288497036,0.371096758629005,0.0125717439087189,0.0273913159733053,0.0360356600006402,0.01,0.01,1.329629
1.8,"indep",6,14,0.203049913633128,0.188430802818444,0.20023428612565,-0.0146191108146841,-0.00281562750747757,0.207155951764287,0.181197421247699,21.2096839915742,6.02100486358399,0.383939930872323,0.411325528134481,0.929292929292929,0.939393939393939,1356971,990000,0.0387556647758319,0.0415491794089809,0.0348350323124356,0.0103277729919115,0.0257626267676778,0.0239808353667596,0.01,0.01,1.356971
2,"indep",6,14,0.315889117091827,0.308477047627246,0.32002821539759,-0.00741206946458062,0.00413909830576359,0.164926237818987,0.153044833530205,13.5556706190203,5.37503878171908,0.370090500966145,0.379213624016749,0.94,0.96,1381018,1e+06,0.0371880343702035,0.0381101328694162,0.02864210742741,0.00988529984118192,0.0237486841740758,0.0195959179422654,0,0,1.381018
2.5,"indep",6,14,0.55029722493605,0.55629527111405,0.565025444456074,0.00599804617799915,0.014728219520023,0.0809951973260421,0.100584235195632,6.03392464959585,31.6786867342027,0.290710107039291,0.275389135390938,0.94,0.95,1403190,1e+06,0.0292112455474386,0.0276380383904521,0.00400552019099954,0.00539100414117087,0.0237486841740758,0.0217944947177034,0,0,1.40319
3,"indep",6,14,0.738633069662809,0.751087824786603,0.750756496127185,0.0124547551237942,0.0121234264643759,0.0637228862053323,0.0753517622392973,12.4107849892996,32.9247817864482,0.246175060940561,0.237207972576191,0.95,0.98,1405703,1e+06,0.02470983930796,0.0238091410983918,0.00366548152276866,0.00379217505436248,0.0217944947177034,0.014,0,0,1.405703
4,"indep",6,14,1.03222437854685,1.03826698879124,1.02643634590647,0.00604261024439068,-0.00578803264037564,0.0443598189882556,0.0540627749715703,0.391860006607669,22.3508720347024,0.211862226856346,0.209232654560883,0.96,0.98,1407174,1e+06,0.0212842925983877,0.0210206253721876,0.000864118052576852,0.00105453739673702,0.0195959179422654,0.014,0,0,1.407174
5,"indep",6,14,1.25807959664605,1.26016355260529,1.24856392962019,0.00208395595923871,-0.0095156670258667,0.0392119480432077,0.0465451582735012,-1.07582850872652,17.4244445611999,0.200389080937265,0.198324363509677,0.95,0.97,1407188,1e+06,0.0201387713121743,0.01990939203841,0.000548455061046035,0.000617608031946284,0.0217944947177034,0.017058722109232,0,0,1.407188
0.2,"indep",12,28,NA,-1.52478392902943,-2.08915906699833,NA,NA,6.17324656756677,0.381698289462918,94.2922427546844,-87.9867074960189,NA,NA,NA,NA,534781,440000,NA,NA,1.16218781839564,0.0119103922446441,NA,NA,0.56,0.56,0.534781
0.3,"indep",12,28,NA,-1.36815003663033,-1.78069346181329,NA,NA,5.212297002525,0.377478594018857,207.499650398415,-77.730636677562,NA,NA,NA,NA,592698,490000,NA,NA,0.998516777093071,0.0108525780979399,NA,NA,0.51,0.51,0.592698
0.4,"indep",12,28,-1.94424625400898,-1.18821004788812,-1.50384311532993,0.756036206120855,0.440403138679045,4.44469865411377,0.352257032038163,224.887728192757,-74.2515756894162,1.03264618968393,1.24033852709347,0.706896551724138,0.551724137931034,724482,580000,0.0931672150851437,0.15358206773716,0.917039199312881,0.0117190043978887,0.0597687810455138,0.0653009760653792,0.42,0.42,0.724482
0.5,"indep",12,28,-1.36303435330244,-1.05548761697074,-1.29449121155999,0.307546736331705,0.0685431417424542,3.5303327327103,0.342492610857134,260.428276699947,-65.0333181430942,0.707029180068806,0.985178647643125,0.805555555555556,0.736111111111111,907008,720000,0.0755547806524739,0.116635872860435,0.68995236467343,0.0115019131380398,0.0466422261102081,0.0519416797970298,0.28,0.28,0.907008
0.6,"indep",12,28,-1.058151567492,-0.975575326812454,-1.15653351123856,0.0825762406795429,-0.0983819437465587,2.69314434146982,0.332922652619949,202.831839135138,-62.5643610592278,0.601982472056241,0.942275215501903,0.9,0.8125,1021335,8e+05,0.0670880831480767,0.105434818480533,0.596033567589737,0.00951857921860493,0.0335410196624968,0.0436382501367779,0.2,0.2,1.021335
0.7,"indep",12,28,-0.842414379200356,-0.748299411844496,-0.834308470749487,0.0941149673558599,0.00810590845086867,1.38171524328288,0.289169710630978,141.499555764929,-49.4582136242983,0.543492075025902,0.75203243687152,0.883720930232558,0.825581395348837,1137295,860000,0.0580594024949059,0.0815646319224716,0.365371352136401,0.0114188040803627,0.034566795416495,0.0409191993094252,0.14,0.14,1.137295
0.8,"indep",12,28,-0.672621910644767,-0.681530819214103,-0.734449856959852,-0.00890890856933635,-0.0618279463150853,1.13267741890566,0.285067966460115,147.656135414436,-37.6708410306501,0.474140908952346,0.675511725722017,0.946808510638298,0.914893617021277,1251222,940000,0.0491574421334102,0.0697532823170656,0.356084483249026,0.0100946471999925,0.023146654282654,0.0287807719787276,0.06,0.06,1.251222
0.9,"indep",12,28,-0.531415775693636,-0.542614079993232,-0.575379763199763,-0.0111983042995958,-0.0439639875061268,0.888787285126406,0.242595275089948,75.0050811587447,-52.2322084076548,0.508991299441718,0.71008141442402,0.912087912087912,0.879120879120879,1258402,910000,0.0536394072475516,0.0747055540782892,0.321359341626167,0.0115928342788316,0.0296839677583607,0.0341726963522744,0.09,0.09,1.258402
1,"indep",12,28,-0.409949443099545,-0.448085517812365,-0.463611337347418,-0.038136074712821,-0.0536618942478739,0.628417249921934,0.222664554416515,80.4492874375169,-36.0621303965738,0.458011646467588,0.589557000749806,0.969387755102041,0.918367346938776,1371784,980000,0.046342551098577,0.0596119632910265,0.217636726036353,0.0113132631397894,0.0174013649946258,0.0276584051909771,0.02,0.02,1.371784
1.2,"indep",12,28,-0.207397101698341,-0.240222307544606,-0.216097283959025,-0.0328252058462647,-0.00870018226068386,0.243355525893246,0.173190173821692,79.315989566941,27.6148026148809,0.327205854630951,0.366649414810557,0.97,0.95,1446341,1e+06,0.0327195269849736,0.0368392769384666,0.0805129000033303,0.00899722985048661,0.017058722109232,0.0217944947177034,0,0,1.446341
1.4,"indep",12,28,-0.0414320722515917,-0.0818385379711695,-0.0549092769199155,-0.0404064657195778,-0.0134772046683238,0.111874507211496,0.128887462209118,51.7749304357497,74.8556136551111,0.27650184376207,0.270472404671982,0.97,0.97,1469286,1e+06,0.0274911532384982,0.0271497319672341,0.0117807063793734,0.00709301365456307,0.017058722109232,0.017058722109232,0,0,1.469286
1.6,"indep",12,28,0.0996205513262785,0.0920293608492749,0.107183217755593,-0.0075911904770035,0.00756266642931491,0.0878691757686763,0.0964756814038662,2.45932347918401,12.4948875684934,0.298224864808354,0.291478390026198,0.97,0.98,1471929,1e+06,0.0299630148813302,0.0292848183388394,0.00935655101582425,0.0074711249369388,0.017058722109232,0.014,0,0,1.471929
1.8,"indep",12,28,0.22249551249365,0.288660251929153,0.297326460503273,0.0661647394355028,0.0748309480096225,0.054522040543906,0.0636199174529546,0.392238505964548,17.1442936278854,0.251883421711711,0.243650569956349,0.9,0.9,1484159,1e+06,0.0244262413512975,0.0233042956676663,0.00292643250878587,0.00361230284840465,0.03,0.03,0,0,1.484159
2,"indep",12,28,0.331466700981724,0.27315940633696,0.283079747902011,-0.0583072946447644,-0.0483869530797128,0.0562405640579482,0.0666463824897485,0.972699894056017,19.6550086380367,0.254342875167907,0.239756316854266,0.98,0.98,1484351,1e+06,0.024881650684931,0.0236005894129411,0.00282784624789602,0.00377021490675396,0.014,0.014,0,0,1.484351
2.5,"indep",12,28,0.560101460630239,0.536732296329317,0.53548817589641,-0.0233691643009221,-0.0246132847338291,0.0358122873673428,0.0399934890359254,17.4577423659865,31.1713179142619,0.179769931552703,0.175472010242087,0.99,1,1485383,1e+06,0.0179142487305271,0.0174612449927568,0.000941289777520084,0.00110266876657962,0.0099498743710662,0,0,0,1.485383
3,"indep",12,28,0.745380810400251,0.751707338024674,0.745753273933995,0.00632652762442276,0.000372463533743761,0.0278139698350008,0.0310996977855114,-0.804870721520434,10.9132770566751,0.169212725374157,0.166611509182007,0.92,0.94,1485738,1e+06,0.0169946282293617,0.0167450448762401,0.000562452625894442,0.000600124973032301,0.0271293199325011,0.0237486841740758,0,0,1.485738
4,"indep",12,28,1.03598662353616,1.01806335181222,1.00929902339558,-0.0179232717239348,-0.0266876001405758,0.0216665383247156,0.0244360026558724,18.2356111850923,33.3487456850376,0.136690860426725,0.137309369431998,0.98,0.98,1485571,1e+06,0.0136193369863797,0.0135369434401759,0.000264860885671632,0.000284447511027182,0.014,0.014,0,0,1.485571
5,"indep",12,28,1.2604776827778,1.25995911702158,1.24954595247815,-0.000518565756219003,-0.0109317302996523,0.0182696468367806,0.0207843996972587,27.6871856255263,45.2628792427532,0.119678547508862,0.119517990813079,0.98,0.99,1485618,1e+06,0.0120280336786871,0.0119616590352367,0.000167633845003156,0.000234922719414514,0.014,0.0099498743710662,0,0,1.485618
0.2,"indep",60,140,-2.40823963982765,-1.91020371606425,-2.14850104443262,0.4980359237634,0.259738595395029,2.98695058214463,0.339852273347301,143.495103768561,-72.2953687083547,0.821082139243792,1.12776723965949,0.781818181818182,0.727272727272727,698816,550000,0.0888336041299082,0.149343923788126,0.707819527595833,0.00974410954906176,0.0556904614644349,0.0600525690068924,0.45,0.45,0.698816
0.3,"indep",60,140,-1.70418293557038,-1.74060999791443,-1.89949452267921,-0.0364270623440479,-0.195311587108824,2.13664235505465,0.307396573212379,89.3224919535425,-72.7623646882829,0.658515252596835,1.07359785944874,0.8875,0.7875,1030064,8e+05,0.0739753129391917,0.118773571824603,0.504394820301235,0.0109578201817831,0.0353277069026565,0.0457361659411893,0.2,0.2,1.030064
0.4,"indep",60,140,-1.3434239967258,-1.40363058719509,-1.42819459513952,-0.0602065904692872,-0.0847705984137188,0.692008752118864,0.24407236671293,90.4618213519801,-32.8238734503053,0.470977811152507,0.605413411512178,0.945054945054945,0.868131868131868,1234110,910000,0.0492381136318503,0.063187493882483,0.135864937460887,0.0112895183009186,0.0238875791629305,0.0354684394092695,0.09,0.09,1.23411
0.5,"indep",60,140,-1.08976250011841,-1.11687022441475,-1.08767988485814,-0.0271077242963402,0.00208261526027131,0.231918199317209,0.181319372388235,34.446278961801,5.11341927049189,0.377833748748577,0.41323203108792,0.919191919191919,0.898989898989899,1366919,990000,0.0380686159476834,0.041742208637615,0.0331104124549284,0.0103680140559062,0.0273913159733053,0.0302860204614975,0.01,0.01,1.366919
0.6,"indep",60,140,-0.891612283389109,-0.895585893007074,-0.852899940203726,-0.00397360961796567,0.0387123431853831,0.0972246127846073,0.120345350789969,72.7320968559429,113.809077695874,0.250928401110538,0.239211503871169,0.96,0.96,1374579,1e+06,0.0252160909246487,0.0237247469293702,0.00617140682665111,0.0067704237457438,0.0195959179422654,0.0195959179422654,0,0,1.374579
0.7,"indep",60,140,-0.728154080870475,-0.770966903049304,-0.736679863197014,-0.0428128221788299,-0.00852578232653911,0.0755818770215415,0.0924389675165473,24.9935081321055,52.8709168562978,0.264481297601905,0.244819616445401,0.94,0.94,1285995,1e+06,0.0262307975052288,0.0245903725170484,0.00513585597237761,0.00620683167542338,0.0237486841740758,0.0237486841740758,0,0,1.285995
0.8,"indep",60,140,-0.588673164605307,-0.669335097299527,-0.640776435173841,-0.08066193269422,-0.0521032705685344,0.0595801350019872,0.0727744790720391,25.5665740418002,53.3739729600788,0.246156266017979,0.2229109715521,0.97,0.97,1251428,1e+06,0.0233736793855753,0.0217828007480193,0.00338125286106879,0.00472643765056969,0.017058722109232,0.017058722109232,0,0,1.251428
0.9,"indep",60,140,-0.466851680175666,-0.468352774741231,-0.451989242870478,-0.00150109456556491,0.0148624373051882,0.0371155371917665,0.0417159454772316,29.8773937977283,45.9754778813458,0.176356127282365,0.168856399439798,0.93,0.93,1079867,1e+06,0.0177238156120483,0.0169048410940586,0.00135900892948645,0.00182396445000309,0.0255147016443461,0.0255147016443461,0,0,1.079867
1,"indep",60,140,-0.358622366069503,-0.349643065675677,-0.337098097217562,0.00897930039382561,0.0215242688519405,0.0303046126463829,0.0334072865222629,-10.1419719853793,-0.942047230942977,0.190797452902605,0.183986510661021,0.97,0.97,1039893,1e+06,0.0191546181362365,0.0183643654598657,0.00137740354663548,0.00184231661530626,0.017058722109232,0.017058722109232,0,0,1.039893
1.2,"indep",60,140,-0.17258833862568,-0.204014127187596,-0.196400870032501,-0.0314257885619159,-0.023812531406821,0.0216874474879646,0.0228290274314934,22.6291400902332,29.0840706161461,0.139147026129279,0.134445444110124,0.99,1,1004999,1e+06,0.0136234774680351,0.0132986445690307,0.000592662025480928,0.000682283074302877,0.0099498743710662,0,0,0,1.004999
1.4,"indep",60,140,-0.0162124050415837,-0.0327053952890809,-0.0283610622012323,-0.0164929902474972,-0.0121486571596486,0.0161355687963079,0.0167142855801344,-10.7976913465706,-7.59836978403484,0.137133684794392,0.134370521483217,0.95,0.96,1e+06,1e+06,0.0136824110263792,0.0134494366120182,0.000453045220441282,0.000490808930937257,0.0217944947177034,0.0195959179422654,0,0,1
1.6,"indep",60,140,0.118757981051209,0.127235684012094,0.129512473191411,0.00847770296088529,0.0107544921402021,0.0121539673100952,0.0124709783678674,-2.26540263675479,0.283801857594068,0.112473765257275,0.111476400666424,0.95,0.96,1e+06,1e+06,0.0112718817156082,0.0111515405487121,0.000274033231226473,0.000287817813186328,0.0217944947177034,0.0195959179422654,0,0,1
1.8,"indep",60,140,0.237525198337027,0.253341806123572,0.254473116628065,0.0158166077865446,0.0169479182910376,0.00997167769875672,0.0102018203589882,-13.3284030227259,-11.3280543855707,0.108658708924205,0.108061594074762,0.89,0.9,1e+06,1e+06,0.0108042967244106,0.0107261957161522,0.000167006773916557,0.00017311996098509,0.031288975694324,0.03,0,0,1
2,"indep",60,140,0.343588506786721,0.324077907582247,0.324581261541507,-0.0195105992044736,-0.0190072452452137,0.00889391649284765,0.00906675537475043,18.1021336251949,20.3972575722803,0.0889856218901417,0.0884119201846542,0.99,0.99,1e+06,1e+06,0.00872577594700609,0.00867796015860891,0.000123150562501866,0.000127016713359678,0.0099498743710662,0.0099498743710662,0,0,1
2.5,"indep",60,140,0.567808742330832,0.550806461466958,0.550284834482319,-0.0170022808638746,-0.0175239078485129,0.00656428908361524,0.00670710589488989,15.4159800825194,17.92704290068,0.0772539720550917,0.077056581943121,0.98,0.98,1e+06,1e+06,0.00757394433335737,0.00754155456101092,7.43643084004124e-05,7.57174838117978e-05,0.014,0.014,0,0,1
3,"indep",60,140,0.750714194302349,0.744147510337681,0.742835288924562,-0.00656668396466764,-0.00787890537778635,0.00528836225323156,0.00541045335878935,33.1670385327909,36.2414328688428,0.0632376679548361,0.0631948538134447,0.99,0.99,1e+06,1e+06,0.00632126546440326,0.00630176534393382,4.40563090526283e-05,4.64518862735904e-05,0.0099498743710662,0.0099498743710662,0,0,1
4,"indep",60,140,1.03897616906418,1.04446836011136,1.04261365461523,0.00549219104717835,0.00363748555104615,0.00402049356027581,0.00411313233997322,9.75597972913837,12.2849378966286,0.0605129306723852,0.0603300951915811,0.98,0.98,1e+06,1e+06,0.00605667727026822,0.00605237167362253,2.08131163172384e-05,2.30471857872713e-05,0.014,0.014,0,0,1
5,"indep",60,140,1.26238790477649,1.26188246218469,1.25978434310227,-0.00050544259180052,-0.00260356167421794,0.00348369518875393,0.003580968867995,19.5837191097253,22.9228023833381,0.0537815959223978,0.0537664567041827,0.98,0.98,1e+06,1e+06,0.00540501505594711,0.0053973930605257,1.25919061322067e-05,1.21992566482322e-05,0.014,0.014,0,0,1
0.2,"paired",5,5,NA,-1.70723405234882,-2.66874895085031,NA,NA,13.6921237601139,0.452207326338871,375.049478865232,-84.3106256940133,NA,NA,NA,NA,133574,120000,NA,NA,2.69849200753089,0.0252307592653208,NA,NA,0.88,0.88,0.133574
0.3,"paired",5,5,NA,-0.825345162525695,-1.13339097135787,NA,NA,5.47649334264033,0.419208407810054,309.604337777338,-68.6460712122504,NA,NA,NA,NA,231468,2e+05,NA,NA,1.78798626307616,0.0213203332524675,NA,NA,0.8,0.8,0.231468
0.4,"paired",5,5,NA,-1.08285245270742,-1.51969452267213,NA,NA,5.65963534847931,0.44750405620745,338.708821440597,-65.3115501263862,NA,NA,NA,NA,352151,310000,NA,NA,1.28476614005341,0.00854978321380251,NA,NA,0.69,0.69,0.352151
0.5,"paired",5,5,NA,-0.821484426383609,-1.11419939764682,NA,NA,4.08631713423242,0.415733901760592,244.423259388213,-64.9590521785434,NA,NA,NA,NA,472196,4e+05,NA,NA,1.04016791709467,0.0168091395809371,NA,NA,0.6,0.6,0.472196
0.6,"paired",5,5,NA,-0.951151267360921,-1.32179591482826,NA,NA,5.14813355879029,0.423571621750623,182.012204794795,-76.7969564941768,NA,NA,NA,NA,547556,470000,NA,NA,1.10483075413755,0.0147884948380134,NA,NA,0.53,0.53,0.547556
0.7,"paired",5,5,-1.55054639460591,-0.564698092689312,-0.683741848068578,0.985848301916597,0.866804546537331,2.03466583215853,0.38325505375818,203.615780313989,-42.8101261804629,1.13453421388354,1.18779537576003,0.650793650793651,0.555555555555556,749471,630000,0.0713092999500275,0.103136906568101,0.55376538060241,0.0123665094440579,0.0600609842035342,0.062604018868779,0.37,0.37,0.749471
0.8,"paired",5,5,-1.06013176810005,-0.761867255803951,-0.971901050186722,0.298264512296094,0.0882307179133236,2.59847946144149,0.401872186996471,131.916104588494,-64.132626971399,0.705603162845209,1.05556553025663,0.9,0.825,939149,8e+05,0.0719453118714323,0.118344804588946,0.545978614245225,0.0100538698326661,0.0335410196624968,0.0424816136699161,0.2,0.2,0.939149
0.9,"paired",5,5,-0.792372649921864,-0.54897242980713,-0.728077742094643,0.243400220114734,0.0642949078272208,2.30639083066325,0.362441551781514,51.7346722319534,-76.1554072572368,0.835730852192139,1.2272139601215,0.821428571428571,0.738095238095238,1006418,840000,0.08775667277371,0.134519236262453,0.554928700896728,0.0134861118344652,0.0417879672629443,0.0479720476146032,0.16,0.16,1.006418
1,"paired",5,5,-0.601986402162968,-0.500791329313047,-0.616597614410952,0.101195072849921,-0.0146112122479839,1.93962920592142,0.348776510993483,107.823496408384,-62.6299945584963,0.685233359314633,0.960684005647924,0.897727272727273,0.795454545454545,1073279,880000,0.0726592040311667,0.102984223274726,0.477926416573867,0.0135008204218548,0.0323006150604481,0.042999287992288,0.12,0.12,1.073279
1.2,"paired",5,5,-0.326963233703332,-0.26507234598395,-0.298729377883222,0.0618908877193825,0.0282338558201103,0.929643209460026,0.297094601572959,44.182454152685,-53.9222915475452,0.611764681448442,0.799323879449174,0.917525773195876,0.865979381443299,1202080,970000,0.0621176256090193,0.0815297436550003,0.296245367089167,0.0131592835429848,0.0279307369979622,0.0345902513467411,0.03,0.03,1.20208
1.4,"paired",5,5,-0.12423067964925,-0.0990696844916018,-0.0869322431766343,0.025160995157648,0.0372984364726155,0.459045310994359,0.257078351549602,40.404106213621,-21.3697312406782,0.505264564598161,0.570088396247265,0.908163265306122,0.877551020408163,1244634,980000,0.051238194975455,0.0577596875591684,0.118538356714,0.0115478634258522,0.0291727348340955,0.0331131681970861,0.02,0.02,1.244634
1.6,"paired",5,5,0.0384805205680643,0.126067753914915,0.145789443710929,0.0875872333468505,0.107308923142865,0.242408948603304,0.206631540344365,2.42538921552351,-12.6916887106769,0.480256857053796,0.495775574019817,0.898989898989899,0.848484848484849,1289989,990000,0.0476996475944107,0.048893701318873,0.0233210986365943,0.00996433571079341,0.0302860204614975,0.0360356600006402,0.01,0.01,1.289989
1.8,"paired",5,5,0.175328435806585,0.300940864843448,0.324280709626967,0.125612429036863,0.148952273820382,0.18384336950272,0.174615462372826,5.25534649758557,-0.0278821825225428,0.446666630056832,0.441686153234915,0.868686868686869,0.848484848484849,1291476,990000,0.0432992194959332,0.0420033864139152,0.00746344068300671,0.00756443057177738,0.0339443979189425,0.0360356600006402,0.01,0.01,1.291476
2,"paired",5,5,0.29389333245106,0.384481999203772,0.400748247315099,0.0905886667527127,0.106854914864039,0.164939714085266,0.150246549543958,12.2964636443095,2.29286671264526,0.398404453029139,0.396015149706282,0.93,0.92,1313027,1e+06,0.0389923330523164,0.0383247718985204,0.00627703465921961,0.00606815322343336,0.0255147016443461,0.0271293199325011,0,0,1.313027
2.5,"paired",5,5,0.53664724034191,0.640423020996715,0.646014615213531,0.103775780654805,0.109367374871621,0.140202778157653,0.127129487337017,4.74429580461475,-5.02264789543587,0.384287913769119,0.380098831503666,0.94,0.93,1316453,1e+06,0.0371874568864543,0.0365858474354101,0.00319574732692997,0.00375335091243428,0.0237486841740758,0.0255147016443461,0,0,1.316453
3,"paired",5,5,0.729307511349758,0.795150297157785,0.795049504747796,0.0658427858080263,0.0657419933980377,0.129607311794843,0.113092026218821,-13.0526430387369,-24.1319595557604,0.391152210659892,0.389737716513352,0.95,0.92,1319286,1e+06,0.0387513153196327,0.0386088227182314,0.00222251640644419,0.00248967692182042,0.0217944947177034,0.0271293199325011,0,0,1.319286
4,"paired",5,5,1.02706186684777,1.14330668693424,1.14128786569671,0.116244820086469,0.114225998848941,0.115034108073335,0.0980013771705175,17.5390698872196,0.135437334341049,0.329962364330015,0.331568570271268,0.91,0.89,1315376,1e+06,0.0310363592049741,0.0312839937094204,0.00161562369543348,0.00177516104295373,0.0286181760425084,0.031288975694324,0,0,1.315376
5,"paired",5,5,1.25479963118919,1.40489573102957,1.4000551458025,0.150096099840379,0.145255514613315,0.111460068682414,0.0949506140891842,-30.6609712302942,-40.9314614654461,0.4221583021258,0.424544708170993,0.88,0.85,1315419,1e+06,0.0396561983724869,0.040093205136095,0.00162555545883729,0.0017517924918724,0.0324961536185438,0.0357071421427143,0,0,1.315419
0.2,"paired",10,10,NA,-1.57026640584565,-2.1987416551267,NA,NA,7.31998058160008,0.381225179536807,152.291821585235,-86.860621567595,NA,NA,NA,NA,118174,1e+05,NA,NA,2.84279936352151,0.0300115547648982,NA,NA,0.9,0.9,0.118174
0.3,"paired",10,10,NA,-1.76120338127695,-2.42991879745242,NA,NA,7.08580929084387,0.417783447012365,167.657011230483,-84.2187865663569,NA,NA,NA,NA,239473,2e+05,NA,NA,1.79216878471906,0.0091687590450743,NA,NA,0.8,0.8,0.239473
0.4,"paired",10,10,NA,-1.34709961399119,-1.66106843445929,NA,NA,3.68299187385301,0.381785705725702,299.809375457865,-58.5550254268563,NA,NA,NA,NA,591537,490000,NA,NA,0.88473984374284,0.0102859532744086,NA,NA,0.51,0.51,0.591537
0.5,"paired",10,10,-1.84443972705697,-1.16984220577995,-1.40753222409283,0.674597521277017,0.436907502964138,3.34099384712519,0.345755894119766,304.346481490128,-58.1546133758677,0.883727381241289,1.00180477078268,0.639344262295082,0.622950819672131,759243,610000,0.0736989675009643,0.116384752195507,0.771582434808929,0.0113572817008726,0.0614821280929936,0.0620527401202028,0.39,0.39,0.759243
0.6,"paired",10,10,-1.26286432215413,-0.933151154696703,-1.02489826512072,0.329713167457425,0.237966057033412,0.945831314260348,0.320675861041719,152.854186281089,-14.2719926046219,0.544730872328695,0.652458663252067,0.88,0.893333333333333,967400,750000,0.0504065834494154,0.0706221830772974,0.285337459832668,0.0101578144318706,0.0375233260785874,0.0356443336102461,0.25,0.25,0.9674
0.7,"paired",10,10,-0.965510768280782,-0.970103003482232,-1.10544857710504,-0.00459223520145069,-0.139937808824262,1.39486104563139,0.320223749076356,142.601746895232,-44.3049605789951,0.516969267867513,0.766911564424641,0.922222222222222,0.877777777777778,1151420,9e+05,0.0547964707400529,0.0799276890407202,0.354334057832398,0.0105984761807275,0.0282308725928289,0.0345259887005079,0.1,0.1,1.15142
0.8,"paired",10,10,-0.757063866314888,-0.753302137299628,-0.822135381732146,0.00376172901525995,-0.065071515417258,0.79486646276767,0.270056633747672,65.4748028934416,-43.7797789532303,0.527040506396101,0.692558425524421,0.88659793814433,0.845360824742268,1311561,970000,0.0537894762764476,0.070371252908397,0.241201250813736,0.011130807181849,0.0321949657047084,0.0367108934552383,0.03,0.03,1.311561
0.9,"paired",10,10,-0.593721751187363,-0.580833808019094,-0.615330357215887,0.0128879431682688,-0.021608606028524,0.724856705142034,0.226127877521339,89.5680006007251,-40.8619533795907,0.478786036008431,0.615611486399447,0.929292929292929,0.909090909090909,1382521,990000,0.0483471681205963,0.0621478298775934,0.267856834902429,0.00989519002464441,0.0257626267676778,0.0288928057347149,0.01,0.01,1.382521
1,"paired",10,10,-0.458145365937078,-0.488952540969662,-0.51092162340763,-0.0308071750325847,-0.0527762574705523,0.402407570962379,0.199131955040738,49.4929000606192,-26.0232271908127,0.415512343354477,0.518891176995024,0.98989898989899,0.96969696969697,1391210,990000,0.0418575603887562,0.052144101767013,0.201163777530921,0.00935428608223984,0.0100498654174362,0.0172283407156049,0.01,0.01,1.39121
1.2,"paired",10,10,-0.2390179004715,-0.176489632061637,-0.183686843753268,0.0625282684098635,0.0553310567182316,0.102693495215654,0.127615278546478,53.8744114378457,91.2168422700906,0.272460579233218,0.26293089289297,0.94,0.96,1451431,1e+06,0.0266524550929641,0.0258337983535739,0.00360344590404926,0.00507432455138785,0.0237486841740758,0.0195959179422654,0,0,1.451431
1.4,"paired",10,10,-0.0639166857549427,-0.042551683542281,-0.0580642533449513,0.0213650022126617,0.00585243240999141,0.0854075508165085,0.102945990044429,8.88220403127913,31.2411629306775,0.282933839622634,0.27872956279454,0.92,0.96,1456615,1e+06,0.0283547324331254,0.0280071993288814,0.00186404992636392,0.00262488565213361,0.0271293199325011,0.0195959179422654,0,0,1.456615
1.6,"paired",10,10,0.0827572192387867,0.0915994873940265,0.070271881030745,0.00884226815523988,-0.0124853382080416,0.0765705894772012,0.0916636320238376,6.55954239271113,27.5637911266478,0.269634463928576,0.267010122916505,0.95,0.98,1456500,1e+06,0.0270847078312142,0.0268061733560975,0.00164727627916606,0.00221756930037681,0.0217944947177034,0.014,0,0,1.4565
1.8,"paired",10,10,0.209355167429093,0.19439665141423,0.1703047079634,-0.0149585160148625,-0.0390504594656927,0.0698747594065425,0.0830631722981826,6.47835722436556,26.5754645493177,0.256272759261582,0.257860703922521,0.98,0.98,1456919,1e+06,0.0257124679771613,0.0256170721647164,0.0012972305584165,0.00168714268843262,0.014,0.014,0,0,1.456919
2,"paired",10,10,0.320926943086197,0.393967847688289,0.367487486714421,0.0730409046020916,0.0465605436282243,0.0620632674034915,0.0735619217789114,-9.88164111481032,6.81486722343012,0.269902897377951,0.265231625238717,0.9,0.94,1456238,1e+06,0.0261140854186342,0.0262428308254943,0.00082265516251971,0.00109760535055137,0.03,0.0237486841740758,0,0,1.456238
2.5,"paired",10,10,0.553455545741402,0.584663232301548,0.553465642939598,0.0312076865601462,1.00971981960019e-05,0.0558752428835452,0.0674455426303695,-4.04021516463721,15.8305436345676,0.237899123067712,0.240094757297014,0.94,0.96,1456787,1e+06,0.0237031458202762,0.0241304310115593,0.000598156150816973,0.000947654621560984,0.0237486841740758,0.0195959179422654,0,0,1.456787
3,"paired",10,10,0.740802270462108,0.750015242742679,0.717588017972181,0.00921297228057194,-0.0232142524899265,0.0535684004491862,0.0652078124643427,-6.3517521224574,13.9962614901236,0.23537029124716,0.239099552006909,0.94,0.95,1457313,1e+06,0.0236374756261123,0.0239168792623301,0.000484283359915801,0.000838238045824271,0.0237486841740758,0.0217944947177034,0,0,1.457313
4,"paired",10,10,1.03343137973649,1.10612775306371,1.07463341583422,0.0726963733272208,0.0412020360977272,0.0490051718887152,0.0596199324607474,-17.3676375311135,0.530937441757762,0.250375829145798,0.245783679026159,0.91,0.94,1455705,1e+06,0.024079685290553,0.0243526301852542,0.000523901491310869,0.000825022002873772,0.0286181760425084,0.0237486841740758,0,0,1.455705
5,"paired",10,10,1.2588482363055,1.29234744005579,1.25940403083828,0.0334992037502981,0.00055579453278698,0.0484832783183915,0.0595334545611705,17.4762303705776,44.2510916208278,0.202619823330468,0.202134398723871,0.94,0.96,1456408,1e+06,0.0200838133111426,0.0203151946516971,0.000481572064062052,0.000811446989392106,0.0237486841740758,0.0195959179422654,0,0,1.456408
0.2,"paired",20,20,NA,-2.01130568054265,-2.50625192056469,NA,NA,5.02865546770116,0.356772900941565,320.440160739051,-70.1706237815131,NA,NA,NA,NA,189386,160000,NA,NA,1.42037362258297,0.0197203837001336,NA,NA,0.84,0.84,0.189386
0.3,"paired",20,20,NA,-1.73795880681267,-2.04502599086033,NA,NA,3.38841154560105,0.336310631215399,197.121502634656,-70.5097451257198,NA,NA,NA,NA,576776,480000,NA,NA,0.8932592704989,0.00924404111406786,NA,NA,0.52,0.52,0.576776
0.4,"paired",20,20,-1.75327894865999,-1.47585934704993,-1.66568364879826,0.277419601610056,0.0875952998617333,2.5776574769888,0.283820827239408,199.031875562841,-67.0741845839255,0.670552008420818,0.926380319997817,0.733333333333333,0.653333333333333,978237,750000,0.0709661473006586,0.107207021295967,0.629624872670475,0.011714328058804,0.051062779080338,0.0549531787238177,0.25,0.25,0.978237
0.5,"paired",20,20,-1.29513358272291,-1.34455278260129,-1.46382738805411,-0.0494191998783773,-0.168693805331198,1.74808370696343,0.264549692843,184.276304606668,-56.9784852025908,0.535252333426729,0.797887436684406,0.912087912087912,0.857142857142857,1208717,910000,0.0561795537265352,0.0822034577308503,0.485384352076246,0.0101122691039491,0.0296839677583607,0.0366823279295068,0.09,0.09,1.208717
0.6,"paired",20,20,-1.02011041426328,-1.13428993427173,-1.17403287510319,-0.114179520008457,-0.153922460839909,0.865430972788386,0.225616791301241,114.83664873558,-43.9923496319268,0.482868830095819,0.649933602227524,0.959183673469388,0.928571428571429,1363294,980000,0.0476375214119679,0.064113427462297,0.325485640609157,0.00935487347671298,0.0199873311965045,0.0260154056815958,0.02,0.02,1.363294
0.7,"paired",20,20,-0.817377860209195,-0.910701393753993,-0.928461869264415,-0.0933235335447979,-0.11108400905522,0.583071448764245,0.173000083555671,70.461359790255,-49.4233004390321,0.457117544183237,0.592401439714378,0.96969696969697,0.939393939393939,1426993,990000,0.0452033012257104,0.0587800994287692,0.283628093647094,0.00914454887508839,0.0172283407156049,0.0239808353667596,0.01,0.01,1.426993
0.8,"paired",20,20,-0.654666659991881,-0.650007597418614,-0.644866507834707,0.00465906257326687,0.00980015215717411,0.0975277124055875,0.111936509862889,21.1336212239512,39.0299685331849,0.280332760607022,0.282494995660978,0.96,0.96,1482807,1e+06,0.0281706111287741,0.0283747254854682,0.0123390772776428,0.00608555154995218,0.0195959179422654,0.0195959179422654,0,0,1.482807
0.9,"paired",20,20,-0.51781874475336,-0.538867164680544,-0.538557471075424,-0.021048419927184,-0.0207387263220632,0.0701626575020494,0.0878739154250804,8.03933469918305,35.3118553079414,0.263945626930056,0.254406069536227,0.98,0.98,1492390,1e+06,0.0264430506793945,0.0254836753940635,0.00333705649409761,0.00441716889584967,0.014,0.014,0,0,1.49239
1,"paired",20,20,-0.399253848108886,-0.387271897644237,-0.395009949055303,0.0119819504646488,0.00424389905358308,0.059161885800886,0.068920215778684,-9.19031680232315,5.78809103282671,0.256097925823185,0.253999668710246,0.93,0.94,1493906,1e+06,0.0257106236097852,0.0255243636879378,0.00492051129657572,0.00346538430253854,0.0255147016443461,0.0237486841740758,0,0,1.493906
1.2,"paired",20,20,-0.200238783298563,-0.195646939388228,-0.209007431876497,0.00459184391033507,-0.00876864857793488,0.0434402299828579,0.0519308752922347,12.3430445819215,34.3011452848184,0.199924058254643,0.195851217535399,0.96,0.98,1496879,1e+06,0.0200878233478301,0.0196640497006195,0.00121064507151979,0.00170633828475843,0.0195959179422654,0.014,0,0,1.496879
1.4,"paired",20,20,-0.0362853464174178,-0.0132227004089741,-0.0304830738860229,0.0230626460084437,0.00580227253139485,0.0357623070006873,0.0426364707568083,17.3797926852685,39.9423168692526,0.174580962542139,0.173770451291021,0.95,0.98,1497093,1e+06,0.0173922735780701,0.0174548489327816,0.000460742777637861,0.000552034748942302,0.0217944947177034,0.014,0,0,1.497093
1.6,"paired",20,20,0.103507084692163,0.127968640701162,0.109037826337993,0.0244615560089988,0.00553074164582942,0.0321684921446096,0.0387431789843232,-12.2943012994594,5.63123591323071,0.19166108858008,0.190634673669529,0.96,0.98,1497115,1e+06,0.0191051331494914,0.0191514405138862,0.000338567929561736,0.000413646080993094,0.0195959179422654,0.014,0,0,1.497115
1.8,"paired",20,20,0.225537809680109,0.233443808962226,0.213162501020877,0.00790599928211763,-0.0123753086592313,0.0300330597245478,0.0363555450416331,7.04404552233504,29.5786927512086,0.166199143163977,0.167120650395767,0.97,0.97,1497146,1e+06,0.0166847327429888,0.0167501435315101,0.000272533528312352,0.000321804761100088,0.017058722109232,0.017058722109232,0,0,1.497146
2,"paired",20,20,0.333914686287828,0.341260964347661,0.320013039841368,0.00734627805983334,-0.0139016464464594,0.0283196073974984,0.0347802335087939,-10.0115790909606,10.5177147540714,0.175724440000626,0.177056014528349,0.95,0.98,1497144,1e+06,0.0176455308137501,0.0177398645146286,0.000222001557360994,0.000319453571777089,0.0217944947177034,0.014,0,0,1.497144
2.5,"paired",20,20,0.561652450629241,0.590813138231242,0.568479093287214,0.0291606876020007,0.0068266426579735,0.0256724541547121,0.031958639698507,22.4149500809161,52.3896102713901,0.146179768888134,0.144251697178968,0.98,0.98,1497110,1e+06,0.0143963305968643,0.0144815972000667,0.000138568827743224,0.000241239454832049,0.014,0.014,0,0,1.49711
3,"paired",20,20,0.746452048089074,0.755833641195102,0.732911757725651,0.00938159310602782,-0.0135402903634235,0.0244955621807678,0.0307253783152214,-11.1954918167081,11.3896504964106,0.164217725054956,0.165804688483247,0.95,0.96,1497203,1e+06,0.0164775472986722,0.0166083389240821,0.000164302366568727,0.000286855873908384,0.0217944947177034,0.0195959179422654,0,0,1.497203
4,"paired",20,20,1.03658596433312,1.05438092988906,1.03115341099937,0.0177949655559426,-0.00543255333375448,0.0230968183341101,0.0292578621645927,-7.55409945515235,17.1057145922266,0.156971559521225,0.157365233505619,0.95,0.96,1497211,1e+06,0.0156745337112313,0.0158063738839472,0.000156738508033958,0.000281947281139119,0.0217944947177034,0.0195959179422654,0,0,1.497211
5,"paired",20,20,1.26086031145536,1.26198956643569,1.23869022407905,0.00112925498032856,-0.0221700873763115,0.0225857871227703,0.0287275618651793,-7.8377247006153,17.2240511657676,0.154050543705072,0.157330829158446,0.95,0.98,1497091,1e+06,0.015482246202177,0.0156545656132485,0.000161596967623907,0.000304704695984436,0.0217944947177034,0.014,0,0,1.497091
0.2,"paired",100,100,-2.30258509299405,-2.23461413177241,-2.34876816253736,0.0679709612216395,-0.0461830695433121,1.68613741408628,0.243146111879918,92.9510388267134,-72.1758769588006,0.586543321207942,0.930375032369487,0.880952380952381,0.80952380952381,1099765,840000,0.0639477399663052,0.10199603257959,0.477809296433804,0.00946063321301247,0.0353343356967062,0.0428445433734494,0.16,0.16,1.099765
0.3,"paired",100,100,-1.67620360874636,-1.73549148790559,-1.72257909021203,-0.0592878791592319,-0.0463754814656709,0.32546621874074,0.135072601659378,2.81454625995601,-57.3306615184441,0.414333704594554,0.561730991281323,0.95,0.94,1393663,1e+06,0.0412135809414647,0.0562633617157994,0.19922995206612,0.00813221390256482,0.0217944947177034,0.0237486841740758,0,0,1.393663
0.4,"paired",100,100,-1.32963001846639,-1.32523449926087,-1.3057160866691,0.00439551920551873,0.0239139317972845,0.0424516988698973,0.0510779539079634,54.983986000889,86.4769868854252,0.174887068196481,0.166400086117893,0.96,0.96,1203945,1e+06,0.0175712592562757,0.0165502334586472,0.00166804212992347,0.00254261143443164,0.0195959179422654,0.0195959179422654,0,0,1.203945
0.5,"paired",100,100,-1.08141157530944,-1.10801036871423,-1.10007020463913,-0.0265987934047853,-0.01865862932969,0.0262224319631588,0.0284671055745641,14.6067714014372,24.4172571647179,0.157034004273903,0.151656494358725,0.96,0.96,1029962,1e+06,0.0155544604300424,0.0151262524592766,0.000820082619395938,0.00104896080610986,0.0195959179422654,0.0195959179422654,0,0,1.029962
0.6,"paired",100,100,-0.885978420965938,-0.907638327398549,-0.904742343916936,-0.0216599064326114,-0.018763922950998,0.0182807891344814,0.0191090165975032,-2.95583647282418,1.44083594475679,0.140267548556955,0.137845226779072,0.98,0.98,1e+06,1e+06,0.0139283279509848,0.0137250128300294,0.000459871073319724,0.000517801068915813,0.014,0.014,0,0,1
0.7,"paired",100,100,-0.724084882418989,-0.726523211972598,-0.726030992841907,-0.00243832955360901,-0.00194611042291759,0.013538462829895,0.0139735778116008,17.4416485819696,21.2161258927464,0.107484752999539,0.106847227239641,0.97,0.97,1e+06,1e+06,0.0107998441236226,0.0107367689885433,0.000206921562811974,0.000219189357678421,0.017058722109232,0.017058722109232,0,0,1
0.8,"paired",100,100,-0.585591490751473,-0.602185636448917,-0.602890991837591,-0.0165941456974438,-0.0172995010861184,0.011508252406927,0.011836109642922,37.5721039968354,41.4913793282714,0.0931227382061868,0.092632994449933,0.97,0.97,1e+06,1e+06,0.00920939282241098,0.00914617484925023,0.00014818307595502,0.000154052510796899,0.017058722109232,0.017058722109232,0,0,1
0.9,"paired",100,100,-0.464434757040508,-0.476003826045326,-0.477301217489292,-0.011569069004818,-0.0128664604487838,0.00982045672592455,0.0101005012036164,-22.8732788089595,-20.6738991920208,0.113185583182157,0.113009300371231,0.89,0.9,1e+06,1e+06,0.0113159996155648,0.0112840086033625,0.000118487259875168,0.000125181008459731,0.031288975694324,0.03,0,0,1
1,"paired",100,100,-0.356674943938733,-0.361842933251885,-0.36388656291571,-0.0051679893131521,-0.00721161897697731,0.00862915277097855,0.00888835992972298,2.00103925591906,5.06500164900887,0.0919198831494299,0.0918001975735103,0.98,0.98,1e+06,1e+06,0.00922368317757296,0.00919775380257551,8.74982136031995e-05,9.15200207473805e-05,0.014,0.014,0,0,1
1.2,"paired",100,100,-0.171245154473388,-0.190497383945601,-0.1933398643596,-0.0192522294722127,-0.0220947098862122,0.00724956255317837,0.00746513001431552,18.3896855549587,21.910030921,0.0804131517121605,0.0809346418452467,0.96,0.96,1e+06,1e+06,0.0078467818975552,0.00782526344195418,4.93616031645424e-05,5.22487805093034e-05,0.0195959179422654,0.0195959179422654,0,0,1
1.4,"paired",100,100,-0.0152296037423545,-0.0175552212616231,-0.0207143314875547,-0.00232561751926856,-0.00548472774520021,0.00633249375106596,0.00652108677338792,-4.90328421910374,-2.07113345085501,0.0811190595281176,0.0813787185150237,0.95,0.94,1e+06,1e+06,0.00814942107498302,0.00816027182449094,3.12702118329258e-05,3.34719971483375e-05,0.0217944947177034,0.0237486841740758,0,0,1
1.6,"paired",100,100,0.11950845023525,0.128930389254854,0.125619049642253,0.00942193901960389,0.00611059940700298,0.00576889940666576,0.00595337902879041,-10.7536930494046,-7.89974746608539,0.0804872813603748,0.0802291688315887,0.95,0.95,1e+06,1e+06,0.00803365994928573,0.00803991312725988,2.29653840714034e-05,2.40115818545073e-05,0.0217944947177034,0.0217944947177034,0,0,1
1.8,"paired",100,100,0.238117089498186,0.24554584691108,0.242097383023128,0.00742875741289434,0.00398029352494209,0.00545957431657871,0.00564586069424303,-6.16277008895677,-2.96094580073327,0.0761818291824671,0.0759986437681597,0.97,0.97,1e+06,1e+06,0.00762007228477006,0.0076276683478503,1.74791306192034e-05,2.03404367954243e-05,0.017058722109232,0.017058722109232,0,0,1
2,"paired",100,100,0.3440673193682,0.351688313545689,0.347997613428873,0.00762099417748924,0.00393029406067302,0.00518639246554131,0.00536766850827725,-9.44972748492486,-6.28479247870374,0.0755100682813724,0.0754043071695732,0.94,0.94,1e+06,1e+06,0.00755029657562141,0.00756811648660004,1.40833444014346e-05,1.60113315149564e-05,0.0237486841740758,0.0237486841740758,0,0,1
2.5,"paired",100,100,0.568114576119708,0.585484317273643,0.581512043256812,0.0173697411539346,0.013397467137104,0.00478669077657738,0.00497087080867992,-15.1007226945173,-11.8340083088459,0.0765359818449248,0.0759025242962731,0.9,0.93,1e+06,1e+06,0.00749144199225711,0.00750871619368709,1.3147484625302e-05,1.72408594186861e-05,0.03,0.0255147016443461,0,0,1
3,"paired",100,100,0.750926350877081,0.767676868955589,0.76357005585227,0.0167505180785076,0.0126437049751891,0.00458789179258246,0.00476981194469275,19.7783763452393,24.5278563742753,0.0637716287478658,0.0628639589736585,0.98,0.98,1e+06,1e+06,0.00618424258385224,0.00618895567498192,9.75784863593398e-06,1.23146898749472e-05,0.014,0.014,0,0,1
4,"paired",100,100,1.03909537988909,1.03483742429139,1.03069295638703,-0.00425795559769759,-0.00840242350206188,0.0044047218903228,0.00458188208318749,0.909960246097774,4.96861104501498,0.0657789324106207,0.0662718100405971,0.95,0.96,1e+06,1e+06,0.00659716633629759,0.00660681625778492,1.26646693167225e-05,1.48300129124687e-05,0.0217944947177034,0.0195959179422654,0,0,1
5,"paired",100,100,1.26246416206874,1.26678703442478,1.26253491097665,0.00432287235603734,7.07489079068147e-05,0.0043111168927905,0.00448999296713421,-16.9427943626867,-13.4965999634567,0.0718047810541447,0.0716843002596205,0.92,0.92,1e+06,1e+06,0.00720356207959762,0.00720453974325607,1.37887198991847e-05,1.64600152358348e-05,0.0271293199325011,0.0271293199325011,0,0,1
